id,section,topic,status,reason,duplicate_of
TCS_LOG_001,Logical Reasoning,Series,KEPT,curated_representative,
TCS_LOG_002,Logical Reasoning,Series,KEPT,curated_representative,
TCS_LOG_004,Logical Reasoning,Series,KEPT,curated_representative,
TCS_LOG_005,Logical Reasoning,Series,KEPT,curated_representative,
TCS_LOG_006,Logical Reasoning,Series,KEPT,curated_representative,
TCS_LOG_007,Logical Reasoning,Series,KEPT,curated_representative,
TCS_LOG_008,Logical Reasoning,Series,KEPT,curated_representative,
TCS_LOG_009,Logical Reasoning,Series,KEPT,curated_representative,
TCS_LOG_010,Logical Reasoning,Series,KEPT,curated_representative,
TCS_LOG_011,Logical Reasoning,Series,KEPT,curated_representative,
TCS_LOG_012,Logical Reasoning,Series,KEPT,curated_representative,
TCS_LOG_013,Logical Reasoning,Series,KEPT,curated_representative,
TCS_LOG_014,Logical Reasoning,Series,KEPT,curated_representative,
TCS_LOG_015,Logical Reasoning,Series,KEPT,curated_representative,
TCS_LOG_016,Logical Reasoning,Series,KEPT,curated_representative,
TCS_LOG_017,Logical Reasoning,Series,KEPT,curated_representative,
TCS_LOG_018,Logical Reasoning,Series,KEPT,curated_representative,
TCS_LOG_020,Logical Reasoning,Series,KEPT,curated_representative,
TCS_LOG_021,Logical Reasoning,Series,KEPT,curated_representative,
TCS_LOG_022,Logical Reasoning,Series,KEPT,curated_representative,
TCS_LOG_023,Logical Reasoning,Series,KEPT,curated_representative,
TCS_LOG_024,Logical Reasoning,Series,KEPT,curated_representative,
TCS_LOG_025,Logical Reasoning,Series,KEPT,curated_representative,
TCS_LOG_026,Logical Reasoning,Coding-Decoding,KEPT,curated_representative,
TCS_LOG_028,Logical Reasoning,Coding-Decoding,KEPT,curated_representative,
TCS_LOG_029,Logical Reasoning,Coding-Decoding,KEPT,curated_representative,
TCS_LOG_030,Logical Reasoning,Coding-Decoding,KEPT,curated_representative,
TCS_LOG_031,Logical Reasoning,Coding-Decoding,KEPT,curated_representative,
TCS_LOG_032,Logical Reasoning,Coding-Decoding,KEPT,curated_representative,
TCS_LOG_033,Logical Reasoning,Coding-Decoding,KEPT,curated_representative,
TCS_LOG_034,Logical Reasoning,Coding-Decoding,KEPT,curated_representative,
TCS_LOG_035,Logical Reasoning,Coding-Decoding,KEPT,curated_representative,
TCS_LOG_036,Logical Reasoning,Coding-Decoding,KEPT,curated_representative,
TCS_LOG_037,Logical Reasoning,Coding-Decoding,KEPT,curated_representative,
TCS_LOG_038,Logical Reasoning,Coding-Decoding,KEPT,curated_representative,
TCS_LOG_039,Logical Reasoning,Coding-Decoding,KEPT,curated_representative,
TCS_LOG_040,Logical Reasoning,Coding-Decoding,KEPT,curated_representative,
TCS_LOG_041,Logical Reasoning,Coding-Decoding,KEPT,curated_representative,
TCS_LOG_043,Logical Reasoning,Coding-Decoding,KEPT,curated_representative,
TCS_LOG_044,Logical Reasoning,Coding-Decoding,KEPT,curated_representative,
TCS_LOG_045,Logical Reasoning,Coding-Decoding,KEPT,curated_representative,
TCS_LOG_046,Logical Reasoning,Blood Relations,KEPT,curated_representative,
TCS_LOG_047,Logical Reasoning,Blood Relations,KEPT,curated_representative,
TCS_LOG_048,Logical Reasoning,Blood Relations,KEPT,curated_representative,
TCS_LOG_050,Logical Reasoning,Blood Relations,KEPT,curated_representative,
TCS_LOG_051,Logical Reasoning,Blood Relations,KEPT,curated_representative,
TCS_LOG_052,Logical Reasoning,Blood Relations,KEPT,curated_representative,
TCS_LOG_053,Logical Reasoning,Blood Relations,KEPT,curated_representative,
TCS_LOG_054,Logical Reasoning,Blood Relations,KEPT,curated_representative,
TCS_LOG_055,Logical Reasoning,Blood Relations,KEPT,curated_representative,
TCS_LOG_056,Logical Reasoning,Blood Relations,KEPT,curated_representative,
TCS_LOG_057,Logical Reasoning,Blood Relations,KEPT,curated_representative,
TCS_LOG_058,Logical Reasoning,Blood Relations,KEPT,curated_representative,
TCS_LOG_059,Logical Reasoning,Blood Relations,KEPT,curated_representative,
TCS_LOG_060,Logical Reasoning,Blood Relations,KEPT,curated_representative,
TCS_LOG_061,Logical Reasoning,Syllogisms,KEPT,curated_representative,
TCS_LOG_062,Logical Reasoning,Syllogisms,KEPT,curated_representative,
TCS_LOG_063,Logical Reasoning,Syllogisms,KEPT,curated_representative,
TCS_LOG_064,Logical Reasoning,Syllogisms,KEPT,curated_representative,
TCS_LOG_065,Logical Reasoning,Syllogisms,KEPT,curated_representative,
TCS_LOG_066,Logical Reasoning,Syllogisms,KEPT,curated_representative,
TCS_LOG_067,Logical Reasoning,Syllogisms,KEPT,curated_representative,
TCS_LOG_068,Logical Reasoning,Syllogisms,KEPT,curated_representative,
TCS_LOG_069,Logical Reasoning,Syllogisms,KEPT,curated_representative,
TCS_LOG_070,Logical Reasoning,Syllogisms,KEPT,curated_representative,
TCS_LOG_071,Logical Reasoning,Syllogisms,KEPT,curated_representative,
TCS_LOG_072,Logical Reasoning,Syllogisms,KEPT,curated_representative,
TCS_LOG_074,Logical Reasoning,Syllogisms,KEPT,curated_representative,
TCS_LOG_075,Logical Reasoning,Syllogisms,KEPT,curated_representative,
TCS_LOG_076,Logical Reasoning,Seating Arrangement,KEPT,curated_representative,
TCS_LOG_077,Logical Reasoning,Seating Arrangement,KEPT,curated_representative,
TCS_LOG_078,Logical Reasoning,Seating Arrangement,KEPT,curated_representative,
TCS_LOG_079,Logical Reasoning,Seating Arrangement,KEPT,curated_representative,
TCS_LOG_080,Logical Reasoning,Seating Arrangement,KEPT,curated_representative,
TCS_LOG_081,Logical Reasoning,Seating Arrangement,KEPT,curated_representative,
TCS_LOG_082,Logical Reasoning,Seating Arrangement,KEPT,curated_representative,
TCS_LOG_083,Logical Reasoning,Seating Arrangement,KEPT,curated_representative,
TCS_LOG_084,Logical Reasoning,Seating Arrangement,KEPT,curated_representative,
TCS_LOG_085,Logical Reasoning,Seating Arrangement,KEPT,curated_representative,
TCS_LOG_086,Logical Reasoning,Direction Sense,KEPT,curated_representative,
TCS_LOG_087,Logical Reasoning,Direction Sense,KEPT,curated_representative,
TCS_LOG_088,Logical Reasoning,Direction Sense,KEPT,curated_representative,
TCS_LOG_089,Logical Reasoning,Direction Sense,KEPT,curated_representative,
TCS_LOG_090,Logical Reasoning,Direction Sense,KEPT,curated_representative,
TCS_LOG_091,Logical Reasoning,Direction Sense,KEPT,curated_representative,
TCS_LOG_092,Logical Reasoning,Direction Sense,KEPT,curated_representative,
TCS_LOG_094,Logical Reasoning,Direction Sense,KEPT,curated_representative,
TCS_LOG_095,Logical Reasoning,Direction Sense,KEPT,curated_representative,
TCS_LOG_096,Logical Reasoning,Direction Sense,KEPT,curated_representative,
TCS_LOG_097,Logical Reasoning,Direction Sense,KEPT,curated_representative,
TCS_LOG_098,Logical Reasoning,Direction Sense,KEPT,curated_representative,
TCS_LOG_099,Logical Reasoning,Direction Sense,KEPT,curated_representative,
TCS_LOG_100,Logical Reasoning,Direction Sense,KEPT,curated_representative,
TCS_LOG_102,Logical Reasoning,Analogies,KEPT,curated_representative,
TCS_LOG_103,Logical Reasoning,Analogies,KEPT,curated_representative,
TCS_LOG_105,Logical Reasoning,Analogies,KEPT,curated_representative,
TCS_LOG_106,Logical Reasoning,Analogies,KEPT,curated_representative,
TCS_LOG_107,Logical Reasoning,Analogies,KEPT,curated_representative,
TCS_LOG_108,Logical Reasoning,Analogies,KEPT,curated_representative,
TCS_LOG_109,Logical Reasoning,Analogies,KEPT,curated_representative,
TCS_LOG_110,Logical Reasoning,Analogies,KEPT,curated_representative,
TCS_LOG_111,Logical Reasoning,Analogies,KEPT,curated_representative,
TCS_LOG_112,Logical Reasoning,Analogies,KEPT,curated_representative,
TCS_LOG_113,Logical Reasoning,Analogies,KEPT,curated_representative,
TCS_LOG_114,Logical Reasoning,Analogies,KEPT,curated_representative,
TCS_LOG_115,Logical Reasoning,Analogies,KEPT,curated_representative,
TCS_LOG_116,Logical Reasoning,Analogies,KEPT,curated_representative,
TCS_LOG_117,Logical Reasoning,Analogies,KEPT,curated_representative,
TCS_LOG_118,Logical Reasoning,Analogies,KEPT,curated_representative,
TCS_LOG_119,Logical Reasoning,Analogies,KEPT,curated_representative,
TCS_LOG_120,Logical Reasoning,Analogies,KEPT,curated_representative,
TCS_LOG_121,Logical Reasoning,Classification,KEPT,curated_representative,
TCS_LOG_122,Logical Reasoning,Classification,KEPT,curated_representative,
TCS_LOG_123,Logical Reasoning,Classification,KEPT,curated_representative,
TCS_LOG_124,Logical Reasoning,Classification,KEPT,curated_representative,
TCS_LOG_125,Logical Reasoning,Classification,KEPT,curated_representative,
TCS_LOG_127,Logical Reasoning,Classification,KEPT,curated_representative,
TCS_LOG_128,Logical Reasoning,Classification,KEPT,curated_representative,
TCS_LOG_129,Logical Reasoning,Classification,KEPT,curated_representative,
TCS_LOG_130,Logical Reasoning,Classification,KEPT,curated_representative,
TCS_LOG_131,Logical Reasoning,Classification,KEPT,curated_representative,
TCS_LOG_132,Logical Reasoning,Classification,KEPT,curated_representative,
TCS_LOG_133,Logical Reasoning,Classification,KEPT,curated_representative,
TCS_LOG_134,Logical Reasoning,Classification,KEPT,curated_representative,
TCS_LOG_135,Logical Reasoning,Classification,KEPT,curated_representative,
TCS_LOG_136,Logical Reasoning,Statement and Conclusions,KEPT,curated_representative,
TCS_LOG_137,Logical Reasoning,Statement and Conclusions,KEPT,curated_representative,
TCS_LOG_138,Logical Reasoning,Statement and Conclusions,KEPT,curated_representative,
TCS_LOG_139,Logical Reasoning,Statement and Conclusions,KEPT,curated_representative,
TCS_LOG_140,Logical Reasoning,Statement and Conclusions,KEPT,curated_representative,
TCS_LOG_141,Logical Reasoning,Statement and Conclusions,KEPT,curated_representative,
TCS_LOG_142,Logical Reasoning,Statement and Conclusions,KEPT,curated_representative,
TCS_LOG_143,Logical Reasoning,Statement and Conclusions,KEPT,curated_representative,
TCS_LOG_144,Logical Reasoning,Statement and Conclusions,KEPT,curated_representative,
TCS_LOG_145,Logical Reasoning,Statement and Conclusions,KEPT,curated_representative,
TCS_LOG_146,Logical Reasoning,Statement and Assumptions,KEPT,curated_representative,
TCS_LOG_147,Logical Reasoning,Statement and Assumptions,KEPT,curated_representative,
TCS_LOG_148,Logical Reasoning,Statement and Assumptions,KEPT,curated_representative,
TCS_LOG_149,Logical Reasoning,Statement and Assumptions,KEPT,curated_representative,
TCS_LOG_150,Logical Reasoning,Statement and Assumptions,KEPT,curated_representative,
TCS_LOG_151,Logical Reasoning,Statement and Assumptions,KEPT,curated_representative,
TCS_LOG_152,Logical Reasoning,Statement and Assumptions,KEPT,curated_representative,
TCS_LOG_153,Logical Reasoning,Statement and Assumptions,KEPT,curated_representative,
TCS_LOG_154,Logical Reasoning,Statement and Assumptions,KEPT,curated_representative,
TCS_LOG_155,Logical Reasoning,Statement and Assumptions,KEPT,curated_representative,
TCS_LOG_156,Logical Reasoning,Puzzles,KEPT,curated_representative,
TCS_LOG_157,Logical Reasoning,Puzzles,KEPT,curated_representative,
TCS_LOG_158,Logical Reasoning,Puzzles,KEPT,curated_representative,
TCS_LOG_159,Logical Reasoning,Puzzles,KEPT,curated_representative,
TCS_LOG_160,Logical Reasoning,Puzzles,KEPT,curated_representative,
TCS_LOG_161,Logical Reasoning,Puzzles,KEPT,curated_representative,
TCS_LOG_163,Logical Reasoning,Puzzles,KEPT,curated_representative,
TCS_LOG_164,Logical Reasoning,Puzzles,KEPT,curated_representative,
TCS_LOG_165,Logical Reasoning,Puzzles,KEPT,curated_representative,
TCS_LOG_166,Logical Reasoning,Puzzles,KEPT,curated_representative,
TCS_LOG_167,Logical Reasoning,Puzzles,KEPT,curated_representative,
TCS_LOG_168,Logical Reasoning,Puzzles,KEPT,curated_representative,
TCS_LOG_169,Logical Reasoning,Puzzles,KEPT,curated_representative,
TCS_LOG_170,Logical Reasoning,Puzzles,KEPT,curated_representative,
TCS_LOG_171,Logical Reasoning,Cause and Effect,KEPT,curated_representative,
TCS_LOG_172,Logical Reasoning,Cause and Effect,KEPT,curated_representative,
TCS_LOG_173,Logical Reasoning,Cause and Effect,KEPT,curated_representative,
TCS_LOG_174,Logical Reasoning,Cause and Effect,KEPT,curated_representative,
TCS_LOG_175,Logical Reasoning,Cause and Effect,KEPT,curated_representative,
TCS_LOG_176,Logical Reasoning,Cause and Effect,KEPT,curated_representative,
TCS_LOG_177,Logical Reasoning,Cause and Effect,KEPT,curated_representative,
TCS_LOG_178,Logical Reasoning,Cause and Effect,KEPT,curated_representative,
TCS_LOG_179,Logical Reasoning,Cause and Effect,KEPT,curated_representative,
TCS_LOG_180,Logical Reasoning,Cause and Effect,KEPT,curated_representative,
TCS_LOG_181,Logical Reasoning,Cubes and Dice,KEPT,curated_representative,
TCS_LOG_182,Logical Reasoning,Cubes and Dice,KEPT,curated_representative,
TCS_LOG_183,Logical Reasoning,Cubes and Dice,KEPT,curated_representative,
TCS_LOG_184,Logical Reasoning,Cubes and Dice,KEPT,curated_representative,
TCS_LOG_185,Logical Reasoning,Cubes and Dice,KEPT,curated_representative,
TCS_LOG_186,Logical Reasoning,Cubes and Dice,KEPT,curated_representative,
TCS_LOG_187,Logical Reasoning,Cubes and Dice,KEPT,curated_representative,
TCS_LOG_188,Logical Reasoning,Cubes and Dice,KEPT,curated_representative,
TCS_LOG_189,Logical Reasoning,Cubes and Dice,KEPT,curated_representative,
TCS_LOG_190,Logical Reasoning,Cubes and Dice,KEPT,curated_representative,
TCS_LOG_191,Logical Reasoning,Data Sufficiency,KEPT,curated_representative,
TCS_LOG_192,Logical Reasoning,Data Sufficiency,KEPT,curated_representative,
TCS_LOG_193,Logical Reasoning,Data Sufficiency,KEPT,curated_representative,
TCS_LOG_194,Logical Reasoning,Data Sufficiency,KEPT,curated_representative,
TCS_LOG_195,Logical Reasoning,Data Sufficiency,KEPT,curated_representative,
TCS_LOG_196,Logical Reasoning,Data Sufficiency,KEPT,curated_representative,
TCS_LOG_197,Logical Reasoning,Data Sufficiency,KEPT,curated_representative,
TCS_LOG_198,Logical Reasoning,Data Sufficiency,KEPT,curated_representative,
TCS_LOG_199,Logical Reasoning,Data Sufficiency,KEPT,curated_representative,
TCS_LOG_200,Logical Reasoning,Data Sufficiency,KEPT,curated_representative,
TCS_LOG_201,Logical Reasoning,Critical Reasoning,KEPT,curated_representative,
TCS_LOG_202,Logical Reasoning,Critical Reasoning,KEPT,curated_representative,
TCS_LOG_203,Logical Reasoning,Critical Reasoning,KEPT,curated_representative,
TCS_LOG_204,Logical Reasoning,Critical Reasoning,KEPT,curated_representative,
TCS_LOG_205,Logical Reasoning,Critical Reasoning,KEPT,curated_representative,
TCS_LOG_206,Logical Reasoning,Critical Reasoning,KEPT,curated_representative,
TCS_LOG_207,Logical Reasoning,Critical Reasoning,KEPT,curated_representative,
TCS_LOG_208,Logical Reasoning,Critical Reasoning,KEPT,curated_representative,
TCS_LOG_209,Logical Reasoning,Critical Reasoning,KEPT,curated_representative,
TCS_LOG_210,Logical Reasoning,Critical Reasoning,KEPT,curated_representative,
TCS_LOG_211,Logical Reasoning,Input-Output,KEPT,curated_representative,
TCS_LOG_212,Logical Reasoning,Input-Output,KEPT,curated_representative,
TCS_LOG_213,Logical Reasoning,Input-Output,KEPT,curated_representative,
TCS_LOG_214,Logical Reasoning,Input-Output,KEPT,curated_representative,
TCS_LOG_215,Logical Reasoning,Input-Output,KEPT,curated_representative,
TCS_LOG_216,Logical Reasoning,Input-Output,KEPT,curated_representative,
TCS_LOG_217,Logical Reasoning,Input-Output,KEPT,curated_representative,
TCS_LOG_218,Logical Reasoning,Input-Output,KEPT,curated_representative,
TCS_LOG_219,Logical Reasoning,Input-Output,KEPT,curated_representative,
TCS_LOG_220,Logical Reasoning,Input-Output,KEPT,curated_representative,
TCS_LOG_221,Logical Reasoning,Venn Diagrams,KEPT,curated_representative,
TCS_LOG_222,Logical Reasoning,Venn Diagrams,KEPT,curated_representative,
TCS_LOG_223,Logical Reasoning,Venn Diagrams,KEPT,curated_representative,
TCS_LOG_224,Logical Reasoning,Venn Diagrams,KEPT,curated_representative,
TCS_LOG_225,Logical Reasoning,Venn Diagrams,KEPT,curated_representative,
TCS_LOG_226,Logical Reasoning,Venn Diagrams,KEPT,curated_representative,
TCS_LOG_227,Logical Reasoning,Venn Diagrams,KEPT,curated_representative,
TCS_LOG_228,Logical Reasoning,Venn Diagrams,KEPT,curated_representative,
TCS_LOG_229,Logical Reasoning,Venn Diagrams,KEPT,curated_representative,
TCS_LOG_230,Logical Reasoning,Venn Diagrams,KEPT,curated_representative,
TCS_LOG_231,Logical Reasoning,Matrix Reasoning,KEPT,curated_representative,
TCS_LOG_232,Logical Reasoning,Matrix Reasoning,KEPT,curated_representative,
TCS_LOG_233,Logical Reasoning,Matrix Reasoning,KEPT,curated_representative,
TCS_LOG_234,Logical Reasoning,Matrix Reasoning,KEPT,curated_representative,
TCS_LOG_235,Logical Reasoning,Matrix Reasoning,KEPT,curated_representative,
TCS_LOG_236,Logical Reasoning,Matrix Reasoning,KEPT,curated_representative,
TCS_LOG_237,Logical Reasoning,Matrix Reasoning,KEPT,curated_representative,
TCS_LOG_238,Logical Reasoning,Matrix Reasoning,KEPT,curated_representative,
TCS_LOG_239,Logical Reasoning,Matrix Reasoning,KEPT,curated_representative,
TCS_LOG_240,Logical Reasoning,Matrix Reasoning,KEPT,curated_representative,
TCS_LOG_241,Logical Reasoning,Logical,KEPT,curated_representative,
TCS_LOG_242,Logical Reasoning,Logical,KEPT,curated_representative,
TCS_LOG_243,Logical Reasoning,Logical,KEPT,curated_representative,
TCS_LOG_244,Logical Reasoning,Logical,KEPT,curated_representative,
TCS_LOG_245,Logical Reasoning,Logical,KEPT,curated_representative,
TCS_LOG_246,Logical Reasoning,Logical,KEPT,curated_representative,
TCS_LOG_247,Logical Reasoning,Logical,KEPT,curated_representative,
TCS_LOG_248,Logical Reasoning,Logical,KEPT,curated_representative,
TCS_LOG_249,Logical Reasoning,Logical,KEPT,curated_representative,
TCS_LOG_251,Logical Reasoning,Logical,KEPT,curated_representative,
TCS_LOG_252,Logical Reasoning,Logical,KEPT,curated_representative,
TCS_LOG_253,Logical Reasoning,Logical,KEPT,curated_representative,
TCS_LOG_255,Logical Reasoning,Logical,KEPT,curated_representative,
TCS_LOG_256,Logical Reasoning,Logical,KEPT,curated_representative,
TCS_LOG_257,Logical Reasoning,Logical,KEPT,curated_representative,
TCS_LOG_258,Logical Reasoning,Logical,KEPT,curated_representative,
TCS_LOG_259,Logical Reasoning,Logical,KEPT,curated_representative,
TCS_LOG_260,Logical Reasoning,Logical,KEPT,curated_representative,
TCS_LOG_261,Logical Reasoning,Logical,KEPT,curated_representative,
TCS_LOG_262,Logical Reasoning,Logical,KEPT,curated_representative,
TCS_LOG_263,Logical Reasoning,Logical,KEPT,curated_representative,
TCS_LOG_264,Logical Reasoning,Logical,KEPT,curated_representative,
TCS_LOG_265,Logical Reasoning,Logical,KEPT,curated_representative,
TCS_LOG_266,Logical Reasoning,Logical,KEPT,curated_representative,
TCS_LOG_267,Logical Reasoning,Logical,KEPT,curated_representative,
TCS_LOG_268,Logical Reasoning,Logical,KEPT,curated_representative,
TCS_LOG_269,Logical Reasoning,Logical,KEPT,curated_representative,
TCS_LOG_270,Logical Reasoning,Logical,KEPT,curated_representative,
TCS_LOG_271,Logical Reasoning,Logical,KEPT,curated_representative,
TCS_LOG_272,Logical Reasoning,Logical,KEPT,curated_representative,
TCS_LOG_273,Logical Reasoning,Logical,KEPT,curated_representative,
TCS_LOG_274,Logical Reasoning,Logical,KEPT,curated_representative,
TCS_LOG_275,Logical Reasoning,Logical,KEPT,curated_representative,
TCS_LOG_276,Logical Reasoning,Logical,KEPT,curated_representative,
TCS_LOG_277,Logical Reasoning,Logical,KEPT,curated_representative,
TCS_LOG_278,Logical Reasoning,Logical,KEPT,curated_representative,
TCS_LOG_279,Logical Reasoning,Logical,KEPT,curated_representative,
TCS_LOG_280,Logical Reasoning,Logical,KEPT,curated_representative,
TCS_LOG_281,Logical Reasoning,Logical,KEPT,curated_representative,
TCS_LOG_282,Logical Reasoning,Logical,KEPT,curated_representative,
TCS_LOG_283,Logical Reasoning,Logical,KEPT,curated_representative,
TCS_LOG_284,Logical Reasoning,Logical,KEPT,curated_representative,
TCS_LOG_285,Logical Reasoning,Logical,KEPT,curated_representative,
TCS_LOG_286,Logical Reasoning,Logical,KEPT,curated_representative,
TCS_LOG_287,Logical Reasoning,Logical,KEPT,curated_representative,
TCS_LOG_288,Logical Reasoning,Logical,KEPT,curated_representative,
TCS_LOG_289,Logical Reasoning,Logical,KEPT,curated_representative,
TCS_LOG_290,Logical Reasoning,Logical,KEPT,curated_representative,
TCS_LOG_291,Logical Reasoning,Logical,KEPT,curated_representative,
TCS_LOG_292,Logical Reasoning,Logical,KEPT,curated_representative,
TCS_LOG_293,Logical Reasoning,Logical,KEPT,curated_representative,
TCS_LOG_294,Logical Reasoning,Logical,KEPT,curated_representative,
TCS_LOG_296,Logical Reasoning,Logical,KEPT,curated_representative,
TCS_LOG_297,Logical Reasoning,Logical,KEPT,curated_representative,
TCS_LOG_298,Logical Reasoning,Logical,KEPT,curated_representative,
TCS_LOG_299,Logical Reasoning,Logical,KEPT,curated_representative,
TCS_LOG_300,Logical Reasoning,Logical,KEPT,curated_representative,
TCS_LOG_301,Logical Reasoning,Logical,KEPT,curated_representative,
TCS_LOG_302,Logical Reasoning,Logical,KEPT,curated_representative,
TCS_LOG_303,Logical Reasoning,Logical,KEPT,curated_representative,
TCS_LOG_304,Logical Reasoning,Logical,KEPT,curated_representative,
TCS_LOG_305,Logical Reasoning,Logical,KEPT,curated_representative,
TCS_LOG_306,Logical Reasoning,Logical,KEPT,curated_representative,
TCS_LOG_307,Logical Reasoning,Logical,KEPT,curated_representative,
TCS_LOG_308,Logical Reasoning,Logical,KEPT,curated_representative,
TCS_LOG_309,Logical Reasoning,Logical,KEPT,curated_representative,
TCS_LOG_310,Logical Reasoning,Logical,KEPT,curated_representative,
TCS_LOG_311,Logical Reasoning,Logical,KEPT,curated_representative,
TCS_LOG_312,Logical Reasoning,Logical,KEPT,curated_representative,
TCS_LOG_313,Logical Reasoning,Logical,KEPT,curated_representative,
TCS_LOG_314,Logical Reasoning,Logical,KEPT,curated_representative,
TCS_LOG_315,Logical Reasoning,Logical,KEPT,curated_representative,
TCS_LOG_317,Logical Reasoning,Logical,KEPT,curated_representative,
TCS_LOG_318,Logical Reasoning,Logical,KEPT,curated_representative,
TCS_LOG_319,Logical Reasoning,Logical,KEPT,curated_representative,
TCS_LOG_320,Logical Reasoning,Logical,KEPT,curated_representative,
TCS_LOG_321,Logical Reasoning,Logical,KEPT,curated_representative,
TCS_LOG_322,Logical Reasoning,Logical,KEPT,curated_representative,
TCS_LOG_323,Logical Reasoning,Logical,KEPT,curated_representative,
TCS_LOG_324,Logical Reasoning,Logical,KEPT,curated_representative,
TCS_LOG_325,Logical Reasoning,Logical,KEPT,curated_representative,
TCS_LOG_326,Logical Reasoning,Logical,KEPT,curated_representative,
TCS_LOG_327,Logical Reasoning,Logical,KEPT,curated_representative,
TCS_LOG_332,Logical Reasoning,Logical,KEPT,curated_representative,
TCS_LOG_333,Logical Reasoning,Logical,KEPT,curated_representative,
TCS_LOG_334,Logical Reasoning,Logical,KEPT,curated_representative,
TCS_LOG_335,Logical Reasoning,Logical,KEPT,curated_representative,
TCS_LOG_336,Logical Reasoning,Logical,KEPT,curated_representative,
TCS_LOG_337,Logical Reasoning,Logical,KEPT,curated_representative,
TCS_LOG_338,Logical Reasoning,Logical,KEPT,curated_representative,
TCS_LOG_339,Logical Reasoning,Logical,KEPT,curated_representative,
TCS_LOG_340,Logical Reasoning,Logical,KEPT,curated_representative,
TCS_LOG_341,Logical Reasoning,Logical,KEPT,curated_representative,
TCS_LOG_343,Logical Reasoning,Logical,KEPT,curated_representative,
TCS_LOG_344,Logical Reasoning,Logical,KEPT,curated_representative,
TCS_LOG_345,Logical Reasoning,Logical,KEPT,curated_representative,
TCS_LOG_346,Logical Reasoning,Logical,KEPT,curated_representative,
TCS_LOG_347,Logical Reasoning,Logical,KEPT,curated_representative,
TCS_LOG_348,Logical Reasoning,Logical,KEPT,curated_representative,
TCS_LOG_349,Logical Reasoning,Logical,KEPT,curated_representative,
TCS_LOG_350,Logical Reasoning,Logical,KEPT,curated_representative,
TCS_LOG_351,Logical Reasoning,Logical,KEPT,curated_representative,
TCS_LOG_352,Logical Reasoning,Logical,KEPT,curated_representative,
TCS_LOG_353,Logical Reasoning,Logical,KEPT,curated_representative,
TCS_LOG_354,Logical Reasoning,Logical,KEPT,curated_representative,
TCS_LOG_355,Logical Reasoning,Logical,KEPT,curated_representative,
TCS_LOG_356,Logical Reasoning,Logical,KEPT,curated_representative,
TCS_LOG_357,Logical Reasoning,Logical,KEPT,curated_representative,
TCS_LOG_358,Logical Reasoning,Logical,KEPT,curated_representative,
TCS_LOG_359,Logical Reasoning,Logical,KEPT,curated_representative,
TCS_LOG_360,Logical Reasoning,Logical,KEPT,curated_representative,
TCS_LOG_361,Logical Reasoning,Logical,KEPT,curated_representative,
TCS_LOG_362,Logical Reasoning,Logical,KEPT,curated_representative,
TCS_LOG_363,Logical Reasoning,Logical,KEPT,curated_representative,
TCS_LOG_364,Logical Reasoning,Logical,KEPT,curated_representative,
TCS_LOG_365,Logical Reasoning,Logical,KEPT,curated_representative,
TCS_LOG_366,Logical Reasoning,Logical,KEPT,curated_representative,
TCS_LOG_367,Logical Reasoning,Logical,KEPT,curated_representative,
TCS_LOG_368,Logical Reasoning,Logical,KEPT,curated_representative,
TCS_LOG_369,Logical Reasoning,Logical,KEPT,curated_representative,
TCS_LOG_370,Logical Reasoning,Logical,KEPT,curated_representative,
TCS_LOG_371,Logical Reasoning,Logical,KEPT,curated_representative,
TCS_LOG_372,Logical Reasoning,Logical,KEPT,curated_representative,
TCS_LOG_373,Logical Reasoning,Logical,KEPT,curated_representative,
TCS_LOG_374,Logical Reasoning,Logical,KEPT,curated_representative,
TCS_LOG_375,Logical Reasoning,Logical,KEPT,curated_representative,
TCS_LOG_376,Logical Reasoning,Logical,KEPT,curated_representative,
TCS_LOG_377,Logical Reasoning,Logical,KEPT,curated_representative,
TCS_LOG_378,Logical Reasoning,Logical,KEPT,curated_representative,
TCS_LOG_379,Logical Reasoning,Logical,KEPT,curated_representative,
TCS_LOG_380,Logical Reasoning,Logical,KEPT,curated_representative,
TCS_LOG_382,Logical Reasoning,Logical,KEPT,curated_representative,
TCS_LOG_383,Logical Reasoning,Logical,KEPT,curated_representative,
TCS_LOG_384,Logical Reasoning,Logical,KEPT,curated_representative,
TCS_LOG_385,Logical Reasoning,Logical,KEPT,curated_representative,
TCS_LOG_386,Logical Reasoning,Logical,KEPT,curated_representative,
TCS_LOG_387,Logical Reasoning,Logical,KEPT,curated_representative,
TCS_LOG_389,Logical Reasoning,Logical,KEPT,curated_representative,
TCS_LOG_390,Logical Reasoning,Logical,KEPT,curated_representative,
TCS_LOG_391,Logical Reasoning,Logical,KEPT,curated_representative,
TCS_LOG_392,Logical Reasoning,Logical,KEPT,curated_representative,
TCS_LOG_393,Logical Reasoning,Logical,KEPT,curated_representative,
TCS_LOG_394,Logical Reasoning,Logical,KEPT,curated_representative,
TCS_LOG_395,Logical Reasoning,Logical,KEPT,curated_representative,
TCS_LOG_397,Logical Reasoning,Logical,KEPT,curated_representative,
TCS_LOG_398,Logical Reasoning,Logical,KEPT,curated_representative,
TCS_LOG_399,Logical Reasoning,Logical,KEPT,curated_representative,
TCS_LOG_400,Logical Reasoning,Logical,KEPT,curated_representative,
TCS_LOG_401,Logical Reasoning,Logical,KEPT,curated_representative,
TCS_LOG_402,Logical Reasoning,Logical,KEPT,curated_representative,
TCS_LOG_403,Logical Reasoning,Logical,KEPT,curated_representative,
TCS_LOG_404,Logical Reasoning,Logical,KEPT,curated_representative,
TCS_LOG_405,Logical Reasoning,Logical,KEPT,curated_representative,
TCS_LOG_406,Logical Reasoning,Logical,KEPT,curated_representative,
TCS_LOG_407,Logical Reasoning,Logical,KEPT,curated_representative,
TCS_LOG_408,Logical Reasoning,Logical,KEPT,curated_representative,
TCS_LOG_409,Logical Reasoning,Logical,KEPT,curated_representative,
TCS_LOG_410,Logical Reasoning,Logical,KEPT,curated_representative,
TCS_LOG_411,Logical Reasoning,Logical,KEPT,curated_representative,
TCS_LOG_412,Logical Reasoning,Logical,KEPT,curated_representative,
TCS_LOG_413,Logical Reasoning,Logical,KEPT,curated_representative,
TCS_LOG_414,Logical Reasoning,Logical,KEPT,curated_representative,
TCS_LOG_415,Logical Reasoning,Logical,KEPT,curated_representative,
TCS_LOG_416,Logical Reasoning,Logical,KEPT,curated_representative,
TCS_LOG_417,Logical Reasoning,Logical,KEPT,curated_representative,
TCS_LOG_418,Logical Reasoning,Logical,KEPT,curated_representative,
TCS_LOG_419,Logical Reasoning,Logical,KEPT,curated_representative,
TCS_LOG_420,Logical Reasoning,Logical,KEPT,curated_representative,
TCS_LOG_421,Logical Reasoning,Logical,KEPT,curated_representative,
TCS_LOG_422,Logical Reasoning,Logical,KEPT,curated_representative,
TCS_LOG_423,Logical Reasoning,Logical,KEPT,curated_representative,
TCS_LOG_424,Logical Reasoning,Logical,KEPT,curated_representative,
TCS_LOG_425,Logical Reasoning,Logical,KEPT,curated_representative,
TCS_LOG_426,Logical Reasoning,Logical,KEPT,curated_representative,
TCS_LOG_427,Logical Reasoning,Logical,KEPT,curated_representative,
TCS_LOG_428,Logical Reasoning,Logical,KEPT,curated_representative,
TCS_LOG_429,Logical Reasoning,Logical,KEPT,curated_representative,
TCS_LOG_430,Logical Reasoning,Logical,KEPT,curated_representative,
TCS_LOG_433,Logical Reasoning,Logical,KEPT,curated_representative,
TCS_LOG_434,Logical Reasoning,Logical,KEPT,curated_representative,
TCS_LOG_436,Logical Reasoning,Logical,KEPT,curated_representative,
TCS_LOG_437,Logical Reasoning,Logical,KEPT,curated_representative,
TCS_LOG_438,Logical Reasoning,Logical,KEPT,curated_representative,
TCS_LOG_439,Logical Reasoning,Logical,KEPT,curated_representative,
TCS_LOG_440,Logical Reasoning,Logical,KEPT,curated_representative,
TCS_LOG_442,Logical Reasoning,Logical,KEPT,curated_representative,
TCS_LOG_443,Logical Reasoning,Logical,KEPT,curated_representative,
TCS_LOG_444,Logical Reasoning,Logical,KEPT,curated_representative,
TCS_LOG_445,Logical Reasoning,Logical,KEPT,curated_representative,
TCS_LOG_446,Logical Reasoning,Logical,KEPT,curated_representative,
TCS_LOG_447,Logical Reasoning,Logical,KEPT,curated_representative,
TCS_LOG_448,Logical Reasoning,Logical,KEPT,curated_representative,
TCS_LOG_449,Logical Reasoning,Logical,KEPT,curated_representative,
TCS_LOG_450,Logical Reasoning,Logical,KEPT,curated_representative,
TCS_LOG_451,Logical Reasoning,Logical,KEPT,curated_representative,
TCS_LOG_452,Logical Reasoning,Logical,KEPT,curated_representative,
TCS_LOG_453,Logical Reasoning,Logical,KEPT,curated_representative,
TCS_LOG_454,Logical Reasoning,Logical,KEPT,curated_representative,
TCS_LOG_455,Logical Reasoning,Logical,KEPT,curated_representative,
TCS_LOG_456,Logical Reasoning,Logical,KEPT,curated_representative,
TCS_LOG_457,Logical Reasoning,Logical,KEPT,curated_representative,
TCS_LOG_458,Logical Reasoning,Logical,KEPT,curated_representative,
TCS_LOG_459,Logical Reasoning,Logical,KEPT,curated_representative,
TCS_LOG_460,Logical Reasoning,Logical,KEPT,curated_representative,
TCS_LOG_461,Logical Reasoning,Logical,KEPT,curated_representative,
TCS_LOG_462,Logical Reasoning,Logical,KEPT,curated_representative,
TCS_LOG_463,Logical Reasoning,Logical,KEPT,curated_representative,
TCS_LOG_464,Logical Reasoning,Logical,KEPT,curated_representative,
TCS_LOG_465,Logical Reasoning,Logical,KEPT,curated_representative,
TCS_LOG_466,Logical Reasoning,Logical,KEPT,curated_representative,
TCS_LOG_467,Logical Reasoning,Logical,KEPT,curated_representative,
TCS_LOG_468,Logical Reasoning,Logical,KEPT,curated_representative,
TCS_LOG_469,Logical Reasoning,Logical,KEPT,curated_representative,
TCS_LOG_470,Logical Reasoning,Logical,KEPT,curated_representative,
TCS_LOG_471,Logical Reasoning,Logical,KEPT,curated_representative,
TCS_LOG_472,Logical Reasoning,Logical,KEPT,curated_representative,
TCS_LOG_473,Logical Reasoning,Logical,KEPT,curated_representative,
TCS_LOG_474,Logical Reasoning,Logical,KEPT,curated_representative,
TCS_LOG_475,Logical Reasoning,Logical,KEPT,curated_representative,
TCS_LOG_476,Logical Reasoning,Logical,KEPT,curated_representative,
TCS_LOG_477,Logical Reasoning,Logical,KEPT,curated_representative,
TCS_LOG_478,Logical Reasoning,Logical,KEPT,curated_representative,
TCS_LOG_479,Logical Reasoning,Logical,KEPT,curated_representative,
TCS_LOG_480,Logical Reasoning,Logical,KEPT,curated_representative,
TCS_LOG_482,Logical Reasoning,Logical,KEPT,curated_representative,
TCS_LOG_483,Logical Reasoning,Logical,KEPT,curated_representative,
TCS_LOG_484,Logical Reasoning,Logical,KEPT,curated_representative,
TCS_LOG_485,Logical Reasoning,Logical,KEPT,curated_representative,
TCS_LOG_486,Logical Reasoning,Logical,KEPT,curated_representative,
TCS_LOG_487,Logical Reasoning,Logical,KEPT,curated_representative,
TCS_LOG_488,Logical Reasoning,Logical,KEPT,curated_representative,
TCS_LOG_489,Logical Reasoning,Logical,KEPT,curated_representative,
TCS_LOG_490,Logical Reasoning,Logical,KEPT,curated_representative,
TCS_LOG_491,Logical Reasoning,Logical,KEPT,curated_representative,
TCS_LOG_492,Logical Reasoning,Logical,KEPT,curated_representative,
TCS_LOG_493,Logical Reasoning,Logical,KEPT,curated_representative,
TCS_LOG_494,Logical Reasoning,Logical,KEPT,curated_representative,
TCS_LOG_495,Logical Reasoning,Logical,KEPT,curated_representative,
TCS_LOG_496,Logical Reasoning,Logical,KEPT,curated_representative,
TCS_LOG_497,Logical Reasoning,Logical,KEPT,curated_representative,
TCS_LOG_498,Logical Reasoning,Logical,KEPT,curated_representative,
TCS_LOG_499,Logical Reasoning,Logical,KEPT,curated_representative,
TCS_LOG_500,Logical Reasoning,Logical,KEPT,curated_representative,
TCS_LOG_501,Logical Reasoning,Logical,KEPT,curated_representative,
TCS_LOG_502,Logical Reasoning,Logical,KEPT,curated_representative,
TCS_LOG_503,Logical Reasoning,Logical,KEPT,curated_representative,
TCS_LOG_504,Logical Reasoning,Logical,KEPT,curated_representative,
TCS_LOG_505,Logical Reasoning,Logical,KEPT,curated_representative,
TCS_LOG_506,Logical Reasoning,Logical,KEPT,curated_representative,
TCS_LOG_507,Logical Reasoning,Logical,KEPT,curated_representative,
TCS_LOG_509,Logical Reasoning,Logical,KEPT,curated_representative,
TCS_LOG_510,Logical Reasoning,Logical,KEPT,curated_representative,
TCS_LOG_511,Logical Reasoning,Logical,KEPT,curated_representative,
TCS_LOG_512,Logical Reasoning,Logical,KEPT,curated_representative,
TCS_LOG_513,Logical Reasoning,Logical,KEPT,curated_representative,
TCS_LOG_514,Logical Reasoning,Logical,KEPT,curated_representative,
TCS_LOG_515,Logical Reasoning,Logical,KEPT,curated_representative,
TCS_LOG_516,Logical Reasoning,Logical,KEPT,curated_representative,
TCS_LOG_568,Logical Reasoning,Logical,KEPT,curated_representative,
TCS_LOG_569,Logical Reasoning,Logical,KEPT,curated_representative,
TCS_LOG_570,Logical Reasoning,Logical,KEPT,curated_representative,
TCS_LOG_575,Logical Reasoning,Logical,KEPT,curated_representative,
TCS_LOG_617,Logical Reasoning,Logical,KEPT,curated_representative,
TCS_LOG_618,Logical Reasoning,Logical,KEPT,curated_representative,
TCS_LOG_619,Logical Reasoning,Logical,KEPT,curated_representative,
TCS_LOG_620,Logical Reasoning,Logical,KEPT,curated_representative,
TCS_LOG_637,Logical Reasoning,Logical,KEPT,curated_representative,
TCS_LOG_638,Logical Reasoning,Logical,KEPT,curated_representative,
TCS_LOG_639,Logical Reasoning,Logical,KEPT,curated_representative,
TCS_LOG_640,Logical Reasoning,Logical,KEPT,curated_representative,
TCS_LOG_659,Logical Reasoning,Logical,KEPT,curated_representative,
TCS_APT_003,Numerical Ability,Percentages,KEPT,curated_representative,
TCS_APT_004,Numerical Ability,Percentages,KEPT,curated_representative,
TCS_APT_005,Numerical Ability,Percentages,KEPT,curated_representative,
TCS_APT_007,Numerical Ability,Percentages,KEPT,curated_representative,
TCS_APT_008,Numerical Ability,Percentages,KEPT,curated_representative,
TCS_APT_009,Numerical Ability,Percentages,KEPT,curated_representative,
TCS_APT_010,Numerical Ability,Percentages,KEPT,curated_representative,
TCS_APT_011,Numerical Ability,Percentages,KEPT,curated_representative,
TCS_APT_012,Numerical Ability,Percentages,KEPT,curated_representative,
TCS_APT_013,Numerical Ability,Percentages,KEPT,curated_representative,
TCS_APT_014,Numerical Ability,Percentages,KEPT,curated_representative,
TCS_APT_015,Numerical Ability,Percentages,KEPT,curated_representative,
TCS_APT_017,Numerical Ability,Percentages,KEPT,curated_representative,
TCS_APT_019,Numerical Ability,Percentages,KEPT,curated_representative,
TCS_APT_020,Numerical Ability,Percentages,KEPT,curated_representative,
TCS_APT_021,Numerical Ability,Profit and Loss,KEPT,curated_representative,
TCS_APT_022,Numerical Ability,Profit and Loss,KEPT,curated_representative,
TCS_APT_023,Numerical Ability,Profit and Loss,KEPT,curated_representative,
TCS_APT_024,Numerical Ability,Profit and Loss,KEPT,curated_representative,
TCS_APT_025,Numerical Ability,Profit and Loss,KEPT,curated_representative,
TCS_APT_027,Numerical Ability,Profit and Loss,KEPT,curated_representative,
TCS_APT_028,Numerical Ability,Profit and Loss,KEPT,curated_representative,
TCS_APT_029,Numerical Ability,Profit and Loss,KEPT,curated_representative,
TCS_APT_030,Numerical Ability,Profit and Loss,KEPT,curated_representative,
TCS_APT_031,Numerical Ability,Profit and Loss,KEPT,curated_representative,
TCS_APT_032,Numerical Ability,Profit and Loss,KEPT,curated_representative,
TCS_APT_033,Numerical Ability,Profit and Loss,KEPT,curated_representative,
TCS_APT_034,Numerical Ability,Profit and Loss,KEPT,curated_representative,
TCS_APT_036,Numerical Ability,Profit and Loss,KEPT,curated_representative,
TCS_APT_038,Numerical Ability,Profit and Loss,KEPT,curated_representative,
TCS_APT_039,Numerical Ability,Profit and Loss,KEPT,curated_representative,
TCS_APT_041,Numerical Ability,Simple Interest,KEPT,curated_representative,
TCS_APT_042,Numerical Ability,Simple Interest,KEPT,curated_representative,
TCS_APT_044,Numerical Ability,Simple Interest,KEPT,curated_representative,
TCS_APT_045,Numerical Ability,Simple Interest,KEPT,curated_representative,
TCS_APT_047,Numerical Ability,Simple Interest,KEPT,curated_representative,
TCS_APT_048,Numerical Ability,Simple Interest,KEPT,curated_representative,
TCS_APT_049,Numerical Ability,Compound Interest,KEPT,curated_representative,
TCS_APT_050,Numerical Ability,Compound Interest,KEPT,curated_representative,
TCS_APT_051,Numerical Ability,Compound Interest,KEPT,curated_representative,
TCS_APT_052,Numerical Ability,Compound Interest,KEPT,curated_representative,
TCS_APT_053,Numerical Ability,Compound Interest,KEPT,curated_representative,
TCS_APT_054,Numerical Ability,Compound Interest,KEPT,curated_representative,
TCS_APT_055,Numerical Ability,Compound Interest,KEPT,curated_representative,
TCS_APT_058,Numerical Ability,Compound Interest,KEPT,curated_representative,
TCS_APT_061,Numerical Ability,Speed and Distance,KEPT,curated_representative,
TCS_APT_063,Numerical Ability,Speed and Distance,KEPT,curated_representative,
TCS_APT_065,Numerical Ability,Speed and Distance,KEPT,curated_representative,
TCS_APT_066,Numerical Ability,Speed and Distance,KEPT,curated_representative,
TCS_APT_067,Numerical Ability,Speed and Distance,KEPT,curated_representative,
TCS_APT_068,Numerical Ability,Speed and Distance,KEPT,curated_representative,
TCS_APT_069,Numerical Ability,Speed and Distance,KEPT,curated_representative,
TCS_APT_070,Numerical Ability,Speed and Distance,KEPT,curated_representative,
TCS_APT_071,Numerical Ability,Speed and Distance,KEPT,curated_representative,
TCS_APT_072,Numerical Ability,Speed and Distance,KEPT,curated_representative,
TCS_APT_073,Numerical Ability,Speed and Distance,KEPT,curated_representative,
TCS_APT_074,Numerical Ability,Time and Work,KEPT,curated_representative,
TCS_APT_075,Numerical Ability,Time and Work,KEPT,curated_representative,
TCS_APT_076,Numerical Ability,Time and Work,KEPT,curated_representative,
TCS_APT_080,Numerical Ability,Time and Work,KEPT,curated_representative,
TCS_APT_081,Numerical Ability,Time and Work,KEPT,curated_representative,
TCS_APT_082,Numerical Ability,Time and Work,KEPT,curated_representative,
TCS_APT_084,Numerical Ability,Time and Work,KEPT,curated_representative,
TCS_APT_085,Numerical Ability,Time and Work,KEPT,curated_representative,
TCS_APT_086,Numerical Ability,Time and Work,KEPT,curated_representative,
TCS_APT_087,Numerical Ability,Time and Work,KEPT,curated_representative,
TCS_APT_088,Numerical Ability,Time and Work,KEPT,curated_representative,
TCS_APT_089,Numerical Ability,Ratio and Proportion,KEPT,curated_representative,
TCS_APT_092,Numerical Ability,Ratio and Proportion,KEPT,curated_representative,
TCS_APT_093,Numerical Ability,Ratio and Proportion,KEPT,curated_representative,
TCS_APT_095,Numerical Ability,Ratio and Proportion,KEPT,curated_representative,
TCS_APT_096,Numerical Ability,Ratio and Proportion,KEPT,curated_representative,
TCS_APT_097,Numerical Ability,Ratio and Proportion,KEPT,curated_representative,
TCS_APT_098,Numerical Ability,Ratio and Proportion,KEPT,curated_representative,
TCS_APT_099,Numerical Ability,Averages,KEPT,curated_representative,
TCS_APT_100,Numerical Ability,Averages,KEPT,curated_representative,
TCS_APT_102,Numerical Ability,Averages,KEPT,curated_representative,
TCS_APT_103,Numerical Ability,Averages,KEPT,curated_representative,
TCS_APT_105,Numerical Ability,Averages,KEPT,curated_representative,
TCS_APT_106,Numerical Ability,Averages,KEPT,curated_representative,
TCS_APT_107,Numerical Ability,Averages,KEPT,curated_representative,
TCS_APT_108,Numerical Ability,Averages,KEPT,curated_representative,
TCS_APT_109,Numerical Ability,Algebra,KEPT,curated_representative,
TCS_APT_110,Numerical Ability,Algebra,KEPT,curated_representative,
TCS_APT_112,Numerical Ability,Algebra,KEPT,curated_representative,
TCS_APT_113,Numerical Ability,Algebra,KEPT,curated_representative,
TCS_APT_114,Numerical Ability,Algebra,KEPT,curated_representative,
TCS_APT_117,Numerical Ability,Algebra,KEPT,curated_representative,
TCS_APT_118,Numerical Ability,Algebra,KEPT,curated_representative,
TCS_APT_119,Numerical Ability,Algebra,KEPT,curated_representative,
TCS_APT_120,Numerical Ability,Algebra,KEPT,curated_representative,
TCS_APT_121,Numerical Ability,Algebra,KEPT,curated_representative,
TCS_APT_122,Numerical Ability,Algebra,KEPT,curated_representative,
TCS_APT_124,Numerical Ability,Mensuration,KEPT,curated_representative,
TCS_APT_125,Numerical Ability,Mensuration,KEPT,curated_representative,
TCS_APT_126,Numerical Ability,Mensuration,KEPT,curated_representative,
TCS_APT_127,Numerical Ability,Mensuration,KEPT,curated_representative,
TCS_APT_131,Numerical Ability,Mensuration,KEPT,curated_representative,
TCS_APT_132,Numerical Ability,Mensuration,KEPT,curated_representative,
TCS_APT_133,Numerical Ability,Mensuration,KEPT,curated_representative,
TCS_APT_138,Numerical Ability,Mensuration,KEPT,curated_representative,
TCS_APT_139,Numerical Ability,Number Series,KEPT,curated_representative,
TCS_APT_140,Numerical Ability,Number Series,KEPT,curated_representative,
TCS_APT_141,Numerical Ability,Number Series,KEPT,curated_representative,
TCS_APT_142,Numerical Ability,Number Series,KEPT,curated_representative,
TCS_APT_143,Numerical Ability,Number Series,KEPT,curated_representative,
TCS_APT_144,Numerical Ability,Number Series,KEPT,curated_representative,
TCS_APT_146,Numerical Ability,Number Series,KEPT,curated_representative,
TCS_APT_148,Numerical Ability,Number Series,KEPT,curated_representative,
TCS_APT_149,Numerical Ability,Number Series,KEPT,curated_representative,
TCS_APT_150,Numerical Ability,Number Series,KEPT,curated_representative,
TCS_APT_152,Numerical Ability,Number Series,KEPT,curated_representative,
TCS_APT_153,Numerical Ability,Number Series,KEPT,curated_representative,
TCS_APT_154,Numerical Ability,Permutation and Combination,KEPT,curated_representative,
TCS_APT_155,Numerical Ability,Permutation and Combination,KEPT,curated_representative,
TCS_APT_157,Numerical Ability,Permutation and Combination,KEPT,curated_representative,
TCS_APT_158,Numerical Ability,Permutation and Combination,KEPT,curated_representative,
TCS_APT_159,Numerical Ability,Permutation and Combination,KEPT,curated_representative,
TCS_APT_162,Numerical Ability,Permutation and Combination,KEPT,curated_representative,
TCS_APT_163,Numerical Ability,Permutation and Combination,KEPT,curated_representative,
TCS_APT_164,Numerical Ability,Probability,KEPT,curated_representative,
TCS_APT_165,Numerical Ability,Probability,KEPT,curated_representative,
TCS_APT_166,Numerical Ability,Probability,KEPT,curated_representative,
TCS_APT_168,Numerical Ability,Probability,KEPT,curated_representative,
TCS_APT_169,Numerical Ability,Probability,KEPT,curated_representative,
TCS_APT_170,Numerical Ability,Probability,KEPT,curated_representative,
TCS_APT_171,Numerical Ability,Probability,KEPT,curated_representative,
TCS_APT_174,Numerical Ability,HCF and LCM,KEPT,curated_representative,
TCS_APT_175,Numerical Ability,HCF and LCM,KEPT,curated_representative,
TCS_APT_176,Numerical Ability,HCF and LCM,KEPT,curated_representative,
TCS_APT_179,Numerical Ability,HCF and LCM,KEPT,curated_representative,
TCS_APT_180,Numerical Ability,HCF and LCM,KEPT,curated_representative,
TCS_APT_181,Numerical Ability,HCF and LCM,KEPT,curated_representative,
TCS_APT_182,Numerical Ability,HCF and LCM,KEPT,curated_representative,
TCS_APT_183,Numerical Ability,HCF and LCM,KEPT,curated_representative,
TCS_APT_184,Numerical Ability,Mixtures,KEPT,curated_representative,
TCS_APT_185,Numerical Ability,Mixtures,KEPT,curated_representative,
TCS_APT_186,Numerical Ability,Mixtures,KEPT,curated_representative,
TCS_APT_187,Numerical Ability,Mixtures,KEPT,curated_representative,
TCS_APT_188,Numerical Ability,Mixtures,KEPT,curated_representative,
TCS_APT_189,Numerical Ability,Clocks,KEPT,curated_representative,
TCS_APT_190,Numerical Ability,Clocks,KEPT,curated_representative,
TCS_APT_191,Numerical Ability,Clocks,KEPT,curated_representative,
TCS_APT_192,Numerical Ability,Clocks,KEPT,curated_representative,
TCS_APT_193,Numerical Ability,Calendars,KEPT,curated_representative,
TCS_APT_194,Numerical Ability,Calendars,KEPT,curated_representative,
TCS_APT_195,Numerical Ability,Calendars,KEPT,curated_representative,
TCS_APT_196,Numerical Ability,Calendars,KEPT,curated_representative,
TCS_APT_198,Numerical Ability,Calendars,KEPT,curated_representative,
TCS_APT_199,Numerical Ability,Pipes and Cisterns,KEPT,curated_representative,
TCS_APT_200,Numerical Ability,Pipes and Cisterns,KEPT,curated_representative,
TCS_APT_201,Numerical Ability,Pipes and Cisterns,KEPT,curated_representative,
TCS_APT_202,Numerical Ability,Pipes and Cisterns,KEPT,curated_representative,
TCS_APT_203,Numerical Ability,Pipes and Cisterns,KEPT,curated_representative,
TCS_APT_204,Numerical Ability,Ages,KEPT,curated_representative,
TCS_APT_205,Numerical Ability,Ages,KEPT,curated_representative,
TCS_APT_206,Numerical Ability,Ages,KEPT,curated_representative,
TCS_APT_207,Numerical Ability,Ages,KEPT,curated_representative,
TCS_APT_208,Numerical Ability,Ages,KEPT,curated_representative,
TCS_APT_209,Numerical Ability,Boats and Streams,KEPT,curated_representative,
TCS_APT_210,Numerical Ability,Boats and Streams,KEPT,curated_representative,
TCS_APT_211,Numerical Ability,Boats and Streams,KEPT,curated_representative,
TCS_APT_212,Numerical Ability,Boats and Streams,KEPT,curated_representative,
TCS_APT_213,Numerical Ability,Boats and Streams,KEPT,curated_representative,
TCS_APT_215,Numerical Ability,Aptitude,KEPT,curated_representative,
TCS_APT_216,Numerical Ability,Aptitude,KEPT,curated_representative,
TCS_APT_218,Numerical Ability,Aptitude,KEPT,curated_representative,
TCS_APT_219,Numerical Ability,Aptitude,KEPT,curated_representative,
TCS_APT_220,Numerical Ability,Aptitude,KEPT,curated_representative,
TCS_APT_221,Numerical Ability,Aptitude,KEPT,curated_representative,
TCS_APT_222,Numerical Ability,Aptitude,KEPT,curated_representative,
TCS_APT_223,Numerical Ability,Aptitude,KEPT,curated_representative,
TCS_APT_224,Numerical Ability,Aptitude,KEPT,curated_representative,
TCS_APT_225,Numerical Ability,Aptitude,KEPT,curated_representative,
TCS_APT_226,Numerical Ability,Aptitude,KEPT,curated_representative,
TCS_APT_227,Numerical Ability,Aptitude,KEPT,curated_representative,
TCS_APT_228,Numerical Ability,Aptitude,KEPT,curated_representative,
TCS_APT_229,Numerical Ability,Aptitude,KEPT,curated_representative,
TCS_APT_230,Numerical Ability,Aptitude,KEPT,curated_representative,
TCS_APT_231,Numerical Ability,Aptitude,KEPT,curated_representative,
TCS_APT_232,Numerical Ability,Aptitude,KEPT,curated_representative,
TCS_APT_233,Numerical Ability,Aptitude,KEPT,curated_representative,
TCS_APT_234,Numerical Ability,Aptitude,KEPT,curated_representative,
TCS_APT_235,Numerical Ability,Aptitude,KEPT,curated_representative,
TCS_APT_236,Numerical Ability,Aptitude,KEPT,curated_representative,
TCS_APT_237,Numerical Ability,Aptitude,KEPT,curated_representative,
TCS_APT_238,Numerical Ability,Aptitude,KEPT,curated_representative,
TCS_APT_239,Numerical Ability,Aptitude,KEPT,curated_representative,
TCS_APT_240,Numerical Ability,Aptitude,KEPT,curated_representative,
TCS_APT_241,Numerical Ability,Aptitude,KEPT,curated_representative,
TCS_APT_242,Numerical Ability,Aptitude,KEPT,curated_representative,
TCS_APT_243,Numerical Ability,Aptitude,KEPT,curated_representative,
TCS_APT_244,Numerical Ability,Aptitude,KEPT,curated_representative,
TCS_APT_246,Numerical Ability,Aptitude,KEPT,curated_representative,
TCS_APT_247,Numerical Ability,Aptitude,KEPT,curated_representative,
TCS_APT_248,Numerical Ability,Aptitude,KEPT,curated_representative,
TCS_APT_249,Numerical Ability,Aptitude,KEPT,curated_representative,
TCS_APT_251,Numerical Ability,Aptitude,KEPT,curated_representative,
TCS_APT_253,Numerical Ability,Aptitude,KEPT,curated_representative,
TCS_APT_254,Numerical Ability,Aptitude,KEPT,curated_representative,
TCS_APT_255,Numerical Ability,Aptitude,KEPT,curated_representative,
TCS_APT_256,Numerical Ability,Aptitude,KEPT,curated_representative,
TCS_APT_257,Numerical Ability,Aptitude,KEPT,curated_representative,
TCS_APT_258,Numerical Ability,Aptitude,KEPT,curated_representative,
TCS_APT_259,Numerical Ability,Aptitude,KEPT,curated_representative,
TCS_APT_260,Numerical Ability,Aptitude,KEPT,curated_representative,
TCS_APT_261,Numerical Ability,Aptitude,KEPT,curated_representative,
TCS_APT_262,Numerical Ability,Aptitude,KEPT,curated_representative,
TCS_APT_263,Numerical Ability,Aptitude,KEPT,curated_representative,
TCS_APT_264,Numerical Ability,Aptitude,KEPT,curated_representative,
TCS_APT_265,Numerical Ability,Aptitude,KEPT,curated_representative,
TCS_APT_266,Numerical Ability,Aptitude,KEPT,curated_representative,
TCS_APT_267,Numerical Ability,Aptitude,KEPT,curated_representative,
TCS_APT_268,Numerical Ability,Aptitude,KEPT,curated_representative,
TCS_APT_269,Numerical Ability,Aptitude,KEPT,curated_representative,
TCS_APT_270,Numerical Ability,Aptitude,KEPT,curated_representative,
TCS_APT_271,Numerical Ability,Aptitude,KEPT,curated_representative,
TCS_APT_272,Numerical Ability,Aptitude,KEPT,curated_representative,
TCS_APT_273,Numerical Ability,Aptitude,KEPT,curated_representative,
TCS_APT_274,Numerical Ability,Aptitude,KEPT,curated_representative,
TCS_APT_275,Numerical Ability,Aptitude,KEPT,curated_representative,
TCS_APT_276,Numerical Ability,Aptitude,KEPT,curated_representative,
TCS_APT_277,Numerical Ability,Aptitude,KEPT,curated_representative,
TCS_APT_278,Numerical Ability,Aptitude,KEPT,curated_representative,
TCS_APT_283,Numerical Ability,Aptitude,KEPT,curated_representative,
TCS_APT_284,Numerical Ability,Aptitude,KEPT,curated_representative,
TCS_APT_286,Numerical Ability,Aptitude,KEPT,curated_representative,
TCS_APT_287,Numerical Ability,Aptitude,KEPT,curated_representative,
TCS_APT_288,Numerical Ability,Aptitude,KEPT,curated_representative,
TCS_APT_289,Numerical Ability,Aptitude,KEPT,curated_representative,
TCS_APT_290,Numerical Ability,Aptitude,KEPT,curated_representative,
TCS_APT_291,Numerical Ability,Aptitude,KEPT,curated_representative,
TCS_APT_292,Numerical Ability,Aptitude,KEPT,curated_representative,
TCS_APT_293,Numerical Ability,Aptitude,KEPT,curated_representative,
TCS_APT_294,Numerical Ability,Aptitude,KEPT,curated_representative,
TCS_APT_295,Numerical Ability,Aptitude,KEPT,curated_representative,
TCS_APT_296,Numerical Ability,Aptitude,KEPT,curated_representative,
TCS_APT_297,Numerical Ability,Aptitude,KEPT,curated_representative,
TCS_APT_298,Numerical Ability,Aptitude,KEPT,curated_representative,
TCS_APT_299,Numerical Ability,Aptitude,KEPT,curated_representative,
TCS_APT_300,Numerical Ability,Aptitude,KEPT,curated_representative,
TCS_APT_301,Numerical Ability,Aptitude,KEPT,curated_representative,
TCS_APT_302,Numerical Ability,Aptitude,KEPT,curated_representative,
TCS_APT_303,Numerical Ability,Aptitude,KEPT,curated_representative,
TCS_APT_304,Numerical Ability,Aptitude,KEPT,curated_representative,
TCS_APT_305,Numerical Ability,Aptitude,KEPT,curated_representative,
TCS_APT_307,Numerical Ability,Aptitude,KEPT,curated_representative,
TCS_APT_308,Numerical Ability,Aptitude,KEPT,curated_representative,
TCS_APT_309,Numerical Ability,Aptitude,KEPT,curated_representative,
TCS_APT_310,Numerical Ability,Aptitude,KEPT,curated_representative,
TCS_APT_311,Numerical Ability,Aptitude,KEPT,curated_representative,
TCS_APT_312,Numerical Ability,Aptitude,KEPT,curated_representative,
TCS_APT_313,Numerical Ability,Aptitude,KEPT,curated_representative,
TCS_APT_314,Numerical Ability,Aptitude,KEPT,curated_representative,
TCS_APT_316,Numerical Ability,Aptitude,KEPT,curated_representative,
TCS_APT_317,Numerical Ability,Aptitude,KEPT,curated_representative,
TCS_APT_319,Numerical Ability,Aptitude,KEPT,curated_representative,
TCS_APT_320,Numerical Ability,Aptitude,KEPT,curated_representative,
TCS_APT_321,Numerical Ability,Aptitude,KEPT,curated_representative,
TCS_APT_322,Numerical Ability,Aptitude,KEPT,curated_representative,
TCS_APT_323,Numerical Ability,Aptitude,KEPT,curated_representative,
TCS_APT_324,Numerical Ability,Aptitude,KEPT,curated_representative,
TCS_APT_325,Numerical Ability,Aptitude,KEPT,curated_representative,
TCS_APT_326,Numerical Ability,Aptitude,KEPT,curated_representative,
TCS_APT_327,Numerical Ability,Aptitude,KEPT,curated_representative,
TCS_APT_328,Numerical Ability,Aptitude,KEPT,curated_representative,
TCS_APT_329,Numerical Ability,Aptitude,KEPT,curated_representative,
TCS_APT_330,Numerical Ability,Aptitude,KEPT,curated_representative,
TCS_APT_331,Numerical Ability,Aptitude,KEPT,curated_representative,
TCS_APT_332,Numerical Ability,Aptitude,KEPT,curated_representative,
TCS_APT_333,Numerical Ability,Aptitude,KEPT,curated_representative,
TCS_APT_334,Numerical Ability,Aptitude,KEPT,curated_representative,
TCS_APT_335,Numerical Ability,Aptitude,KEPT,curated_representative,
TCS_APT_338,Numerical Ability,Aptitude,KEPT,curated_representative,
TCS_APT_341,Numerical Ability,Aptitude,KEPT,curated_representative,
TCS_APT_342,Numerical Ability,Aptitude,KEPT,curated_representative,
TCS_APT_343,Numerical Ability,Aptitude,KEPT,curated_representative,
TCS_APT_344,Numerical Ability,Aptitude,KEPT,curated_representative,
TCS_APT_345,Numerical Ability,Aptitude,KEPT,curated_representative,
TCS_APT_346,Numerical Ability,Aptitude,KEPT,curated_representative,
TCS_APT_347,Numerical Ability,Aptitude,KEPT,curated_representative,
TCS_APT_349,Numerical Ability,Aptitude,KEPT,curated_representative,
TCS_APT_350,Numerical Ability,Aptitude,KEPT,curated_representative,
TCS_APT_351,Numerical Ability,Aptitude,KEPT,curated_representative,
TCS_APT_352,Numerical Ability,Aptitude,KEPT,curated_representative,
TCS_APT_353,Numerical Ability,Aptitude,KEPT,curated_representative,
TCS_APT_354,Numerical Ability,Aptitude,KEPT,curated_representative,
TCS_APT_355,Numerical Ability,Aptitude,KEPT,curated_representative,
TCS_APT_356,Numerical Ability,Aptitude,KEPT,curated_representative,
TCS_APT_357,Numerical Ability,Aptitude,KEPT,curated_representative,
TCS_APT_358,Numerical Ability,Aptitude,KEPT,curated_representative,
TCS_APT_359,Numerical Ability,Aptitude,KEPT,curated_representative,
TCS_APT_360,Numerical Ability,Aptitude,KEPT,curated_representative,
TCS_APT_361,Numerical Ability,Aptitude,KEPT,curated_representative,
TCS_APT_362,Numerical Ability,Aptitude,KEPT,curated_representative,
TCS_APT_363,Numerical Ability,Aptitude,KEPT,curated_representative,
TCS_APT_365,Numerical Ability,Aptitude,KEPT,curated_representative,
TCS_APT_366,Numerical Ability,Aptitude,KEPT,curated_representative,
TCS_APT_367,Numerical Ability,Aptitude,KEPT,curated_representative,
TCS_APT_368,Numerical Ability,Aptitude,KEPT,curated_representative,
TCS_APT_370,Numerical Ability,Aptitude,KEPT,curated_representative,
TCS_APT_371,Numerical Ability,Aptitude,KEPT,curated_representative,
TCS_APT_372,Numerical Ability,Aptitude,KEPT,curated_representative,
TCS_APT_373,Numerical Ability,Aptitude,KEPT,curated_representative,
TCS_APT_374,Numerical Ability,Aptitude,KEPT,curated_representative,
TCS_APT_375,Numerical Ability,Aptitude,KEPT,curated_representative,
TCS_APT_376,Numerical Ability,Aptitude,KEPT,curated_representative,
TCS_APT_377,Numerical Ability,Aptitude,KEPT,curated_representative,
TCS_APT_378,Numerical Ability,Aptitude,KEPT,curated_representative,
TCS_APT_379,Numerical Ability,Aptitude,KEPT,curated_representative,
TCS_APT_380,Numerical Ability,Aptitude,KEPT,curated_representative,
TCS_APT_381,Numerical Ability,Aptitude,KEPT,curated_representative,
TCS_APT_382,Numerical Ability,Aptitude,KEPT,curated_representative,
TCS_APT_383,Numerical Ability,Aptitude,KEPT,curated_representative,
TCS_APT_384,Numerical Ability,Aptitude,KEPT,curated_representative,
TCS_APT_385,Numerical Ability,Aptitude,KEPT,curated_representative,
TCS_APT_386,Numerical Ability,Aptitude,KEPT,curated_representative,
TCS_APT_387,Numerical Ability,Aptitude,KEPT,curated_representative,
TCS_APT_388,Numerical Ability,Aptitude,KEPT,curated_representative,
TCS_APT_389,Numerical Ability,Aptitude,KEPT,curated_representative,
TCS_APT_390,Numerical Ability,Aptitude,KEPT,curated_representative,
TCS_APT_391,Numerical Ability,Aptitude,KEPT,curated_representative,
TCS_APT_392,Numerical Ability,Aptitude,KEPT,curated_representative,
TCS_APT_393,Numerical Ability,Aptitude,KEPT,curated_representative,
TCS_APT_394,Numerical Ability,Aptitude,KEPT,curated_representative,
TCS_APT_395,Numerical Ability,Aptitude,KEPT,curated_representative,
TCS_APT_396,Numerical Ability,Aptitude,KEPT,curated_representative,
TCS_APT_397,Numerical Ability,Aptitude,KEPT,curated_representative,
TCS_APT_398,Numerical Ability,Aptitude,KEPT,curated_representative,
TCS_APT_399,Numerical Ability,Aptitude,KEPT,curated_representative,
TCS_APT_400,Numerical Ability,Aptitude,KEPT,curated_representative,
TCS_APT_401,Numerical Ability,Aptitude,KEPT,curated_representative,
TCS_APT_402,Numerical Ability,Aptitude,KEPT,curated_representative,
TCS_APT_403,Numerical Ability,Aptitude,KEPT,curated_representative,
TCS_APT_404,Numerical Ability,Percentages,KEPT,curated_representative,
TCS_APT_405,Numerical Ability,Percentages,KEPT,curated_representative,
TCS_APT_406,Numerical Ability,Percentages,KEPT,curated_representative,
TCS_APT_407,Numerical Ability,Percentages,KEPT,curated_representative,
TCS_APT_408,Numerical Ability,Percentages,KEPT,curated_representative,
TCS_APT_409,Numerical Ability,Percentages,KEPT,curated_representative,
TCS_APT_412,Numerical Ability,Percentages,KEPT,curated_representative,
TCS_APT_413,Numerical Ability,Percentages,KEPT,curated_representative,
TCS_APT_414,Numerical Ability,Profit and Loss,KEPT,curated_representative,
TCS_APT_417,Numerical Ability,Profit and Loss,KEPT,curated_representative,
TCS_APT_418,Numerical Ability,Profit and Loss,KEPT,curated_representative,
TCS_APT_419,Numerical Ability,Profit and Loss,KEPT,curated_representative,
TCS_APT_421,Numerical Ability,Profit and Loss,KEPT,curated_representative,
TCS_APT_422,Numerical Ability,Simple Interest,KEPT,curated_representative,
TCS_APT_423,Numerical Ability,Simple Interest,KEPT,curated_representative,
TCS_APT_424,Numerical Ability,Simple Interest,KEPT,curated_representative,
TCS_APT_426,Numerical Ability,Compound Interest,KEPT,curated_representative,
TCS_APT_427,Numerical Ability,Compound Interest,KEPT,curated_representative,
TCS_APT_428,Numerical Ability,Compound Interest,KEPT,curated_representative,
TCS_APT_430,Numerical Ability,Speed and Distance,KEPT,curated_representative,
TCS_APT_431,Numerical Ability,Speed and Distance,KEPT,curated_representative,
TCS_APT_432,Numerical Ability,Speed and Distance,KEPT,curated_representative,
TCS_APT_433,Numerical Ability,Speed and Distance,KEPT,curated_representative,
TCS_APT_435,Numerical Ability,Speed and Distance,KEPT,curated_representative,
TCS_APT_436,Numerical Ability,Speed and Distance,KEPT,curated_representative,
TCS_APT_437,Numerical Ability,Time and Work,KEPT,curated_representative,
TCS_APT_438,Numerical Ability,Time and Work,KEPT,curated_representative,
TCS_APT_439,Numerical Ability,Time and Work,KEPT,curated_representative,
TCS_APT_440,Numerical Ability,Time and Work,KEPT,curated_representative,
TCS_APT_441,Numerical Ability,Time and Work,KEPT,curated_representative,
TCS_APT_442,Numerical Ability,Time and Work,KEPT,curated_representative,
TCS_APT_444,Numerical Ability,Ratio and Proportion,KEPT,curated_representative,
TCS_APT_445,Numerical Ability,Ratio and Proportion,KEPT,curated_representative,
TCS_APT_446,Numerical Ability,Ratio and Proportion,KEPT,curated_representative,
TCS_APT_447,Numerical Ability,Ratio and Proportion,KEPT,curated_representative,
TCS_APT_448,Numerical Ability,Averages,KEPT,curated_representative,
TCS_APT_450,Numerical Ability,Averages,KEPT,curated_representative,
TCS_APT_451,Numerical Ability,Averages,KEPT,curated_representative,
TCS_APT_452,Numerical Ability,Algebra,KEPT,curated_representative,
TCS_APT_454,Numerical Ability,Algebra,KEPT,curated_representative,
TCS_APT_455,Numerical Ability,Algebra,KEPT,curated_representative,
TCS_APT_456,Numerical Ability,Algebra,KEPT,curated_representative,
TCS_APT_457,Numerical Ability,Algebra,KEPT,curated_representative,
TCS_APT_458,Numerical Ability,Algebra,KEPT,curated_representative,
TCS_APT_459,Numerical Ability,Algebra,KEPT,curated_representative,
TCS_APT_461,Numerical Ability,Algebra,KEPT,curated_representative,
TCS_APT_462,Numerical Ability,Mensuration,KEPT,curated_representative,
TCS_APT_465,Numerical Ability,Mensuration,KEPT,curated_representative,
TCS_APT_466,Numerical Ability,Mensuration,KEPT,curated_representative,
TCS_APT_467,Numerical Ability,Mensuration,KEPT,curated_representative,
TCS_APT_468,Numerical Ability,Mensuration,KEPT,curated_representative,
TCS_APT_469,Numerical Ability,Mensuration,KEPT,curated_representative,
TCS_APT_470,Numerical Ability,Number Systems,KEPT,curated_representative,
TCS_APT_471,Numerical Ability,Number Systems,KEPT,curated_representative,
TCS_APT_472,Numerical Ability,Number Systems,KEPT,curated_representative,
TCS_APT_473,Numerical Ability,Number Systems,KEPT,curated_representative,
TCS_APT_475,Numerical Ability,Number Systems,KEPT,curated_representative,
TCS_APT_476,Numerical Ability,Number Systems,KEPT,curated_representative,
TCS_APT_477,Numerical Ability,Number Systems,KEPT,curated_representative,
TCS_APT_479,Numerical Ability,Number Systems,KEPT,curated_representative,
TCS_APT_480,Numerical Ability,Data Interpretation,KEPT,curated_representative,
TCS_APT_481,Numerical Ability,Data Interpretation,KEPT,curated_representative,
TCS_APT_482,Numerical Ability,Data Interpretation,KEPT,curated_representative,
TCS_APT_483,Numerical Ability,Data Interpretation,KEPT,curated_representative,
TCS_APT_484,Numerical Ability,Data Interpretation,KEPT,curated_representative,
TCS_APT_485,Numerical Ability,Data Interpretation,KEPT,curated_representative,
TCS_APT_487,Numerical Ability,Data Interpretation,KEPT,curated_representative,
TCS_APT_488,Numerical Ability,Clocks,KEPT,curated_representative,
TCS_APT_489,Numerical Ability,Clocks,KEPT,curated_representative,
TCS_APT_491,Numerical Ability,Calendars,KEPT,curated_representative,
TCS_APT_492,Numerical Ability,Calendars,KEPT,curated_representative,
TCS_APT_493,Numerical Ability,Permutation and Combination,KEPT,curated_representative,
TCS_APT_494,Numerical Ability,Permutation and Combination,KEPT,curated_representative,
TCS_APT_495,Numerical Ability,Permutation and Combination,KEPT,curated_representative,
TCS_APT_497,Numerical Ability,Permutation and Combination,KEPT,curated_representative,
TCS_APT_498,Numerical Ability,Probability,KEPT,curated_representative,
TCS_APT_499,Numerical Ability,Probability,KEPT,curated_representative,
TCS_APT_500,Numerical Ability,Probability,KEPT,curated_representative,
TCS_APT_501,Numerical Ability,Probability,KEPT,curated_representative,
TCS_APT_502,Numerical Ability,Probability,KEPT,curated_representative,
TCS_APT_503,Numerical Ability,Mensuration,KEPT,curated_representative,
TCS_APT_504,Numerical Ability,Mensuration,KEPT,curated_representative,
TCS_APT_505,Numerical Ability,Mensuration,KEPT,curated_representative,
TCS_APT_506,Numerical Ability,Mensuration,KEPT,curated_representative,
TCS_APT_507,Numerical Ability,Mensuration,KEPT,curated_representative,
TCS_APT_508,Numerical Ability,Mensuration,KEPT,curated_representative,
TCS_APT_509,Numerical Ability,Logarithms,KEPT,curated_representative,
TCS_APT_513,Numerical Ability,Logarithms,KEPT,curated_representative,
TCS_APT_514,Numerical Ability,Logarithms,KEPT,curated_representative,
TCS_APT_515,Numerical Ability,Logarithms,KEPT,curated_representative,
TCS_APT_516,Numerical Ability,Logarithms,KEPT,curated_representative,
TCS_APT_517,Numerical Ability,Logarithms,KEPT,curated_representative,
TCS_APT_518,Numerical Ability,Logarithms,KEPT,curated_representative,
TCS_APT_519,Numerical Ability,Surds and Indices,KEPT,curated_representative,
TCS_APT_520,Numerical Ability,Surds and Indices,KEPT,curated_representative,
TCS_APT_521,Numerical Ability,Surds and Indices,KEPT,curated_representative,
TCS_APT_523,Numerical Ability,Surds and Indices,KEPT,curated_representative,
TCS_APT_524,Numerical Ability,Surds and Indices,KEPT,curated_representative,
TCS_APT_525,Numerical Ability,Surds and Indices,KEPT,curated_representative,
TCS_APT_528,Numerical Ability,Aptitude,KEPT,curated_representative,
TCS_APT_533,Numerical Ability,Aptitude,KEPT,curated_representative,
TCS_APT_535,Numerical Ability,Aptitude,KEPT,curated_representative,
TCS_APT_536,Numerical Ability,Aptitude,KEPT,curated_representative,
TCS_APT_537,Numerical Ability,Aptitude,KEPT,curated_representative,
TCS_APT_538,Numerical Ability,Aptitude,KEPT,curated_representative,
TCS_APT_539,Numerical Ability,Aptitude,KEPT,curated_representative,
TCS_APT_540,Numerical Ability,Aptitude,KEPT,curated_representative,
TCS_APT_541,Numerical Ability,Aptitude,KEPT,curated_representative,
TCS_APT_544,Numerical Ability,Aptitude,KEPT,curated_representative,
TCS_APT_545,Numerical Ability,Aptitude,KEPT,curated_representative,
TCS_APT_553,Numerical Ability,Aptitude,KEPT,curated_representative,
TCS_APT_556,Numerical Ability,Aptitude,KEPT,curated_representative,
TCS_APT_557,Numerical Ability,Aptitude,KEPT,curated_representative,
TCS_APT_559,Numerical Ability,Aptitude,KEPT,curated_representative,
TCS_APT_563,Numerical Ability,Aptitude,KEPT,curated_representative,
TCS_APT_568,Numerical Ability,Aptitude,KEPT,curated_representative,
TCS_APT_569,Numerical Ability,Aptitude,KEPT,curated_representative,
TCS_APT_570,Numerical Ability,Aptitude,KEPT,curated_representative,
TCS_APT_571,Numerical Ability,Aptitude,KEPT,curated_representative,
TCS_APT_572,Numerical Ability,Aptitude,KEPT,curated_representative,
TCS_APT_578,Numerical Ability,Aptitude,KEPT,curated_representative,
TCS_APT_579,Numerical Ability,Aptitude,KEPT,curated_representative,
TCS_APT_580,Numerical Ability,Aptitude,KEPT,curated_representative,
TCS_APT_583,Numerical Ability,Aptitude,KEPT,curated_representative,
TCS_APT_584,Numerical Ability,Aptitude,KEPT,curated_representative,
TCS_APT_585,Numerical Ability,Aptitude,KEPT,curated_representative,
TCS_APT_586,Numerical Ability,Aptitude,KEPT,curated_representative,
TCS_APT_587,Numerical Ability,Aptitude,KEPT,curated_representative,
TCS_APT_588,Numerical Ability,Aptitude,KEPT,curated_representative,
TCS_APT_590,Numerical Ability,Aptitude,KEPT,curated_representative,
TCS_APT_591,Numerical Ability,Aptitude,KEPT,curated_representative,
TCS_APT_592,Numerical Ability,Aptitude,KEPT,curated_representative,
TCS_APT_599,Numerical Ability,Aptitude,KEPT,curated_representative,
TCS_APT_600,Numerical Ability,Aptitude,KEPT,curated_representative,
TCS_APT_601,Numerical Ability,Aptitude,KEPT,curated_representative,
TCS_APT_603,Numerical Ability,Aptitude,KEPT,curated_representative,
TCS_APT_604,Numerical Ability,Aptitude,KEPT,curated_representative,
TCS_APT_605,Numerical Ability,Aptitude,KEPT,curated_representative,
TCS_APT_606,Numerical Ability,Aptitude,KEPT,curated_representative,
TCS_APT_607,Numerical Ability,Aptitude,KEPT,curated_representative,
TCS_APT_610,Numerical Ability,Aptitude,KEPT,curated_representative,
TCS_APT_611,Numerical Ability,Aptitude,KEPT,curated_representative,
TCS_APT_615,Numerical Ability,Aptitude,KEPT,curated_representative,
TCS_APT_616,Numerical Ability,Aptitude,KEPT,curated_representative,
TCS_APT_617,Numerical Ability,Aptitude,KEPT,curated_representative,
TCS_APT_618,Numerical Ability,Aptitude,KEPT,curated_representative,
TCS_APT_620,Numerical Ability,Aptitude,KEPT,curated_representative,
TCS_APT_623,Numerical Ability,Aptitude,KEPT,curated_representative,
TCS_APT_624,Numerical Ability,Aptitude,KEPT,curated_representative,
TCS_APT_625,Numerical Ability,Aptitude,KEPT,curated_representative,
TCS_APT_626,Numerical Ability,Aptitude,KEPT,curated_representative,
TCS_APT_627,Numerical Ability,Aptitude,KEPT,curated_representative,
TCS_APT_628,Numerical Ability,Aptitude,KEPT,curated_representative,
TCS_APT_629,Numerical Ability,Aptitude,KEPT,curated_representative,
TCS_APT_630,Numerical Ability,Aptitude,KEPT,curated_representative,
TCS_APT_632,Numerical Ability,Aptitude,KEPT,curated_representative,
TCS_APT_633,Numerical Ability,Aptitude,KEPT,curated_representative,
TCS_APT_634,Numerical Ability,Aptitude,KEPT,curated_representative,
TCS_APT_640,Numerical Ability,Aptitude,KEPT,curated_representative,
TCS_APT_641,Numerical Ability,Aptitude,KEPT,curated_representative,
TCS_APT_642,Numerical Ability,Aptitude,KEPT,curated_representative,
TCS_APT_643,Numerical Ability,Aptitude,KEPT,curated_representative,
TCS_APT_647,Numerical Ability,Aptitude,KEPT,curated_representative,
TCS_APT_649,Numerical Ability,Aptitude,KEPT,curated_representative,
TCS_APT_668,Numerical Ability,Aptitude,KEPT,curated_representative,
TCS_APT_685,Numerical Ability,Aptitude,KEPT,curated_representative,
TCS_VER_001,Verbal Ability,Vocabulary,KEPT,curated_representative,
TCS_VER_002,Verbal Ability,Vocabulary,KEPT,curated_representative,
TCS_VER_003,Verbal Ability,Vocabulary,KEPT,curated_representative,
TCS_VER_007,Verbal Ability,Vocabulary,KEPT,curated_representative,
TCS_VER_018,Verbal Ability,Vocabulary,KEPT,curated_representative,
TCS_VER_021,Verbal Ability,Vocabulary,KEPT,curated_representative,
TCS_VER_032,Verbal Ability,Vocabulary,KEPT,curated_representative,
TCS_VER_035,Verbal Ability,Vocabulary,KEPT,curated_representative,
TCS_VER_036,Verbal Ability,Vocabulary,KEPT,curated_representative,
TCS_VER_037,Verbal Ability,Vocabulary,KEPT,curated_representative,
TCS_VER_039,Verbal Ability,Vocabulary,KEPT,curated_representative,
TCS_VER_047,Verbal Ability,Vocabulary,KEPT,curated_representative,
TCS_VER_049,Verbal Ability,Vocabulary,KEPT,curated_representative,
TCS_VER_053,Verbal Ability,Vocabulary,KEPT,curated_representative,
TCS_VER_055,Verbal Ability,Vocabulary,KEPT,curated_representative,
TCS_VER_056,Verbal Ability,Vocabulary,KEPT,curated_representative,
TCS_VER_057,Verbal Ability,Vocabulary,KEPT,curated_representative,
TCS_VER_058,Verbal Ability,Vocabulary,KEPT,curated_representative,
TCS_VER_070,Verbal Ability,Vocabulary,KEPT,curated_representative,
TCS_VER_071,Verbal Ability,Vocabulary,KEPT,curated_representative,
TCS_VER_074,Verbal Ability,Vocabulary,KEPT,curated_representative,
TCS_VER_080,Verbal Ability,Vocabulary,KEPT,curated_representative,
TCS_VER_081,Verbal Ability,Vocabulary,KEPT,curated_representative,
TCS_VER_082,Verbal Ability,Vocabulary,KEPT,curated_representative,
TCS_VER_086,Verbal Ability,Vocabulary,KEPT,curated_representative,
TCS_VER_088,Verbal Ability,Vocabulary,KEPT,curated_representative,
TCS_VER_089,Verbal Ability,Vocabulary,KEPT,curated_representative,
TCS_VER_090,Verbal Ability,Vocabulary,KEPT,curated_representative,
TCS_VER_093,Verbal Ability,Vocabulary,KEPT,curated_representative,
TCS_VER_096,Verbal Ability,Vocabulary,KEPT,curated_representative,
TCS_VER_101,Verbal Ability,Fill in the Blanks,KEPT,curated_representative,
TCS_VER_102,Verbal Ability,Fill in the Blanks,KEPT,curated_representative,
TCS_VER_103,Verbal Ability,Fill in the Blanks,KEPT,curated_representative,
TCS_VER_104,Verbal Ability,Fill in the Blanks,KEPT,curated_representative,
TCS_VER_105,Verbal Ability,Fill in the Blanks,KEPT,curated_representative,
TCS_VER_106,Verbal Ability,Fill in the Blanks,KEPT,curated_representative,
TCS_VER_107,Verbal Ability,Fill in the Blanks,KEPT,curated_representative,
TCS_VER_108,Verbal Ability,Fill in the Blanks,KEPT,curated_representative,
TCS_VER_109,Verbal Ability,Fill in the Blanks,KEPT,curated_representative,
TCS_VER_110,Verbal Ability,Fill in the Blanks,KEPT,curated_representative,
TCS_VER_111,Verbal Ability,Fill in the Blanks,KEPT,curated_representative,
TCS_VER_113,Verbal Ability,Fill in the Blanks,KEPT,curated_representative,
TCS_VER_114,Verbal Ability,Fill in the Blanks,KEPT,curated_representative,
TCS_VER_115,Verbal Ability,Fill in the Blanks,KEPT,curated_representative,
TCS_VER_116,Verbal Ability,Fill in the Blanks,KEPT,curated_representative,
TCS_VER_117,Verbal Ability,Fill in the Blanks,KEPT,curated_representative,
TCS_VER_118,Verbal Ability,Fill in the Blanks,KEPT,curated_representative,
TCS_VER_119,Verbal Ability,Fill in the Blanks,KEPT,curated_representative,
TCS_VER_120,Verbal Ability,Fill in the Blanks,KEPT,curated_representative,
TCS_VER_121,Verbal Ability,Fill in the Blanks,KEPT,curated_representative,
TCS_VER_122,Verbal Ability,Fill in the Blanks,KEPT,curated_representative,
TCS_VER_123,Verbal Ability,Fill in the Blanks,KEPT,curated_representative,
TCS_VER_124,Verbal Ability,Fill in the Blanks,KEPT,curated_representative,
TCS_VER_126,Verbal Ability,Fill in the Blanks,KEPT,curated_representative,
TCS_VER_127,Verbal Ability,Fill in the Blanks,KEPT,curated_representative,
TCS_VER_128,Verbal Ability,Fill in the Blanks,KEPT,curated_representative,
TCS_VER_129,Verbal Ability,Fill in the Blanks,KEPT,curated_representative,
TCS_VER_130,Verbal Ability,Fill in the Blanks,KEPT,curated_representative,
TCS_VER_131,Verbal Ability,Fill in the Blanks,KEPT,curated_representative,
TCS_VER_132,Verbal Ability,Fill in the Blanks,KEPT,curated_representative,
TCS_VER_133,Verbal Ability,Fill in the Blanks,KEPT,curated_representative,
TCS_VER_134,Verbal Ability,Fill in the Blanks,KEPT,curated_representative,
TCS_VER_135,Verbal Ability,Fill in the Blanks,KEPT,curated_representative,
TCS_VER_136,Verbal Ability,Fill in the Blanks,KEPT,curated_representative,
TCS_VER_137,Verbal Ability,Fill in the Blanks,KEPT,curated_representative,
TCS_VER_138,Verbal Ability,Fill in the Blanks,KEPT,curated_representative,
TCS_VER_139,Verbal Ability,Fill in the Blanks,KEPT,curated_representative,
TCS_VER_140,Verbal Ability,Fill in the Blanks,KEPT,curated_representative,
TCS_VER_141,Verbal Ability,Fill in the Blanks,KEPT,curated_representative,
TCS_VER_142,Verbal Ability,Fill in the Blanks,KEPT,curated_representative,
TCS_VER_143,Verbal Ability,Fill in the Blanks,KEPT,curated_representative,
TCS_VER_144,Verbal Ability,Fill in the Blanks,KEPT,curated_representative,
TCS_VER_145,Verbal Ability,Fill in the Blanks,KEPT,curated_representative,
TCS_VER_146,Verbal Ability,Fill in the Blanks,KEPT,curated_representative,
TCS_VER_147,Verbal Ability,Fill in the Blanks,KEPT,curated_representative,
TCS_VER_148,Verbal Ability,Fill in the Blanks,KEPT,curated_representative,
TCS_VER_149,Verbal Ability,Fill in the Blanks,KEPT,curated_representative,
TCS_VER_150,Verbal Ability,Fill in the Blanks,KEPT,curated_representative,
TCS_VER_151,Verbal Ability,Reading Comprehension,KEPT,curated_representative,
TCS_VER_152,Verbal Ability,Reading Comprehension,KEPT,curated_representative,
TCS_VER_153,Verbal Ability,Reading Comprehension,KEPT,curated_representative,
TCS_VER_154,Verbal Ability,Reading Comprehension,KEPT,curated_representative,
TCS_VER_155,Verbal Ability,Reading Comprehension,KEPT,curated_representative,
TCS_VER_156,Verbal Ability,Reading Comprehension,KEPT,curated_representative,
TCS_VER_158,Verbal Ability,Reading Comprehension,KEPT,curated_representative,
TCS_VER_159,Verbal Ability,Reading Comprehension,KEPT,curated_representative,
TCS_VER_160,Verbal Ability,Reading Comprehension,KEPT,curated_representative,
TCS_VER_161,Verbal Ability,Reading Comprehension,KEPT,curated_representative,
TCS_VER_162,Verbal Ability,Reading Comprehension,KEPT,curated_representative,
TCS_VER_163,Verbal Ability,Reading Comprehension,KEPT,curated_representative,
TCS_VER_164,Verbal Ability,Reading Comprehension,KEPT,curated_representative,
TCS_VER_165,Verbal Ability,Reading Comprehension,KEPT,curated_representative,
TCS_VER_166,Verbal Ability,Reading Comprehension,KEPT,curated_representative,
TCS_VER_167,Verbal Ability,Reading Comprehension,KEPT,curated_representative,
TCS_VER_168,Verbal Ability,Reading Comprehension,KEPT,curated_representative,
TCS_VER_169,Verbal Ability,Reading Comprehension,KEPT,curated_representative,
TCS_VER_170,Verbal Ability,Reading Comprehension,KEPT,curated_representative,
TCS_VER_171,Verbal Ability,Grammar,KEPT,curated_representative,
TCS_VER_173,Verbal Ability,Grammar,KEPT,curated_representative,
TCS_VER_174,Verbal Ability,Grammar,KEPT,curated_representative,
TCS_VER_175,Verbal Ability,Grammar,KEPT,curated_representative,
TCS_VER_176,Verbal Ability,Grammar,KEPT,curated_representative,
TCS_VER_177,Verbal Ability,Grammar,KEPT,curated_representative,
TCS_VER_179,Verbal Ability,Grammar,KEPT,curated_representative,
TCS_VER_180,Verbal Ability,Grammar,KEPT,curated_representative,
TCS_VER_181,Verbal Ability,Grammar,KEPT,curated_representative,
TCS_VER_182,Verbal Ability,Grammar,KEPT,curated_representative,
TCS_VER_184,Verbal Ability,Grammar,KEPT,curated_representative,
TCS_VER_185,Verbal Ability,Grammar,KEPT,curated_representative,
TCS_VER_186,Verbal Ability,Grammar,KEPT,curated_representative,
TCS_VER_187,Verbal Ability,Grammar,KEPT,curated_representative,
TCS_VER_188,Verbal Ability,Grammar,KEPT,curated_representative,
TCS_VER_189,Verbal Ability,Grammar,KEPT,curated_representative,
TCS_VER_190,Verbal Ability,Grammar,KEPT,curated_representative,
TCS_VER_191,Verbal Ability,Grammar,KEPT,curated_representative,
TCS_VER_192,Verbal Ability,Grammar,KEPT,curated_representative,
TCS_VER_193,Verbal Ability,Grammar,KEPT,curated_representative,
TCS_VER_194,Verbal Ability,Grammar,KEPT,curated_representative,
TCS_VER_195,Verbal Ability,Grammar,KEPT,curated_representative,
TCS_VER_197,Verbal Ability,Grammar,KEPT,curated_representative,
TCS_VER_198,Verbal Ability,Grammar,KEPT,curated_representative,
TCS_VER_199,Verbal Ability,Grammar,KEPT,curated_representative,
TCS_VER_201,Verbal Ability,Para Jumbles,KEPT,curated_representative,
TCS_VER_202,Verbal Ability,Para Jumbles,KEPT,curated_representative,
TCS_VER_203,Verbal Ability,Para Jumbles,KEPT,curated_representative,
TCS_VER_204,Verbal Ability,Para Jumbles,KEPT,curated_representative,
TCS_VER_205,Verbal Ability,Para Jumbles,KEPT,curated_representative,
TCS_VER_206,Verbal Ability,Para Jumbles,KEPT,curated_representative,
TCS_VER_207,Verbal Ability,Para Jumbles,KEPT,curated_representative,
TCS_VER_208,Verbal Ability,Para Jumbles,KEPT,curated_representative,
TCS_VER_209,Verbal Ability,Para Jumbles,KEPT,curated_representative,
TCS_VER_210,Verbal Ability,Para Jumbles,KEPT,curated_representative,
TCS_VER_211,Verbal Ability,Idioms and Phrases,KEPT,curated_representative,
TCS_VER_212,Verbal Ability,Idioms and Phrases,KEPT,curated_representative,
TCS_VER_213,Verbal Ability,Idioms and Phrases,KEPT,curated_representative,
TCS_VER_214,Verbal Ability,Idioms and Phrases,KEPT,curated_representative,
TCS_VER_215,Verbal Ability,Idioms and Phrases,KEPT,curated_representative,
TCS_VER_216,Verbal Ability,Idioms and Phrases,KEPT,curated_representative,
TCS_VER_217,Verbal Ability,Idioms and Phrases,KEPT,curated_representative,
TCS_VER_218,Verbal Ability,Idioms and Phrases,KEPT,curated_representative,
TCS_VER_219,Verbal Ability,Idioms and Phrases,KEPT,curated_representative,
TCS_VER_220,Verbal Ability,Idioms and Phrases,KEPT,curated_representative,
TCS_VER_221,Verbal Ability,Idioms and Phrases,KEPT,curated_representative,
TCS_VER_223,Verbal Ability,Idioms and Phrases,KEPT,curated_representative,
TCS_VER_224,Verbal Ability,Idioms and Phrases,KEPT,curated_representative,
TCS_VER_225,Verbal Ability,Idioms and Phrases,KEPT,curated_representative,
TCS_VER_226,Verbal Ability,Idioms and Phrases,KEPT,curated_representative,
TCS_VER_227,Verbal Ability,Idioms and Phrases,KEPT,curated_representative,
TCS_VER_228,Verbal Ability,Idioms and Phrases,KEPT,curated_representative,
TCS_VER_230,Verbal Ability,Idioms and Phrases,KEPT,curated_representative,
TCS_VER_231,Verbal Ability,Idioms and Phrases,KEPT,curated_representative,
TCS_VER_232,Verbal Ability,Idioms and Phrases,KEPT,curated_representative,
TCS_VER_233,Verbal Ability,Idioms and Phrases,KEPT,curated_representative,
TCS_VER_234,Verbal Ability,Idioms and Phrases,KEPT,curated_representative,
TCS_VER_235,Verbal Ability,Idioms and Phrases,KEPT,curated_representative,
TCS_VER_236,Verbal Ability,Idioms and Phrases,KEPT,curated_representative,
TCS_VER_237,Verbal Ability,Idioms and Phrases,KEPT,curated_representative,
TCS_VER_238,Verbal Ability,Idioms and Phrases,KEPT,curated_representative,
TCS_VER_239,Verbal Ability,Idioms and Phrases,KEPT,curated_representative,
TCS_VER_240,Verbal Ability,Idioms and Phrases,KEPT,curated_representative,
TCS_VER_241,Verbal Ability,Sentence Improvement,KEPT,curated_representative,
TCS_VER_242,Verbal Ability,Sentence Improvement,KEPT,curated_representative,
TCS_VER_243,Verbal Ability,Sentence Improvement,KEPT,curated_representative,
TCS_VER_244,Verbal Ability,Sentence Improvement,KEPT,curated_representative,
TCS_VER_245,Verbal Ability,Sentence Improvement,KEPT,curated_representative,
TCS_VER_246,Verbal Ability,Sentence Improvement,KEPT,curated_representative,
TCS_VER_247,Verbal Ability,Sentence Improvement,KEPT,curated_representative,
TCS_VER_248,Verbal Ability,Sentence Improvement,KEPT,curated_representative,
TCS_VER_249,Verbal Ability,Sentence Improvement,KEPT,curated_representative,
TCS_VER_250,Verbal Ability,Sentence Improvement,KEPT,curated_representative,
TCS_VER_251,Verbal Ability,Sentence Improvement,KEPT,curated_representative,
TCS_VER_252,Verbal Ability,Sentence Improvement,KEPT,curated_representative,
TCS_VER_253,Verbal Ability,Sentence Improvement,KEPT,curated_representative,
TCS_VER_254,Verbal Ability,Sentence Improvement,KEPT,curated_representative,
TCS_VER_255,Verbal Ability,Sentence Improvement,KEPT,curated_representative,
TCS_VER_256,Verbal Ability,Sentence Improvement,KEPT,curated_representative,
TCS_VER_257,Verbal Ability,Sentence Improvement,KEPT,curated_representative,
TCS_VER_258,Verbal Ability,Sentence Improvement,KEPT,curated_representative,
TCS_VER_259,Verbal Ability,Sentence Improvement,KEPT,curated_representative,
TCS_VER_260,Verbal Ability,Sentence Improvement,KEPT,curated_representative,
TCS_VER_261,Verbal Ability,Sentence Improvement,KEPT,curated_representative,
TCS_VER_262,Verbal Ability,Sentence Improvement,KEPT,curated_representative,
TCS_VER_263,Verbal Ability,Sentence Improvement,KEPT,curated_representative,
TCS_VER_264,Verbal Ability,Sentence Improvement,KEPT,curated_representative,
TCS_VER_265,Verbal Ability,Sentence Improvement,KEPT,curated_representative,
TCS_VER_266,Verbal Ability,Sentence Improvement,KEPT,curated_representative,
TCS_VER_267,Verbal Ability,Sentence Improvement,KEPT,curated_representative,
TCS_VER_269,Verbal Ability,Sentence Improvement,KEPT,curated_representative,
TCS_VER_270,Verbal Ability,Sentence Improvement,KEPT,curated_representative,
TCS_VER_271,Verbal Ability,Word Analogy,KEPT,curated_representative,
TCS_VER_272,Verbal Ability,Word Analogy,KEPT,curated_representative,
TCS_VER_273,Verbal Ability,Word Analogy,KEPT,curated_representative,
TCS_VER_274,Verbal Ability,Word Analogy,KEPT,curated_representative,
TCS_VER_275,Verbal Ability,Word Analogy,KEPT,curated_representative,
TCS_VER_276,Verbal Ability,Word Analogy,KEPT,curated_representative,
TCS_VER_277,Verbal Ability,Word Analogy,KEPT,curated_representative,
TCS_VER_278,Verbal Ability,Word Analogy,KEPT,curated_representative,
TCS_VER_279,Verbal Ability,Word Analogy,KEPT,curated_representative,
TCS_VER_280,Verbal Ability,Word Analogy,KEPT,curated_representative,
TCS_VER_282,Verbal Ability,Word Analogy,KEPT,curated_representative,
TCS_VER_283,Verbal Ability,Word Analogy,KEPT,curated_representative,
TCS_VER_284,Verbal Ability,Word Analogy,KEPT,curated_representative,
TCS_VER_285,Verbal Ability,Word Analogy,KEPT,curated_representative,
TCS_VER_286,Verbal Ability,Word Analogy,KEPT,curated_representative,
TCS_VER_287,Verbal Ability,Word Analogy,KEPT,curated_representative,
TCS_VER_288,Verbal Ability,Word Analogy,KEPT,curated_representative,
TCS_VER_289,Verbal Ability,Word Analogy,KEPT,curated_representative,
TCS_VER_290,Verbal Ability,Word Analogy,KEPT,curated_representative,
TCS_VER_291,Verbal Ability,Word Analogy,KEPT,curated_representative,
TCS_VER_292,Verbal Ability,Word Analogy,KEPT,curated_representative,
TCS_VER_293,Verbal Ability,Word Analogy,KEPT,curated_representative,
TCS_VER_294,Verbal Ability,Word Analogy,KEPT,curated_representative,
TCS_VER_295,Verbal Ability,Word Analogy,KEPT,curated_representative,
TCS_VER_296,Verbal Ability,Word Analogy,KEPT,curated_representative,
TCS_VER_297,Verbal Ability,Word Analogy,KEPT,curated_representative,
TCS_VER_298,Verbal Ability,Word Analogy,KEPT,curated_representative,
TCS_VER_299,Verbal Ability,Word Analogy,KEPT,curated_representative,
TCS_VER_300,Verbal Ability,Word Analogy,KEPT,curated_representative,
TCS_VER_301,Verbal Ability,Error Spotting,KEPT,curated_representative,
TCS_VER_302,Verbal Ability,Error Spotting,KEPT,curated_representative,
TCS_VER_303,Verbal Ability,Error Spotting,KEPT,curated_representative,
TCS_VER_304,Verbal Ability,Error Spotting,KEPT,curated_representative,
TCS_VER_305,Verbal Ability,Error Spotting,KEPT,curated_representative,
TCS_VER_306,Verbal Ability,Error Spotting,KEPT,curated_representative,
TCS_VER_307,Verbal Ability,Error Spotting,KEPT,curated_representative,
TCS_VER_308,Verbal Ability,Error Spotting,KEPT,curated_representative,
TCS_VER_309,Verbal Ability,Error Spotting,KEPT,curated_representative,
TCS_VER_310,Verbal Ability,Error Spotting,KEPT,curated_representative,
TCS_VER_311,Verbal Ability,Error Spotting,KEPT,curated_representative,
TCS_VER_312,Verbal Ability,Error Spotting,KEPT,curated_representative,
TCS_VER_313,Verbal Ability,Error Spotting,KEPT,curated_representative,
TCS_VER_314,Verbal Ability,Error Spotting,KEPT,curated_representative,
TCS_VER_315,Verbal Ability,Error Spotting,KEPT,curated_representative,
TCS_VER_316,Verbal Ability,Error Spotting,KEPT,curated_representative,
TCS_VER_317,Verbal Ability,Error Spotting,KEPT,curated_representative,
TCS_VER_318,Verbal Ability,Error Spotting,KEPT,curated_representative,
TCS_VER_319,Verbal Ability,Error Spotting,KEPT,curated_representative,
TCS_VER_320,Verbal Ability,Error Spotting,KEPT,curated_representative,
TCS_VER_321,Verbal Ability,Error Spotting,KEPT,curated_representative,
TCS_VER_322,Verbal Ability,Error Spotting,KEPT,curated_representative,
TCS_VER_323,Verbal Ability,Error Spotting,KEPT,curated_representative,
TCS_VER_324,Verbal Ability,Error Spotting,KEPT,curated_representative,
TCS_VER_325,Verbal Ability,Error Spotting,KEPT,curated_representative,
TCS_VER_326,Verbal Ability,Error Spotting,KEPT,curated_representative,
TCS_VER_327,Verbal Ability,Error Spotting,KEPT,curated_representative,
TCS_VER_328,Verbal Ability,Error Spotting,KEPT,curated_representative,
TCS_VER_330,Verbal Ability,Error Spotting,KEPT,curated_representative,
TCS_VER_331,Verbal Ability,One Word Substitution,KEPT,curated_representative,
TCS_VER_332,Verbal Ability,One Word Substitution,KEPT,curated_representative,
TCS_VER_333,Verbal Ability,One Word Substitution,KEPT,curated_representative,
TCS_VER_334,Verbal Ability,One Word Substitution,KEPT,curated_representative,
TCS_VER_335,Verbal Ability,One Word Substitution,KEPT,curated_representative,
TCS_VER_337,Verbal Ability,One Word Substitution,KEPT,curated_representative,
TCS_VER_338,Verbal Ability,One Word Substitution,KEPT,curated_representative,
TCS_VER_339,Verbal Ability,One Word Substitution,KEPT,curated_representative,
TCS_VER_340,Verbal Ability,One Word Substitution,KEPT,curated_representative,
TCS_VER_341,Verbal Ability,One Word Substitution,KEPT,curated_representative,
TCS_VER_342,Verbal Ability,One Word Substitution,KEPT,curated_representative,
TCS_VER_343,Verbal Ability,One Word Substitution,KEPT,curated_representative,
TCS_VER_344,Verbal Ability,One Word Substitution,KEPT,curated_representative,
TCS_VER_345,Verbal Ability,One Word Substitution,KEPT,curated_representative,
TCS_VER_346,Verbal Ability,One Word Substitution,KEPT,curated_representative,
TCS_VER_347,Verbal Ability,One Word Substitution,KEPT,curated_representative,
TCS_VER_348,Verbal Ability,One Word Substitution,KEPT,curated_representative,
TCS_VER_349,Verbal Ability,One Word Substitution,KEPT,curated_representative,
TCS_VER_350,Verbal Ability,One Word Substitution,KEPT,curated_representative,
TCS_VER_351,Verbal Ability,One Word Substitution,KEPT,curated_representative,
TCS_VER_352,Verbal Ability,One Word Substitution,KEPT,curated_representative,
TCS_VER_353,Verbal Ability,One Word Substitution,KEPT,curated_representative,
TCS_VER_354,Verbal Ability,One Word Substitution,KEPT,curated_representative,
TCS_VER_355,Verbal Ability,One Word Substitution,KEPT,curated_representative,
TCS_VER_356,Verbal Ability,One Word Substitution,KEPT,curated_representative,
TCS_VER_357,Verbal Ability,One Word Substitution,KEPT,curated_representative,
TCS_VER_358,Verbal Ability,One Word Substitution,KEPT,curated_representative,
TCS_VER_359,Verbal Ability,One Word Substitution,KEPT,curated_representative,
TCS_VER_360,Verbal Ability,One Word Substitution,KEPT,curated_representative,
TCS_VER_361,Verbal Ability,Reading Comprehension,KEPT,curated_representative,
TCS_VER_362,Verbal Ability,Reading Comprehension,KEPT,curated_representative,
TCS_VER_363,Verbal Ability,Reading Comprehension,KEPT,curated_representative,
TCS_VER_364,Verbal Ability,Reading Comprehension,KEPT,curated_representative,
TCS_VER_365,Verbal Ability,Reading Comprehension,KEPT,curated_representative,
TCS_VER_366,Verbal Ability,Reading Comprehension,KEPT,curated_representative,
TCS_VER_367,Verbal Ability,Reading Comprehension,KEPT,curated_representative,
TCS_VER_368,Verbal Ability,Reading Comprehension,KEPT,curated_representative,
TCS_VER_370,Verbal Ability,Cloze Test,KEPT,curated_representative,
TCS_VER_371,Verbal Ability,Cloze Test,KEPT,curated_representative,
TCS_VER_372,Verbal Ability,Cloze Test,KEPT,curated_representative,
TCS_VER_373,Verbal Ability,Cloze Test,KEPT,curated_representative,
TCS_VER_374,Verbal Ability,Cloze Test,KEPT,curated_representative,
TCS_VER_375,Verbal Ability,Cloze Test,KEPT,curated_representative,
TCS_VER_376,Verbal Ability,Cloze Test,KEPT,curated_representative,
TCS_VER_377,Verbal Ability,Cloze Test,KEPT,curated_representative,
TCS_VER_378,Verbal Ability,Cloze Test,KEPT,curated_representative,
TCS_VER_379,Verbal Ability,Cloze Test,KEPT,curated_representative,
TCS_VER_380,Verbal Ability,Cloze Test,KEPT,curated_representative,
TCS_VER_381,Verbal Ability,Cloze Test,KEPT,curated_representative,
TCS_VER_382,Verbal Ability,Cloze Test,KEPT,curated_representative,
TCS_VER_383,Verbal Ability,Cloze Test,KEPT,curated_representative,
TCS_VER_384,Verbal Ability,Miscellaneous,KEPT,curated_representative,
TCS_VER_389,Verbal Ability,Miscellaneous,KEPT,curated_representative,
TCS_VER_394,Verbal Ability,Miscellaneous,KEPT,curated_representative,
TCS_VER_395,Verbal Ability,Miscellaneous,KEPT,curated_representative,
TCS_VER_396,Verbal Ability,Miscellaneous,KEPT,curated_representative,
TCS_VER_397,Verbal Ability,Miscellaneous,KEPT,curated_representative,
TCS_VER_398,Verbal Ability,Miscellaneous,KEPT,curated_representative,
TCS_VER_399,Verbal Ability,Miscellaneous,KEPT,curated_representative,
TCS_VER_400,Verbal Ability,Miscellaneous,KEPT,curated_representative,
TCS_VER_401,Verbal Ability,Miscellaneous,KEPT,curated_representative,
TCS_VER_402,Verbal Ability,Miscellaneous,KEPT,curated_representative,
TCS_VER_403,Verbal Ability,Miscellaneous,KEPT,curated_representative,
TCS_VER_404,Verbal Ability,Miscellaneous,KEPT,curated_representative,
TCS_VER_405,Verbal Ability,Miscellaneous,KEPT,curated_representative,
TCS_VER_406,Verbal Ability,Miscellaneous,KEPT,curated_representative,
TCS_VER_407,Verbal Ability,Miscellaneous,KEPT,curated_representative,
TCS_VER_408,Verbal Ability,Miscellaneous,KEPT,curated_representative,
TCS_VER_409,Verbal Ability,Miscellaneous,KEPT,curated_representative,
TCS_VER_410,Verbal Ability,Miscellaneous,KEPT,curated_representative,
TCS_VER_411,Verbal Ability,Miscellaneous,KEPT,curated_representative,
TCS_VER_412,Verbal Ability,Miscellaneous,KEPT,curated_representative,
TCS_VER_413,Verbal Ability,Miscellaneous,KEPT,curated_representative,
TCS_VER_415,Verbal Ability,Vocabulary,KEPT,curated_representative,
TCS_VER_416,Verbal Ability,Vocabulary,KEPT,curated_representative,
TCS_VER_418,Verbal Ability,Vocabulary,KEPT,curated_representative,
TCS_VER_419,Verbal Ability,Vocabulary,KEPT,curated_representative,
TCS_VER_420,Verbal Ability,Vocabulary,KEPT,curated_representative,
TCS_VER_421,Verbal Ability,Vocabulary,KEPT,curated_representative,
TCS_VER_423,Verbal Ability,Vocabulary,KEPT,curated_representative,
TCS_VER_425,Verbal Ability,Vocabulary,KEPT,curated_representative,
TCS_VER_426,Verbal Ability,Vocabulary,KEPT,curated_representative,
TCS_VER_427,Verbal Ability,Vocabulary,KEPT,curated_representative,
TCS_VER_428,Verbal Ability,Vocabulary,KEPT,curated_representative,
TCS_VER_429,Verbal Ability,Vocabulary,KEPT,curated_representative,
TCS_VER_430,Verbal Ability,Vocabulary,KEPT,curated_representative,
TCS_VER_431,Verbal Ability,Vocabulary,KEPT,curated_representative,
TCS_VER_432,Verbal Ability,Vocabulary,KEPT,curated_representative,
TCS_VER_433,Verbal Ability,Vocabulary,KEPT,curated_representative,
TCS_VER_434,Verbal Ability,Vocabulary,KEPT,curated_representative,
TCS_VER_435,Verbal Ability,Vocabulary,KEPT,curated_representative,
TCS_VER_436,Verbal Ability,Vocabulary,KEPT,curated_representative,
TCS_VER_437,Verbal Ability,Vocabulary,KEPT,curated_representative,
TCS_VER_438,Verbal Ability,Vocabulary,KEPT,curated_representative,
TCS_VER_439,Verbal Ability,Vocabulary,KEPT,curated_representative,
TCS_VER_440,Verbal Ability,Vocabulary,KEPT,curated_representative,
TCS_VER_441,Verbal Ability,Vocabulary,KEPT,curated_representative,
TCS_VER_442,Verbal Ability,Vocabulary,KEPT,curated_representative,
TCS_VER_443,Verbal Ability,Vocabulary,KEPT,curated_representative,
TCS_VER_444,Verbal Ability,Vocabulary,KEPT,curated_representative,
TCS_VER_445,Verbal Ability,Vocabulary,KEPT,curated_representative,
TCS_VER_446,Verbal Ability,Vocabulary,KEPT,curated_representative,
TCS_VER_447,Verbal Ability,Vocabulary,KEPT,curated_representative,
TCS_VER_448,Verbal Ability,Vocabulary,KEPT,curated_representative,
TCS_VER_449,Verbal Ability,Vocabulary,KEPT,curated_representative,
TCS_VER_450,Verbal Ability,Vocabulary,KEPT,curated_representative,
TCS_VER_451,Verbal Ability,Vocabulary,KEPT,curated_representative,
TCS_VER_452,Verbal Ability,Vocabulary,KEPT,curated_representative,
TCS_VER_453,Verbal Ability,Vocabulary,KEPT,curated_representative,
TCS_VER_454,Verbal Ability,Vocabulary,KEPT,curated_representative,
TCS_VER_458,Verbal Ability,Vocabulary,KEPT,curated_representative,
TCS_VER_459,Verbal Ability,Vocabulary,KEPT,curated_representative,
TCS_VER_460,Verbal Ability,Vocabulary,KEPT,curated_representative,
TCS_VER_461,Verbal Ability,Vocabulary,KEPT,curated_representative,
TCS_VER_462,Verbal Ability,Vocabulary,KEPT,curated_representative,
TCS_VER_463,Verbal Ability,Vocabulary,KEPT,curated_representative,
TCS_VER_464,Verbal Ability,Vocabulary,KEPT,curated_representative,
TCS_VER_465,Verbal Ability,Vocabulary,KEPT,curated_representative,
TCS_VER_466,Verbal Ability,Vocabulary,KEPT,curated_representative,
TCS_VER_467,Verbal Ability,Vocabulary,KEPT,curated_representative,
TCS_VER_468,Verbal Ability,Vocabulary,KEPT,curated_representative,
TCS_VER_469,Verbal Ability,Vocabulary,KEPT,curated_representative,
TCS_VER_470,Verbal Ability,Vocabulary,KEPT,curated_representative,
TCS_VER_471,Verbal Ability,Vocabulary,KEPT,curated_representative,
TCS_VER_472,Verbal Ability,Vocabulary,KEPT,curated_representative,
TCS_VER_473,Verbal Ability,Vocabulary,KEPT,curated_representative,
TCS_VER_474,Verbal Ability,Vocabulary,KEPT,curated_representative,
TCS_VER_475,Verbal Ability,Vocabulary,KEPT,curated_representative,
TCS_VER_476,Verbal Ability,Vocabulary,KEPT,curated_representative,
TCS_VER_477,Verbal Ability,Vocabulary,KEPT,curated_representative,
TCS_VER_478,Verbal Ability,Vocabulary,KEPT,curated_representative,
TCS_VER_479,Verbal Ability,Vocabulary,KEPT,curated_representative,
TCS_VER_480,Verbal Ability,Vocabulary,KEPT,curated_representative,
TCS_VER_481,Verbal Ability,Vocabulary,KEPT,curated_representative,
TCS_VER_482,Verbal Ability,Vocabulary,KEPT,curated_representative,
TCS_VER_483,Verbal Ability,Vocabulary,KEPT,curated_representative,
TCS_VER_484,Verbal Ability,Vocabulary,KEPT,curated_representative,
TCS_VER_485,Verbal Ability,Vocabulary,KEPT,curated_representative,
TCS_VER_486,Verbal Ability,Vocabulary,KEPT,curated_representative,
TCS_VER_487,Verbal Ability,Vocabulary,KEPT,curated_representative,
TCS_VER_488,Verbal Ability,Vocabulary,KEPT,curated_representative,
TCS_VER_489,Verbal Ability,Vocabulary,KEPT,curated_representative,
TCS_VER_490,Verbal Ability,Vocabulary,KEPT,curated_representative,
TCS_VER_491,Verbal Ability,Vocabulary,KEPT,curated_representative,
TCS_VER_492,Verbal Ability,Vocabulary,KEPT,curated_representative,
TCS_VER_493,Verbal Ability,Vocabulary,KEPT,curated_representative,
TCS_VER_494,Verbal Ability,Vocabulary,KEPT,curated_representative,
TCS_VER_495,Verbal Ability,Vocabulary,KEPT,curated_representative,
TCS_VER_496,Verbal Ability,Vocabulary,KEPT,curated_representative,
TCS_VER_497,Verbal Ability,Vocabulary,KEPT,curated_representative,
TCS_VER_498,Verbal Ability,Vocabulary,KEPT,curated_representative,
TCS_VER_499,Verbal Ability,Vocabulary,KEPT,curated_representative,
TCS_VER_500,Verbal Ability,Vocabulary,KEPT,curated_representative,
TCS_VER_501,Verbal Ability,Vocabulary,KEPT,curated_representative,
TCS_VER_502,Verbal Ability,Vocabulary,KEPT,curated_representative,
TCS_VER_503,Verbal Ability,Vocabulary,KEPT,curated_representative,
TCS_VER_504,Verbal Ability,Vocabulary,KEPT,curated_representative,
TCS_VER_505,Verbal Ability,Vocabulary,KEPT,curated_representative,
TCS_VER_506,Verbal Ability,Vocabulary,KEPT,curated_representative,
TCS_VER_507,Verbal Ability,Vocabulary,KEPT,curated_representative,
TCS_VER_508,Verbal Ability,Vocabulary,KEPT,curated_representative,
TCS_VER_509,Verbal Ability,Vocabulary,KEPT,curated_representative,
TCS_VER_510,Verbal Ability,Vocabulary,KEPT,curated_representative,
TCS_VER_511,Verbal Ability,Vocabulary,KEPT,curated_representative,
TCS_VER_512,Verbal Ability,Vocabulary,KEPT,curated_representative,
TCS_VER_513,Verbal Ability,Vocabulary,KEPT,curated_representative,
TCS_VER_514,Verbal Ability,Vocabulary,KEPT,curated_representative,
TCS_VER_515,Verbal Ability,Vocabulary,KEPT,curated_representative,
TCS_VER_516,Verbal Ability,Vocabulary,KEPT,curated_representative,
TCS_VER_518,Verbal Ability,Vocabulary,KEPT,curated_representative,
TCS_VER_519,Verbal Ability,Vocabulary,KEPT,curated_representative,
TCS_VER_520,Verbal Ability,Vocabulary,KEPT,curated_representative,
TCS_VER_522,Verbal Ability,Vocabulary,KEPT,curated_representative,
TCS_VER_523,Verbal Ability,Vocabulary,KEPT,curated_representative,
TCS_VER_530,Verbal Ability,Vocabulary,KEPT,curated_representative,
TCS_VER_536,Verbal Ability,Vocabulary,KEPT,curated_representative,
TCS_VER_540,Verbal Ability,Vocabulary,KEPT,curated_representative,
TCS_VER_543,Verbal Ability,Vocabulary,KEPT,curated_representative,
TCS_VER_552,Verbal Ability,Vocabulary,KEPT,curated_representative,
TCS_VER_559,Verbal Ability,Vocabulary,KEPT,curated_representative,
TCS_VER_562,Verbal Ability,Vocabulary,KEPT,curated_representative,
TCS_VER_564,Verbal Ability,Vocabulary,KEPT,curated_representative,
TCS_VER_566,Verbal Ability,Vocabulary,KEPT,curated_representative,
TCS_VER_572,Verbal Ability,Vocabulary,KEPT,curated_representative,
TCS_VER_573,Verbal Ability,Vocabulary,KEPT,curated_representative,
TCS_VER_578,Verbal Ability,Vocabulary,KEPT,curated_representative,
TCS_VER_582,Verbal Ability,Vocabulary,KEPT,curated_representative,
TCS_VER_585,Verbal Ability,Vocabulary,KEPT,curated_representative,
TCS_VER_587,Verbal Ability,Vocabulary,KEPT,curated_representative,
TCS_VER_589,Verbal Ability,Vocabulary,KEPT,curated_representative,
TCS_VER_591,Verbal Ability,Vocabulary,KEPT,curated_representative,
TCS_VER_592,Verbal Ability,Vocabulary,KEPT,curated_representative,
TCS_VER_594,Verbal Ability,Vocabulary,KEPT,curated_representative,
TCS_VER_606,Verbal Ability,Vocabulary,KEPT,curated_representative,
TCS_VER_608,Verbal Ability,Vocabulary,KEPT,curated_representative,
TCS_VER_609,Verbal Ability,Vocabulary,KEPT,curated_representative,
TCS_VER_610,Verbal Ability,Vocabulary,KEPT,curated_representative,
TCS_VER_613,Verbal Ability,Vocabulary,KEPT,curated_representative,
TCS_VER_614,Verbal Ability,Vocabulary,KEPT,curated_representative,
TCS_VER_619,Verbal Ability,Vocabulary,KEPT,curated_representative,
TCS_VER_631,Verbal Ability,Vocabulary,KEPT,curated_representative,
TCS_VER_633,Verbal Ability,Vocabulary,KEPT,curated_representative,
TCS_VER_634,Verbal Ability,Vocabulary,KEPT,curated_representative,
TCS_VER_635,Verbal Ability,Vocabulary,KEPT,curated_representative,
TCS_VER_637,Verbal Ability,Vocabulary,KEPT,curated_representative,
TCS_VER_640,Verbal Ability,Vocabulary,KEPT,curated_representative,
TCS_VER_642,Verbal Ability,Vocabulary,KEPT,curated_representative,
TCS_VER_643,Verbal Ability,Vocabulary,KEPT,curated_representative,
TCS_VER_644,Verbal Ability,Vocabulary,KEPT,curated_representative,
TCS_VER_645,Verbal Ability,Vocabulary,KEPT,curated_representative,
TCS_VER_646,Verbal Ability,Vocabulary,KEPT,curated_representative,
TCS_VER_647,Verbal Ability,Vocabulary,KEPT,curated_representative,
TCS_VER_649,Verbal Ability,Vocabulary,KEPT,curated_representative,
TCS_VER_650,Verbal Ability,Vocabulary,KEPT,curated_representative,
TCS_VER_652,Verbal Ability,Vocabulary,KEPT,curated_representative,
TCS_VER_653,Verbal Ability,Vocabulary,KEPT,curated_representative,
TCS_VER_657,Verbal Ability,Vocabulary,KEPT,curated_representative,
TCS_VER_661,Verbal Ability,Vocabulary,KEPT,curated_representative,
TCS_VER_662,Verbal Ability,Vocabulary,KEPT,curated_representative,
TCS_VER_663,Verbal Ability,Vocabulary,KEPT,curated_representative,
TCS_VER_664,Verbal Ability,Vocabulary,KEPT,curated_representative,
TCS_VER_665,Verbal Ability,Vocabulary,KEPT,curated_representative,
TCS_VER_668,Verbal Ability,Vocabulary,KEPT,curated_representative,
TCS_VER_671,Verbal Ability,Vocabulary,KEPT,curated_representative,
TCS_VER_672,Verbal Ability,Vocabulary,KEPT,curated_representative,
TCS_VER_673,Verbal Ability,Vocabulary,KEPT,curated_representative,
TCS_VER_674,Verbal Ability,Vocabulary,KEPT,curated_representative,
TCS_VER_675,Verbal Ability,Vocabulary,KEPT,curated_representative,
TCS_VER_676,Verbal Ability,Vocabulary,KEPT,curated_representative,
TCS_VER_677,Verbal Ability,Vocabulary,KEPT,curated_representative,
TCS_VER_678,Verbal Ability,Vocabulary,KEPT,curated_representative,
TCS_VER_679,Verbal Ability,Vocabulary,KEPT,curated_representative,
TCS_VER_680,Verbal Ability,Vocabulary,KEPT,curated_representative,
TCS_VER_681,Verbal Ability,Vocabulary,KEPT,curated_representative,
TCS_VER_682,Verbal Ability,Vocabulary,KEPT,curated_representative,
TCS_VER_683,Verbal Ability,Vocabulary,KEPT,curated_representative,
TCS_VER_684,Verbal Ability,Vocabulary,KEPT,curated_representative,
TCS_VER_685,Verbal Ability,Vocabulary,KEPT,curated_representative,
TCS_VER_686,Verbal Ability,Vocabulary,KEPT,curated_representative,
TCS_VER_687,Verbal Ability,Vocabulary,KEPT,curated_representative,
TCS_VER_688,Verbal Ability,Vocabulary,KEPT,curated_representative,
TCS_VER_689,Verbal Ability,Vocabulary,KEPT,curated_representative,
TCS_VER_690,Verbal Ability,Vocabulary,KEPT,curated_representative,
TCS_VER_691,Verbal Ability,Vocabulary,KEPT,curated_representative,
TCS_VER_692,Verbal Ability,Vocabulary,KEPT,curated_representative,
TCS_VER_693,Verbal Ability,Vocabulary,KEPT,curated_representative,
TCS_VER_694,Verbal Ability,Vocabulary,KEPT,curated_representative,
TCS_VER_695,Verbal Ability,Vocabulary,KEPT,curated_representative,
TCS_VER_696,Verbal Ability,Vocabulary,KEPT,curated_representative,
TCS_VER_697,Verbal Ability,Vocabulary,KEPT,curated_representative,
TCS_VER_698,Verbal Ability,Vocabulary,KEPT,curated_representative,
TCS_VER_699,Verbal Ability,Vocabulary,KEPT,curated_representative,
TCS_VER_700,Verbal Ability,Vocabulary,KEPT,curated_representative,
TCS_LOG_003,Logical Reasoning,Series,REMOVED,topic_coverage_selection,
TCS_LOG_019,Logical Reasoning,Series,REMOVED,topic_coverage_selection,
TCS_LOG_027,Logical Reasoning,Coding-Decoding,REMOVED,topic_coverage_selection,
TCS_LOG_042,Logical Reasoning,Coding-Decoding,REMOVED,topic_coverage_selection,
TCS_LOG_049,Logical Reasoning,Blood Relations,REMOVED,topic_coverage_selection,
TCS_LOG_073,Logical Reasoning,Syllogisms,REMOVED,topic_coverage_selection,
TCS_LOG_093,Logical Reasoning,Direction Sense,REMOVED,topic_coverage_selection,
TCS_LOG_101,Logical Reasoning,Analogies,REMOVED,topic_coverage_selection,
TCS_LOG_104,Logical Reasoning,Analogies,REMOVED,topic_coverage_selection,
TCS_LOG_126,Logical Reasoning,Classification,REMOVED,topic_coverage_selection,
TCS_LOG_162,Logical Reasoning,Puzzles,REMOVED,topic_coverage_selection,
TCS_LOG_250,Logical Reasoning,Logical,REMOVED,topic_coverage_selection,
TCS_LOG_254,Logical Reasoning,Logical,REMOVED,topic_coverage_selection,
TCS_LOG_295,Logical Reasoning,Logical,REMOVED,near_duplicate,TCS_LOG_292
TCS_LOG_316,Logical Reasoning,Logical,REMOVED,topic_coverage_selection,
TCS_LOG_328,Logical Reasoning,Logical,REMOVED,topic_coverage_selection,
TCS_LOG_329,Logical Reasoning,Logical,REMOVED,topic_coverage_selection,
TCS_LOG_330,Logical Reasoning,Logical,REMOVED,topic_coverage_selection,
TCS_LOG_331,Logical Reasoning,Logical,REMOVED,topic_coverage_selection,
TCS_LOG_342,Logical Reasoning,Logical,REMOVED,topic_coverage_selection,
TCS_LOG_381,Logical Reasoning,Logical,REMOVED,topic_coverage_selection,
TCS_LOG_388,Logical Reasoning,Logical,REMOVED,topic_coverage_selection,
TCS_LOG_396,Logical Reasoning,Logical,REMOVED,topic_coverage_selection,
TCS_LOG_431,Logical Reasoning,Logical,REMOVED,topic_coverage_selection,
TCS_LOG_432,Logical Reasoning,Logical,REMOVED,topic_coverage_selection,
TCS_LOG_435,Logical Reasoning,Logical,REMOVED,topic_coverage_selection,
TCS_LOG_441,Logical Reasoning,Logical,REMOVED,topic_coverage_selection,
TCS_LOG_481,Logical Reasoning,Logical,REMOVED,topic_coverage_selection,
TCS_LOG_508,Logical Reasoning,Logical,REMOVED,topic_coverage_selection,
TCS_LOG_517,Logical Reasoning,Logical,REMOVED,topic_coverage_selection,
TCS_LOG_518,Logical Reasoning,Logical,REMOVED,topic_coverage_selection,
TCS_LOG_519,Logical Reasoning,Logical,REMOVED,topic_coverage_selection,
TCS_LOG_520,Logical Reasoning,Logical,REMOVED,topic_coverage_selection,
TCS_LOG_521,Logical Reasoning,Logical,REMOVED,topic_coverage_selection,
TCS_LOG_522,Logical Reasoning,Logical,REMOVED,topic_coverage_selection,
TCS_LOG_523,Logical Reasoning,Logical,REMOVED,topic_coverage_selection,
TCS_LOG_524,Logical Reasoning,Logical,REMOVED,topic_coverage_selection,
TCS_LOG_525,Logical Reasoning,Logical,REMOVED,topic_coverage_selection,
TCS_LOG_526,Logical Reasoning,Logical,REMOVED,topic_coverage_selection,
TCS_LOG_527,Logical Reasoning,Logical,REMOVED,exact_or_formatting_duplicate,TCS_LOG_517
TCS_LOG_528,Logical Reasoning,Logical,REMOVED,exact_or_formatting_duplicate,TCS_LOG_518
TCS_LOG_529,Logical Reasoning,Logical,REMOVED,exact_or_formatting_duplicate,TCS_LOG_519
TCS_LOG_530,Logical Reasoning,Logical,REMOVED,exact_or_formatting_duplicate,TCS_LOG_520
TCS_LOG_531,Logical Reasoning,Logical,REMOVED,exact_or_formatting_duplicate,TCS_LOG_521
TCS_LOG_532,Logical Reasoning,Logical,REMOVED,exact_or_formatting_duplicate,TCS_LOG_522
TCS_LOG_533,Logical Reasoning,Logical,REMOVED,exact_or_formatting_duplicate,TCS_LOG_523
TCS_LOG_534,Logical Reasoning,Logical,REMOVED,exact_or_formatting_duplicate,TCS_LOG_524
TCS_LOG_535,Logical Reasoning,Logical,REMOVED,exact_or_formatting_duplicate,TCS_LOG_525
TCS_LOG_536,Logical Reasoning,Logical,REMOVED,exact_or_formatting_duplicate,TCS_LOG_526
TCS_LOG_537,Logical Reasoning,Logical,REMOVED,exact_or_formatting_duplicate,TCS_LOG_517
TCS_LOG_538,Logical Reasoning,Logical,REMOVED,exact_or_formatting_duplicate,TCS_LOG_518
TCS_LOG_539,Logical Reasoning,Logical,REMOVED,exact_or_formatting_duplicate,TCS_LOG_519
TCS_LOG_540,Logical Reasoning,Logical,REMOVED,exact_or_formatting_duplicate,TCS_LOG_520
TCS_LOG_541,Logical Reasoning,Logical,REMOVED,exact_or_formatting_duplicate,TCS_LOG_521
TCS_LOG_542,Logical Reasoning,Logical,REMOVED,exact_or_formatting_duplicate,TCS_LOG_522
TCS_LOG_543,Logical Reasoning,Logical,REMOVED,exact_or_formatting_duplicate,TCS_LOG_523
TCS_LOG_544,Logical Reasoning,Logical,REMOVED,exact_or_formatting_duplicate,TCS_LOG_524
TCS_LOG_545,Logical Reasoning,Logical,REMOVED,exact_or_formatting_duplicate,TCS_LOG_525
TCS_LOG_546,Logical Reasoning,Logical,REMOVED,exact_or_formatting_duplicate,TCS_LOG_526
TCS_LOG_547,Logical Reasoning,Logical,REMOVED,exact_or_formatting_duplicate,TCS_LOG_517
TCS_LOG_548,Logical Reasoning,Logical,REMOVED,exact_or_formatting_duplicate,TCS_LOG_518
TCS_LOG_549,Logical Reasoning,Logical,REMOVED,exact_or_formatting_duplicate,TCS_LOG_519
TCS_LOG_550,Logical Reasoning,Logical,REMOVED,exact_or_formatting_duplicate,TCS_LOG_520
TCS_LOG_551,Logical Reasoning,Logical,REMOVED,exact_or_formatting_duplicate,TCS_LOG_521
TCS_LOG_552,Logical Reasoning,Logical,REMOVED,exact_or_formatting_duplicate,TCS_LOG_522
TCS_LOG_553,Logical Reasoning,Logical,REMOVED,exact_or_formatting_duplicate,TCS_LOG_523
TCS_LOG_554,Logical Reasoning,Logical,REMOVED,exact_or_formatting_duplicate,TCS_LOG_524
TCS_LOG_555,Logical Reasoning,Logical,REMOVED,exact_or_formatting_duplicate,TCS_LOG_525
TCS_LOG_556,Logical Reasoning,Logical,REMOVED,exact_or_formatting_duplicate,TCS_LOG_526
TCS_LOG_557,Logical Reasoning,Logical,REMOVED,exact_or_formatting_duplicate,TCS_LOG_517
TCS_LOG_558,Logical Reasoning,Logical,REMOVED,exact_or_formatting_duplicate,TCS_LOG_518
TCS_LOG_559,Logical Reasoning,Logical,REMOVED,exact_or_formatting_duplicate,TCS_LOG_519
TCS_LOG_560,Logical Reasoning,Logical,REMOVED,exact_or_formatting_duplicate,TCS_LOG_520
TCS_LOG_561,Logical Reasoning,Logical,REMOVED,exact_or_formatting_duplicate,TCS_LOG_521
TCS_LOG_562,Logical Reasoning,Logical,REMOVED,exact_or_formatting_duplicate,TCS_LOG_522
TCS_LOG_563,Logical Reasoning,Logical,REMOVED,exact_or_formatting_duplicate,TCS_LOG_523
TCS_LOG_564,Logical Reasoning,Logical,REMOVED,exact_or_formatting_duplicate,TCS_LOG_524
TCS_LOG_565,Logical Reasoning,Logical,REMOVED,exact_or_formatting_duplicate,TCS_LOG_525
TCS_LOG_566,Logical Reasoning,Logical,REMOVED,exact_or_formatting_duplicate,TCS_LOG_526
TCS_LOG_567,Logical Reasoning,Logical,REMOVED,topic_coverage_selection,
TCS_LOG_571,Logical Reasoning,Logical,REMOVED,topic_coverage_selection,
TCS_LOG_572,Logical Reasoning,Logical,REMOVED,topic_coverage_selection,
TCS_LOG_573,Logical Reasoning,Logical,REMOVED,topic_coverage_selection,
TCS_LOG_574,Logical Reasoning,Logical,REMOVED,topic_coverage_selection,
TCS_LOG_576,Logical Reasoning,Logical,REMOVED,topic_coverage_selection,
TCS_LOG_577,Logical Reasoning,Logical,REMOVED,exact_or_formatting_duplicate,TCS_LOG_567
TCS_LOG_578,Logical Reasoning,Logical,REMOVED,exact_or_formatting_duplicate,TCS_LOG_568
TCS_LOG_579,Logical Reasoning,Logical,REMOVED,exact_or_formatting_duplicate,TCS_LOG_569
TCS_LOG_580,Logical Reasoning,Logical,REMOVED,exact_or_formatting_duplicate,TCS_LOG_570
TCS_LOG_581,Logical Reasoning,Logical,REMOVED,exact_or_formatting_duplicate,TCS_LOG_571
TCS_LOG_582,Logical Reasoning,Logical,REMOVED,exact_or_formatting_duplicate,TCS_LOG_572
TCS_LOG_583,Logical Reasoning,Logical,REMOVED,exact_or_formatting_duplicate,TCS_LOG_573
TCS_LOG_584,Logical Reasoning,Logical,REMOVED,exact_or_formatting_duplicate,TCS_LOG_574
TCS_LOG_585,Logical Reasoning,Logical,REMOVED,exact_or_formatting_duplicate,TCS_LOG_575
TCS_LOG_586,Logical Reasoning,Logical,REMOVED,exact_or_formatting_duplicate,TCS_LOG_576
TCS_LOG_587,Logical Reasoning,Logical,REMOVED,exact_or_formatting_duplicate,TCS_LOG_567
TCS_LOG_588,Logical Reasoning,Logical,REMOVED,exact_or_formatting_duplicate,TCS_LOG_568
TCS_LOG_589,Logical Reasoning,Logical,REMOVED,exact_or_formatting_duplicate,TCS_LOG_569
TCS_LOG_590,Logical Reasoning,Logical,REMOVED,exact_or_formatting_duplicate,TCS_LOG_570
TCS_LOG_591,Logical Reasoning,Logical,REMOVED,exact_or_formatting_duplicate,TCS_LOG_571
TCS_LOG_592,Logical Reasoning,Logical,REMOVED,exact_or_formatting_duplicate,TCS_LOG_572
TCS_LOG_593,Logical Reasoning,Logical,REMOVED,exact_or_formatting_duplicate,TCS_LOG_573
TCS_LOG_594,Logical Reasoning,Logical,REMOVED,exact_or_formatting_duplicate,TCS_LOG_574
TCS_LOG_595,Logical Reasoning,Logical,REMOVED,exact_or_formatting_duplicate,TCS_LOG_575
TCS_LOG_596,Logical Reasoning,Logical,REMOVED,exact_or_formatting_duplicate,TCS_LOG_576
TCS_LOG_597,Logical Reasoning,Logical,REMOVED,exact_or_formatting_duplicate,TCS_LOG_567
TCS_LOG_598,Logical Reasoning,Logical,REMOVED,exact_or_formatting_duplicate,TCS_LOG_568
TCS_LOG_599,Logical Reasoning,Logical,REMOVED,exact_or_formatting_duplicate,TCS_LOG_569
TCS_LOG_600,Logical Reasoning,Logical,REMOVED,exact_or_formatting_duplicate,TCS_LOG_570
TCS_LOG_601,Logical Reasoning,Logical,REMOVED,exact_or_formatting_duplicate,TCS_LOG_571
TCS_LOG_602,Logical Reasoning,Logical,REMOVED,exact_or_formatting_duplicate,TCS_LOG_572
TCS_LOG_603,Logical Reasoning,Logical,REMOVED,exact_or_formatting_duplicate,TCS_LOG_573
TCS_LOG_604,Logical Reasoning,Logical,REMOVED,exact_or_formatting_duplicate,TCS_LOG_574
TCS_LOG_605,Logical Reasoning,Logical,REMOVED,exact_or_formatting_duplicate,TCS_LOG_575
TCS_LOG_606,Logical Reasoning,Logical,REMOVED,exact_or_formatting_duplicate,TCS_LOG_576
TCS_LOG_607,Logical Reasoning,Logical,REMOVED,exact_or_formatting_duplicate,TCS_LOG_567
TCS_LOG_608,Logical Reasoning,Logical,REMOVED,exact_or_formatting_duplicate,TCS_LOG_568
TCS_LOG_609,Logical Reasoning,Logical,REMOVED,exact_or_formatting_duplicate,TCS_LOG_569
TCS_LOG_610,Logical Reasoning,Logical,REMOVED,exact_or_formatting_duplicate,TCS_LOG_570
TCS_LOG_611,Logical Reasoning,Logical,REMOVED,exact_or_formatting_duplicate,TCS_LOG_571
TCS_LOG_612,Logical Reasoning,Logical,REMOVED,exact_or_formatting_duplicate,TCS_LOG_572
TCS_LOG_613,Logical Reasoning,Logical,REMOVED,exact_or_formatting_duplicate,TCS_LOG_573
TCS_LOG_614,Logical Reasoning,Logical,REMOVED,exact_or_formatting_duplicate,TCS_LOG_574
TCS_LOG_615,Logical Reasoning,Logical,REMOVED,exact_or_formatting_duplicate,TCS_LOG_575
TCS_LOG_616,Logical Reasoning,Logical,REMOVED,exact_or_formatting_duplicate,TCS_LOG_576
TCS_LOG_621,Logical Reasoning,Logical,REMOVED,exact_or_formatting_duplicate,TCS_LOG_617
TCS_LOG_622,Logical Reasoning,Logical,REMOVED,exact_or_formatting_duplicate,TCS_LOG_618
TCS_LOG_623,Logical Reasoning,Logical,REMOVED,exact_or_formatting_duplicate,TCS_LOG_619
TCS_LOG_624,Logical Reasoning,Logical,REMOVED,exact_or_formatting_duplicate,TCS_LOG_620
TCS_LOG_625,Logical Reasoning,Logical,REMOVED,exact_or_formatting_duplicate,TCS_LOG_617
TCS_LOG_626,Logical Reasoning,Logical,REMOVED,exact_or_formatting_duplicate,TCS_LOG_618
TCS_LOG_627,Logical Reasoning,Logical,REMOVED,exact_or_formatting_duplicate,TCS_LOG_619
TCS_LOG_628,Logical Reasoning,Logical,REMOVED,exact_or_formatting_duplicate,TCS_LOG_620
TCS_LOG_629,Logical Reasoning,Logical,REMOVED,exact_or_formatting_duplicate,TCS_LOG_617
TCS_LOG_630,Logical Reasoning,Logical,REMOVED,exact_or_formatting_duplicate,TCS_LOG_618
TCS_LOG_631,Logical Reasoning,Logical,REMOVED,exact_or_formatting_duplicate,TCS_LOG_619
TCS_LOG_632,Logical Reasoning,Logical,REMOVED,exact_or_formatting_duplicate,TCS_LOG_620
TCS_LOG_633,Logical Reasoning,Logical,REMOVED,exact_or_formatting_duplicate,TCS_LOG_617
TCS_LOG_634,Logical Reasoning,Logical,REMOVED,exact_or_formatting_duplicate,TCS_LOG_618
TCS_LOG_635,Logical Reasoning,Logical,REMOVED,exact_or_formatting_duplicate,TCS_LOG_619
TCS_LOG_636,Logical Reasoning,Logical,REMOVED,exact_or_formatting_duplicate,TCS_LOG_620
TCS_LOG_641,Logical Reasoning,Logical,REMOVED,exact_or_formatting_duplicate,TCS_LOG_637
TCS_LOG_642,Logical Reasoning,Logical,REMOVED,exact_or_formatting_duplicate,TCS_LOG_638
TCS_LOG_643,Logical Reasoning,Logical,REMOVED,exact_or_formatting_duplicate,TCS_LOG_639
TCS_LOG_644,Logical Reasoning,Logical,REMOVED,exact_or_formatting_duplicate,TCS_LOG_640
TCS_LOG_645,Logical Reasoning,Logical,REMOVED,exact_or_formatting_duplicate,TCS_LOG_637
TCS_LOG_646,Logical Reasoning,Logical,REMOVED,exact_or_formatting_duplicate,TCS_LOG_638
TCS_LOG_647,Logical Reasoning,Logical,REMOVED,exact_or_formatting_duplicate,TCS_LOG_639
TCS_LOG_648,Logical Reasoning,Logical,REMOVED,exact_or_formatting_duplicate,TCS_LOG_640
TCS_LOG_649,Logical Reasoning,Logical,REMOVED,exact_or_formatting_duplicate,TCS_LOG_637
TCS_LOG_650,Logical Reasoning,Logical,REMOVED,exact_or_formatting_duplicate,TCS_LOG_638
TCS_LOG_651,Logical Reasoning,Logical,REMOVED,exact_or_formatting_duplicate,TCS_LOG_639
TCS_LOG_652,Logical Reasoning,Logical,REMOVED,exact_or_formatting_duplicate,TCS_LOG_640
TCS_LOG_653,Logical Reasoning,Logical,REMOVED,exact_or_formatting_duplicate,TCS_LOG_637
TCS_LOG_654,Logical Reasoning,Logical,REMOVED,exact_or_formatting_duplicate,TCS_LOG_638
TCS_LOG_655,Logical Reasoning,Logical,REMOVED,exact_or_formatting_duplicate,TCS_LOG_639
TCS_LOG_656,Logical Reasoning,Logical,REMOVED,exact_or_formatting_duplicate,TCS_LOG_640
TCS_LOG_657,Logical Reasoning,Logical,REMOVED,topic_coverage_selection,
TCS_LOG_658,Logical Reasoning,Logical,REMOVED,topic_coverage_selection,
TCS_LOG_660,Logical Reasoning,Logical,REMOVED,topic_coverage_selection,
TCS_LOG_661,Logical Reasoning,Logical,REMOVED,exact_or_formatting_duplicate,TCS_LOG_657
TCS_LOG_662,Logical Reasoning,Logical,REMOVED,exact_or_formatting_duplicate,TCS_LOG_658
TCS_LOG_663,Logical Reasoning,Logical,REMOVED,exact_or_formatting_duplicate,TCS_LOG_659
TCS_LOG_664,Logical Reasoning,Logical,REMOVED,exact_or_formatting_duplicate,TCS_LOG_660
TCS_LOG_665,Logical Reasoning,Logical,REMOVED,exact_or_formatting_duplicate,TCS_LOG_657
TCS_LOG_666,Logical Reasoning,Logical,REMOVED,exact_or_formatting_duplicate,TCS_LOG_658
TCS_LOG_667,Logical Reasoning,Logical,REMOVED,exact_or_formatting_duplicate,TCS_LOG_659
TCS_LOG_668,Logical Reasoning,Logical,REMOVED,exact_or_formatting_duplicate,TCS_LOG_660
TCS_LOG_669,Logical Reasoning,Logical,REMOVED,exact_or_formatting_duplicate,TCS_LOG_657
TCS_LOG_670,Logical Reasoning,Logical,REMOVED,exact_or_formatting_duplicate,TCS_LOG_658
TCS_LOG_671,Logical Reasoning,Logical,REMOVED,exact_or_formatting_duplicate,TCS_LOG_659
TCS_LOG_672,Logical Reasoning,Logical,REMOVED,exact_or_formatting_duplicate,TCS_LOG_660
TCS_LOG_673,Logical Reasoning,Logical,REMOVED,exact_or_formatting_duplicate,TCS_LOG_657
TCS_LOG_674,Logical Reasoning,Logical,REMOVED,exact_or_formatting_duplicate,TCS_LOG_658
TCS_LOG_675,Logical Reasoning,Logical,REMOVED,exact_or_formatting_duplicate,TCS_LOG_659
TCS_LOG_676,Logical Reasoning,Logical,REMOVED,exact_or_formatting_duplicate,TCS_LOG_660
TCS_LOG_677,Logical Reasoning,Logical,REMOVED,exact_or_formatting_duplicate,TCS_LOG_517
TCS_LOG_678,Logical Reasoning,Logical,REMOVED,exact_or_formatting_duplicate,TCS_LOG_518
TCS_LOG_679,Logical Reasoning,Logical,REMOVED,exact_or_formatting_duplicate,TCS_LOG_519
TCS_LOG_680,Logical Reasoning,Logical,REMOVED,exact_or_formatting_duplicate,TCS_LOG_520
TCS_LOG_681,Logical Reasoning,Logical,REMOVED,exact_or_formatting_duplicate,TCS_LOG_521
TCS_LOG_682,Logical Reasoning,Logical,REMOVED,exact_or_formatting_duplicate,TCS_LOG_522
TCS_LOG_683,Logical Reasoning,Logical,REMOVED,exact_or_formatting_duplicate,TCS_LOG_523
TCS_LOG_684,Logical Reasoning,Logical,REMOVED,exact_or_formatting_duplicate,TCS_LOG_524
TCS_LOG_685,Logical Reasoning,Logical,REMOVED,exact_or_formatting_duplicate,TCS_LOG_525
TCS_LOG_686,Logical Reasoning,Logical,REMOVED,exact_or_formatting_duplicate,TCS_LOG_526
TCS_LOG_687,Logical Reasoning,Logical,REMOVED,exact_or_formatting_duplicate,TCS_LOG_517
TCS_LOG_688,Logical Reasoning,Logical,REMOVED,exact_or_formatting_duplicate,TCS_LOG_518
TCS_LOG_689,Logical Reasoning,Logical,REMOVED,exact_or_formatting_duplicate,TCS_LOG_519
TCS_LOG_690,Logical Reasoning,Logical,REMOVED,exact_or_formatting_duplicate,TCS_LOG_520
TCS_LOG_691,Logical Reasoning,Logical,REMOVED,exact_or_formatting_duplicate,TCS_LOG_521
TCS_LOG_692,Logical Reasoning,Logical,REMOVED,exact_or_formatting_duplicate,TCS_LOG_522
TCS_LOG_693,Logical Reasoning,Logical,REMOVED,exact_or_formatting_duplicate,TCS_LOG_523
TCS_LOG_694,Logical Reasoning,Logical,REMOVED,exact_or_formatting_duplicate,TCS_LOG_524
TCS_LOG_695,Logical Reasoning,Logical,REMOVED,exact_or_formatting_duplicate,TCS_LOG_525
TCS_LOG_696,Logical Reasoning,Logical,REMOVED,exact_or_formatting_duplicate,TCS_LOG_526
TCS_LOG_697,Logical Reasoning,Logical,REMOVED,exact_or_formatting_duplicate,TCS_LOG_517
TCS_LOG_698,Logical Reasoning,Logical,REMOVED,exact_or_formatting_duplicate,TCS_LOG_518
TCS_LOG_699,Logical Reasoning,Logical,REMOVED,exact_or_formatting_duplicate,TCS_LOG_519
TCS_LOG_700,Logical Reasoning,Logical,REMOVED,exact_or_formatting_duplicate,TCS_LOG_520
TCS_APT_001,Numerical Ability,Percentages,REMOVED,topic_coverage_selection,
TCS_APT_002,Numerical Ability,Percentages,REMOVED,topic_coverage_selection,
TCS_APT_006,Numerical Ability,Percentages,REMOVED,topic_coverage_selection,
TCS_APT_016,Numerical Ability,Percentages,REMOVED,topic_coverage_selection,
TCS_APT_018,Numerical Ability,Percentages,REMOVED,topic_coverage_selection,
TCS_APT_026,Numerical Ability,Profit and Loss,REMOVED,topic_coverage_selection,
TCS_APT_035,Numerical Ability,Profit and Loss,REMOVED,topic_coverage_selection,
TCS_APT_037,Numerical Ability,Profit and Loss,REMOVED,topic_coverage_selection,
TCS_APT_040,Numerical Ability,Profit and Loss,REMOVED,topic_coverage_selection,
TCS_APT_043,Numerical Ability,Simple Interest,REMOVED,topic_coverage_selection,
TCS_APT_046,Numerical Ability,Simple Interest,REMOVED,topic_coverage_selection,
TCS_APT_056,Numerical Ability,Compound Interest,REMOVED,topic_coverage_selection,
TCS_APT_057,Numerical Ability,Compound Interest,REMOVED,topic_coverage_selection,
TCS_APT_059,Numerical Ability,Speed and Distance,REMOVED,topic_coverage_selection,
TCS_APT_060,Numerical Ability,Speed and Distance,REMOVED,topic_coverage_selection,
TCS_APT_062,Numerical Ability,Speed and Distance,REMOVED,topic_coverage_selection,
TCS_APT_064,Numerical Ability,Speed and Distance,REMOVED,topic_coverage_selection,
TCS_APT_077,Numerical Ability,Time and Work,REMOVED,topic_coverage_selection,
TCS_APT_078,Numerical Ability,Time and Work,REMOVED,topic_coverage_selection,
TCS_APT_079,Numerical Ability,Time and Work,REMOVED,topic_coverage_selection,
TCS_APT_083,Numerical Ability,Time and Work,REMOVED,topic_coverage_selection,
TCS_APT_090,Numerical Ability,Ratio and Proportion,REMOVED,topic_coverage_selection,
TCS_APT_091,Numerical Ability,Ratio and Proportion,REMOVED,topic_coverage_selection,
TCS_APT_094,Numerical Ability,Ratio and Proportion,REMOVED,topic_coverage_selection,
TCS_APT_101,Numerical Ability,Averages,REMOVED,topic_coverage_selection,
TCS_APT_104,Numerical Ability,Averages,REMOVED,topic_coverage_selection,
TCS_APT_111,Numerical Ability,Algebra,REMOVED,topic_coverage_selection,
TCS_APT_115,Numerical Ability,Algebra,REMOVED,topic_coverage_selection,
TCS_APT_116,Numerical Ability,Algebra,REMOVED,topic_coverage_selection,
TCS_APT_123,Numerical Ability,Algebra,REMOVED,topic_coverage_selection,
TCS_APT_128,Numerical Ability,Mensuration,REMOVED,topic_coverage_selection,
TCS_APT_129,Numerical Ability,Mensuration,REMOVED,topic_coverage_selection,
TCS_APT_130,Numerical Ability,Mensuration,REMOVED,topic_coverage_selection,
TCS_APT_134,Numerical Ability,Mensuration,REMOVED,topic_coverage_selection,
TCS_APT_135,Numerical Ability,Mensuration,REMOVED,topic_coverage_selection,
TCS_APT_136,Numerical Ability,Mensuration,REMOVED,near_duplicate,TCS_APT_130
TCS_APT_137,Numerical Ability,Mensuration,REMOVED,topic_coverage_selection,
TCS_APT_145,Numerical Ability,Number Series,REMOVED,topic_coverage_selection,
TCS_APT_147,Numerical Ability,Number Series,REMOVED,topic_coverage_selection,
TCS_APT_151,Numerical Ability,Number Series,REMOVED,topic_coverage_selection,
TCS_APT_156,Numerical Ability,Permutation and Combination,REMOVED,near_duplicate,TCS_APT_495
TCS_APT_160,Numerical Ability,Permutation and Combination,REMOVED,topic_coverage_selection,
TCS_APT_161,Numerical Ability,Permutation and Combination,REMOVED,topic_coverage_selection,
TCS_APT_167,Numerical Ability,Probability,REMOVED,topic_coverage_selection,
TCS_APT_172,Numerical Ability,Probability,REMOVED,topic_coverage_selection,
TCS_APT_173,Numerical Ability,Probability,REMOVED,topic_coverage_selection,
TCS_APT_177,Numerical Ability,HCF and LCM,REMOVED,topic_coverage_selection,
TCS_APT_178,Numerical Ability,HCF and LCM,REMOVED,topic_coverage_selection,
TCS_APT_197,Numerical Ability,Calendars,REMOVED,topic_coverage_selection,
TCS_APT_214,Numerical Ability,Aptitude,REMOVED,topic_coverage_selection,
TCS_APT_217,Numerical Ability,Aptitude,REMOVED,topic_coverage_selection,
TCS_APT_245,Numerical Ability,Aptitude,REMOVED,topic_coverage_selection,
TCS_APT_250,Numerical Ability,Aptitude,REMOVED,topic_coverage_selection,
TCS_APT_252,Numerical Ability,Aptitude,REMOVED,topic_coverage_selection,
TCS_APT_279,Numerical Ability,Aptitude,REMOVED,topic_coverage_selection,
TCS_APT_280,Numerical Ability,Aptitude,REMOVED,topic_coverage_selection,
TCS_APT_281,Numerical Ability,Aptitude,REMOVED,topic_coverage_selection,
TCS_APT_282,Numerical Ability,Aptitude,REMOVED,topic_coverage_selection,
TCS_APT_285,Numerical Ability,Aptitude,REMOVED,topic_coverage_selection,
TCS_APT_306,Numerical Ability,Aptitude,REMOVED,topic_coverage_selection,
TCS_APT_315,Numerical Ability,Aptitude,REMOVED,near_duplicate,TCS_APT_559
TCS_APT_318,Numerical Ability,Aptitude,REMOVED,topic_coverage_selection,
TCS_APT_336,Numerical Ability,Aptitude,REMOVED,topic_coverage_selection,
TCS_APT_337,Numerical Ability,Aptitude,REMOVED,topic_coverage_selection,
TCS_APT_339,Numerical Ability,Aptitude,REMOVED,topic_coverage_selection,
TCS_APT_340,Numerical Ability,Aptitude,REMOVED,topic_coverage_selection,
TCS_APT_348,Numerical Ability,Aptitude,REMOVED,topic_coverage_selection,
TCS_APT_364,Numerical Ability,Aptitude,REMOVED,topic_coverage_selection,
TCS_APT_369,Numerical Ability,Aptitude,REMOVED,topic_coverage_selection,
TCS_APT_410,Numerical Ability,Percentages,REMOVED,topic_coverage_selection,
TCS_APT_411,Numerical Ability,Percentages,REMOVED,topic_coverage_selection,
TCS_APT_415,Numerical Ability,Profit and Loss,REMOVED,topic_coverage_selection,
TCS_APT_416,Numerical Ability,Profit and Loss,REMOVED,topic_coverage_selection,
TCS_APT_420,Numerical Ability,Profit and Loss,REMOVED,topic_coverage_selection,
TCS_APT_425,Numerical Ability,Compound Interest,REMOVED,topic_coverage_selection,
TCS_APT_429,Numerical Ability,Speed and Distance,REMOVED,topic_coverage_selection,
TCS_APT_434,Numerical Ability,Speed and Distance,REMOVED,topic_coverage_selection,
TCS_APT_443,Numerical Ability,Time and Work,REMOVED,topic_coverage_selection,
TCS_APT_449,Numerical Ability,Averages,REMOVED,topic_coverage_selection,
TCS_APT_453,Numerical Ability,Algebra,REMOVED,topic_coverage_selection,
TCS_APT_460,Numerical Ability,Algebra,REMOVED,topic_coverage_selection,
TCS_APT_463,Numerical Ability,Mensuration,REMOVED,topic_coverage_selection,
TCS_APT_464,Numerical Ability,Mensuration,REMOVED,exact_or_formatting_duplicate,TCS_APT_275
TCS_APT_474,Numerical Ability,Number Systems,REMOVED,topic_coverage_selection,
TCS_APT_478,Numerical Ability,Number Systems,REMOVED,topic_coverage_selection,
TCS_APT_486,Numerical Ability,Data Interpretation,REMOVED,topic_coverage_selection,
TCS_APT_490,Numerical Ability,Clocks,REMOVED,topic_coverage_selection,
TCS_APT_496,Numerical Ability,Permutation and Combination,REMOVED,topic_coverage_selection,
TCS_APT_510,Numerical Ability,Logarithms,REMOVED,topic_coverage_selection,
TCS_APT_511,Numerical Ability,Logarithms,REMOVED,topic_coverage_selection,
TCS_APT_512,Numerical Ability,Logarithms,REMOVED,near_duplicate,TCS_APT_511
TCS_APT_522,Numerical Ability,Surds and Indices,REMOVED,topic_coverage_selection,
TCS_APT_526,Numerical Ability,Aptitude,REMOVED,topic_coverage_selection,
TCS_APT_527,Numerical Ability,Aptitude,REMOVED,topic_coverage_selection,
TCS_APT_529,Numerical Ability,Aptitude,REMOVED,topic_coverage_selection,
TCS_APT_530,Numerical Ability,Aptitude,REMOVED,topic_coverage_selection,
TCS_APT_531,Numerical Ability,Aptitude,REMOVED,topic_coverage_selection,
TCS_APT_532,Numerical Ability,Aptitude,REMOVED,topic_coverage_selection,
TCS_APT_534,Numerical Ability,Aptitude,REMOVED,topic_coverage_selection,
TCS_APT_542,Numerical Ability,Aptitude,REMOVED,topic_coverage_selection,
TCS_APT_543,Numerical Ability,Aptitude,REMOVED,topic_coverage_selection,
TCS_APT_546,Numerical Ability,Aptitude,REMOVED,topic_coverage_selection,
TCS_APT_547,Numerical Ability,Aptitude,REMOVED,topic_coverage_selection,
TCS_APT_548,Numerical Ability,Aptitude,REMOVED,topic_coverage_selection,
TCS_APT_549,Numerical Ability,Aptitude,REMOVED,topic_coverage_selection,
TCS_APT_550,Numerical Ability,Aptitude,REMOVED,topic_coverage_selection,
TCS_APT_551,Numerical Ability,Aptitude,REMOVED,topic_coverage_selection,
TCS_APT_552,Numerical Ability,Aptitude,REMOVED,topic_coverage_selection,
TCS_APT_554,Numerical Ability,Aptitude,REMOVED,topic_coverage_selection,
TCS_APT_555,Numerical Ability,Aptitude,REMOVED,topic_coverage_selection,
TCS_APT_558,Numerical Ability,Aptitude,REMOVED,topic_coverage_selection,
TCS_APT_560,Numerical Ability,Aptitude,REMOVED,topic_coverage_selection,
TCS_APT_561,Numerical Ability,Aptitude,REMOVED,topic_coverage_selection,
TCS_APT_562,Numerical Ability,Aptitude,REMOVED,topic_coverage_selection,
TCS_APT_564,Numerical Ability,Aptitude,REMOVED,topic_coverage_selection,
TCS_APT_565,Numerical Ability,Aptitude,REMOVED,topic_coverage_selection,
TCS_APT_566,Numerical Ability,Aptitude,REMOVED,topic_coverage_selection,
TCS_APT_567,Numerical Ability,Aptitude,REMOVED,topic_coverage_selection,
TCS_APT_573,Numerical Ability,Aptitude,REMOVED,topic_coverage_selection,
TCS_APT_574,Numerical Ability,Aptitude,REMOVED,topic_coverage_selection,
TCS_APT_575,Numerical Ability,Aptitude,REMOVED,topic_coverage_selection,
TCS_APT_576,Numerical Ability,Aptitude,REMOVED,topic_coverage_selection,
TCS_APT_577,Numerical Ability,Aptitude,REMOVED,topic_coverage_selection,
TCS_APT_581,Numerical Ability,Aptitude,REMOVED,topic_coverage_selection,
TCS_APT_582,Numerical Ability,Aptitude,REMOVED,topic_coverage_selection,
TCS_APT_589,Numerical Ability,Aptitude,REMOVED,topic_coverage_selection,
TCS_APT_593,Numerical Ability,Aptitude,REMOVED,topic_coverage_selection,
TCS_APT_594,Numerical Ability,Aptitude,REMOVED,topic_coverage_selection,
TCS_APT_595,Numerical Ability,Aptitude,REMOVED,topic_coverage_selection,
TCS_APT_596,Numerical Ability,Aptitude,REMOVED,topic_coverage_selection,
TCS_APT_597,Numerical Ability,Aptitude,REMOVED,topic_coverage_selection,
TCS_APT_598,Numerical Ability,Aptitude,REMOVED,topic_coverage_selection,
TCS_APT_602,Numerical Ability,Aptitude,REMOVED,topic_coverage_selection,
TCS_APT_608,Numerical Ability,Aptitude,REMOVED,topic_coverage_selection,
TCS_APT_609,Numerical Ability,Aptitude,REMOVED,topic_coverage_selection,
TCS_APT_612,Numerical Ability,Aptitude,REMOVED,topic_coverage_selection,
TCS_APT_613,Numerical Ability,Aptitude,REMOVED,topic_coverage_selection,
TCS_APT_614,Numerical Ability,Aptitude,REMOVED,topic_coverage_selection,
TCS_APT_619,Numerical Ability,Aptitude,REMOVED,topic_coverage_selection,
TCS_APT_621,Numerical Ability,Aptitude,REMOVED,topic_coverage_selection,
TCS_APT_622,Numerical Ability,Aptitude,REMOVED,topic_coverage_selection,
TCS_APT_631,Numerical Ability,Aptitude,REMOVED,near_duplicate,TCS_APT_651
TCS_APT_635,Numerical Ability,Aptitude,REMOVED,near_duplicate,TCS_APT_530
TCS_APT_636,Numerical Ability,Aptitude,REMOVED,topic_coverage_selection,
TCS_APT_637,Numerical Ability,Aptitude,REMOVED,topic_coverage_selection,
TCS_APT_638,Numerical Ability,Aptitude,REMOVED,topic_coverage_selection,
TCS_APT_639,Numerical Ability,Aptitude,REMOVED,topic_coverage_selection,
TCS_APT_644,Numerical Ability,Aptitude,REMOVED,near_duplicate,TCS_APT_684
TCS_APT_645,Numerical Ability,Aptitude,REMOVED,topic_coverage_selection,
TCS_APT_646,Numerical Ability,Aptitude,REMOVED,topic_coverage_selection,
TCS_APT_648,Numerical Ability,Aptitude,REMOVED,near_duplicate,TCS_APT_668
TCS_APT_650,Numerical Ability,Aptitude,REMOVED,topic_coverage_selection,
TCS_APT_651,Numerical Ability,Aptitude,REMOVED,topic_coverage_selection,
TCS_APT_652,Numerical Ability,Aptitude,REMOVED,near_duplicate,TCS_APT_632
TCS_APT_653,Numerical Ability,Aptitude,REMOVED,near_duplicate,TCS_APT_633
TCS_APT_654,Numerical Ability,Aptitude,REMOVED,near_duplicate,TCS_APT_634
TCS_APT_655,Numerical Ability,Aptitude,REMOVED,topic_coverage_selection,
TCS_APT_656,Numerical Ability,Aptitude,REMOVED,near_duplicate,TCS_APT_636
TCS_APT_657,Numerical Ability,Aptitude,REMOVED,topic_coverage_selection,
TCS_APT_658,Numerical Ability,Aptitude,REMOVED,topic_coverage_selection,
TCS_APT_659,Numerical Ability,Aptitude,REMOVED,near_duplicate,TCS_APT_639
TCS_APT_660,Numerical Ability,Aptitude,REMOVED,near_duplicate,TCS_APT_640
TCS_APT_661,Numerical Ability,Aptitude,REMOVED,near_duplicate,TCS_APT_641
TCS_APT_662,Numerical Ability,Aptitude,REMOVED,near_duplicate,TCS_APT_642
TCS_APT_663,Numerical Ability,Aptitude,REMOVED,near_duplicate,TCS_APT_643
TCS_APT_664,Numerical Ability,Aptitude,REMOVED,near_duplicate,TCS_APT_684
TCS_APT_665,Numerical Ability,Aptitude,REMOVED,topic_coverage_selection,
TCS_APT_666,Numerical Ability,Aptitude,REMOVED,topic_coverage_selection,
TCS_APT_667,Numerical Ability,Aptitude,REMOVED,near_duplicate,TCS_APT_647
TCS_APT_669,Numerical Ability,Aptitude,REMOVED,near_duplicate,TCS_APT_649
TCS_APT_670,Numerical Ability,Aptitude,REMOVED,topic_coverage_selection,
TCS_APT_671,Numerical Ability,Aptitude,REMOVED,near_duplicate,TCS_APT_651
TCS_APT_672,Numerical Ability,Aptitude,REMOVED,near_duplicate,TCS_APT_632
TCS_APT_673,Numerical Ability,Aptitude,REMOVED,near_duplicate,TCS_APT_633
TCS_APT_674,Numerical Ability,Aptitude,REMOVED,near_duplicate,TCS_APT_634
TCS_APT_675,Numerical Ability,Aptitude,REMOVED,topic_coverage_selection,
TCS_APT_676,Numerical Ability,Aptitude,REMOVED,near_duplicate,TCS_APT_636
TCS_APT_677,Numerical Ability,Aptitude,REMOVED,topic_coverage_selection,
TCS_APT_678,Numerical Ability,Aptitude,REMOVED,topic_coverage_selection,
TCS_APT_679,Numerical Ability,Aptitude,REMOVED,near_duplicate,TCS_APT_639
TCS_APT_680,Numerical Ability,Aptitude,REMOVED,near_duplicate,TCS_APT_640
TCS_APT_681,Numerical Ability,Aptitude,REMOVED,near_duplicate,TCS_APT_641
TCS_APT_682,Numerical Ability,Aptitude,REMOVED,near_duplicate,TCS_APT_642
TCS_APT_683,Numerical Ability,Aptitude,REMOVED,near_duplicate,TCS_APT_643
TCS_APT_684,Numerical Ability,Aptitude,REMOVED,topic_coverage_selection,
TCS_APT_686,Numerical Ability,Aptitude,REMOVED,topic_coverage_selection,
TCS_APT_687,Numerical Ability,Aptitude,REMOVED,near_duplicate,TCS_APT_647
TCS_APT_688,Numerical Ability,Aptitude,REMOVED,near_duplicate,TCS_APT_668
TCS_APT_689,Numerical Ability,Aptitude,REMOVED,near_duplicate,TCS_APT_649
TCS_APT_690,Numerical Ability,Aptitude,REMOVED,topic_coverage_selection,
TCS_APT_691,Numerical Ability,Aptitude,REMOVED,near_duplicate,TCS_APT_651
TCS_APT_692,Numerical Ability,Aptitude,REMOVED,near_duplicate,TCS_APT_632
TCS_APT_693,Numerical Ability,Aptitude,REMOVED,near_duplicate,TCS_APT_633
TCS_APT_694,Numerical Ability,Aptitude,REMOVED,near_duplicate,TCS_APT_634
TCS_APT_695,Numerical Ability,Aptitude,REMOVED,topic_coverage_selection,
TCS_APT_696,Numerical Ability,Aptitude,REMOVED,near_duplicate,TCS_APT_636
TCS_APT_697,Numerical Ability,Aptitude,REMOVED,topic_coverage_selection,
TCS_APT_698,Numerical Ability,Aptitude,REMOVED,topic_coverage_selection,
TCS_APT_699,Numerical Ability,Aptitude,REMOVED,near_duplicate,TCS_APT_639
TCS_APT_700,Numerical Ability,Aptitude,REMOVED,near_duplicate,TCS_APT_640
TCS_VER_004,Verbal Ability,Vocabulary,REMOVED,near_duplicate,TCS_VER_018
TCS_VER_005,Verbal Ability,Vocabulary,REMOVED,near_duplicate,TCS_VER_002
TCS_VER_006,Verbal Ability,Vocabulary,REMOVED,near_duplicate,TCS_VER_002
TCS_VER_008,Verbal Ability,Vocabulary,REMOVED,near_duplicate,TCS_VER_543
TCS_VER_009,Verbal Ability,Vocabulary,REMOVED,near_duplicate,TCS_VER_018
TCS_VER_010,Verbal Ability,Vocabulary,REMOVED,near_duplicate,TCS_VER_001
TCS_VER_011,Verbal Ability,Vocabulary,REMOVED,near_duplicate,TCS_VER_018
TCS_VER_012,Verbal Ability,Vocabulary,REMOVED,near_duplicate,TCS_VER_002
TCS_VER_013,Verbal Ability,Vocabulary,REMOVED,near_duplicate,TCS_VER_540
TCS_VER_014,Verbal Ability,Vocabulary,REMOVED,near_duplicate,TCS_VER_530
TCS_VER_015,Verbal Ability,Vocabulary,REMOVED,near_duplicate,TCS_VER_530
TCS_VER_016,Verbal Ability,Vocabulary,REMOVED,near_duplicate,TCS_VER_540
TCS_VER_017,Verbal Ability,Vocabulary,REMOVED,near_duplicate,TCS_VER_001
TCS_VER_019,Verbal Ability,Vocabulary,REMOVED,near_duplicate,TCS_VER_002
TCS_VER_020,Verbal Ability,Vocabulary,REMOVED,near_duplicate,TCS_VER_007
TCS_VER_022,Verbal Ability,Vocabulary,REMOVED,near_duplicate,TCS_VER_562
TCS_VER_023,Verbal Ability,Vocabulary,REMOVED,near_duplicate,TCS_VER_536
TCS_VER_024,Verbal Ability,Vocabulary,REMOVED,near_duplicate,TCS_VER_606
TCS_VER_025,Verbal Ability,Vocabulary,REMOVED,near_duplicate,TCS_VER_047
TCS_VER_026,Verbal Ability,Vocabulary,REMOVED,near_duplicate,TCS_VER_523
TCS_VER_027,Verbal Ability,Vocabulary,REMOVED,near_duplicate,TCS_VER_001
TCS_VER_028,Verbal Ability,Vocabulary,REMOVED,near_duplicate,TCS_VER_018
TCS_VER_029,Verbal Ability,Vocabulary,REMOVED,near_duplicate,TCS_VER_007
TCS_VER_030,Verbal Ability,Vocabulary,REMOVED,near_duplicate,TCS_VER_582
TCS_VER_031,Verbal Ability,Vocabulary,REMOVED,near_duplicate,TCS_VER_540
TCS_VER_033,Verbal Ability,Vocabulary,REMOVED,near_duplicate,TCS_VER_001
TCS_VER_034,Verbal Ability,Vocabulary,REMOVED,near_duplicate,TCS_VER_592
TCS_VER_038,Verbal Ability,Vocabulary,REMOVED,near_duplicate,TCS_VER_543
TCS_VER_040,Verbal Ability,Vocabulary,REMOVED,near_duplicate,TCS_VER_559
TCS_VER_041,Verbal Ability,Vocabulary,REMOVED,near_duplicate,TCS_VER_522
TCS_VER_042,Verbal Ability,Vocabulary,REMOVED,near_duplicate,TCS_VER_543
TCS_VER_043,Verbal Ability,Vocabulary,REMOVED,near_duplicate,TCS_VER_591
TCS_VER_044,Verbal Ability,Vocabulary,REMOVED,near_duplicate,TCS_VER_007
TCS_VER_045,Verbal Ability,Vocabulary,REMOVED,near_duplicate,TCS_VER_582
TCS_VER_046,Verbal Ability,Vocabulary,REMOVED,near_duplicate,TCS_VER_039
TCS_VER_048,Verbal Ability,Vocabulary,REMOVED,near_duplicate,TCS_VER_619
TCS_VER_050,Verbal Ability,Vocabulary,REMOVED,near_duplicate,TCS_VER_007
TCS_VER_051,Verbal Ability,Vocabulary,REMOVED,near_duplicate,TCS_VER_071
TCS_VER_052,Verbal Ability,Vocabulary,REMOVED,near_duplicate,TCS_VER_088
TCS_VER_054,Verbal Ability,Vocabulary,REMOVED,near_duplicate,TCS_VER_081
TCS_VER_059,Verbal Ability,Vocabulary,REMOVED,near_duplicate,TCS_VER_071
TCS_VER_060,Verbal Ability,Vocabulary,REMOVED,near_duplicate,TCS_VER_053
TCS_VER_061,Verbal Ability,Vocabulary,REMOVED,near_duplicate,TCS_VER_080
TCS_VER_062,Verbal Ability,Vocabulary,REMOVED,near_duplicate,TCS_VER_055
TCS_VER_063,Verbal Ability,Vocabulary,REMOVED,near_duplicate,TCS_VER_055
TCS_VER_064,Verbal Ability,Vocabulary,REMOVED,near_duplicate,TCS_VER_089
TCS_VER_065,Verbal Ability,Vocabulary,REMOVED,near_duplicate,TCS_VER_070
TCS_VER_066,Verbal Ability,Vocabulary,REMOVED,near_duplicate,TCS_VER_096
TCS_VER_067,Verbal Ability,Vocabulary,REMOVED,near_duplicate,TCS_VER_070
TCS_VER_068,Verbal Ability,Vocabulary,REMOVED,near_duplicate,TCS_VER_056
TCS_VER_069,Verbal Ability,Vocabulary,REMOVED,near_duplicate,TCS_VER_080
TCS_VER_072,Verbal Ability,Vocabulary,REMOVED,near_duplicate,TCS_VER_055
TCS_VER_073,Verbal Ability,Vocabulary,REMOVED,near_duplicate,TCS_VER_070
TCS_VER_075,Verbal Ability,Vocabulary,REMOVED,near_duplicate,TCS_VER_055
TCS_VER_076,Verbal Ability,Vocabulary,REMOVED,near_duplicate,TCS_VER_053
TCS_VER_077,Verbal Ability,Vocabulary,REMOVED,near_duplicate,TCS_VER_096
TCS_VER_078,Verbal Ability,Vocabulary,REMOVED,near_duplicate,TCS_VER_055
TCS_VER_079,Verbal Ability,Vocabulary,REMOVED,near_duplicate,TCS_VER_057
TCS_VER_083,Verbal Ability,Vocabulary,REMOVED,near_duplicate,TCS_VER_074
TCS_VER_084,Verbal Ability,Vocabulary,REMOVED,near_duplicate,TCS_VER_086
TCS_VER_085,Verbal Ability,Vocabulary,REMOVED,near_duplicate,TCS_VER_055
TCS_VER_087,Verbal Ability,Vocabulary,REMOVED,exact_or_formatting_duplicate,TCS_VER_061
TCS_VER_091,Verbal Ability,Vocabulary,REMOVED,near_duplicate,TCS_VER_086
TCS_VER_092,Verbal Ability,Vocabulary,REMOVED,near_duplicate,TCS_VER_096
TCS_VER_094,Verbal Ability,Vocabulary,REMOVED,near_duplicate,TCS_VER_070
TCS_VER_095,Verbal Ability,Vocabulary,REMOVED,near_duplicate,TCS_VER_089
TCS_VER_097,Verbal Ability,Vocabulary,REMOVED,near_duplicate,TCS_VER_071
TCS_VER_098,Verbal Ability,Vocabulary,REMOVED,near_duplicate,TCS_VER_057
TCS_VER_099,Verbal Ability,Vocabulary,REMOVED,near_duplicate,TCS_VER_081
TCS_VER_100,Verbal Ability,Vocabulary,REMOVED,near_duplicate,TCS_VER_055
TCS_VER_112,Verbal Ability,Fill in the Blanks,REMOVED,topic_coverage_selection,
TCS_VER_125,Verbal Ability,Fill in the Blanks,REMOVED,topic_coverage_selection,
TCS_VER_157,Verbal Ability,Reading Comprehension,REMOVED,topic_coverage_selection,
TCS_VER_172,Verbal Ability,Grammar,REMOVED,exact_or_formatting_duplicate,TCS_VER_171
TCS_VER_178,Verbal Ability,Grammar,REMOVED,exact_or_formatting_duplicate,TCS_VER_171
TCS_VER_183,Verbal Ability,Grammar,REMOVED,exact_or_formatting_duplicate,TCS_VER_171
TCS_VER_196,Verbal Ability,Grammar,REMOVED,exact_or_formatting_duplicate,TCS_VER_171
TCS_VER_200,Verbal Ability,Grammar,REMOVED,exact_or_formatting_duplicate,TCS_VER_188
TCS_VER_222,Verbal Ability,Idioms and Phrases,REMOVED,topic_coverage_selection,
TCS_VER_229,Verbal Ability,Idioms and Phrases,REMOVED,near_duplicate,TCS_VER_231
TCS_VER_268,Verbal Ability,Sentence Improvement,REMOVED,topic_coverage_selection,
TCS_VER_281,Verbal Ability,Word Analogy,REMOVED,topic_coverage_selection,
TCS_VER_329,Verbal Ability,Error Spotting,REMOVED,topic_coverage_selection,
TCS_VER_336,Verbal Ability,One Word Substitution,REMOVED,topic_coverage_selection,
TCS_VER_369,Verbal Ability,Cloze Test,REMOVED,near_duplicate,TCS_VER_370
TCS_VER_385,Verbal Ability,Miscellaneous,REMOVED,exact_or_formatting_duplicate,TCS_VER_384
TCS_VER_386,Verbal Ability,Miscellaneous,REMOVED,exact_or_formatting_duplicate,TCS_VER_384
TCS_VER_387,Verbal Ability,Miscellaneous,REMOVED,exact_or_formatting_duplicate,TCS_VER_384
TCS_VER_388,Verbal Ability,Miscellaneous,REMOVED,exact_or_formatting_duplicate,TCS_VER_384
TCS_VER_390,Verbal Ability,Miscellaneous,REMOVED,exact_or_formatting_duplicate,TCS_VER_389
TCS_VER_391,Verbal Ability,Miscellaneous,REMOVED,exact_or_formatting_duplicate,TCS_VER_389
TCS_VER_392,Verbal Ability,Miscellaneous,REMOVED,exact_or_formatting_duplicate,TCS_VER_389
TCS_VER_393,Verbal Ability,Miscellaneous,REMOVED,exact_or_formatting_duplicate,TCS_VER_389
TCS_VER_417,Verbal Ability,Vocabulary,REMOVED,near_duplicate,TCS_VER_415
TCS_VER_422,Verbal Ability,Vocabulary,REMOVED,near_duplicate,TCS_VER_433
TCS_VER_424,Verbal Ability,Vocabulary,REMOVED,topic_coverage_selection,
TCS_VER_455,Verbal Ability,Vocabulary,REMOVED,exact_or_formatting_duplicate,TCS_VER_454
TCS_VER_456,Verbal Ability,Vocabulary,REMOVED,exact_or_formatting_duplicate,TCS_VER_454
TCS_VER_457,Verbal Ability,Vocabulary,REMOVED,exact_or_formatting_duplicate,TCS_VER_454
TCS_VER_517,Verbal Ability,Vocabulary,REMOVED,topic_coverage_selection,
TCS_VER_521,Verbal Ability,Vocabulary,REMOVED,near_duplicate,TCS_VER_021
TCS_VER_524,Verbal Ability,Vocabulary,REMOVED,near_duplicate,TCS_VER_522
TCS_VER_525,Verbal Ability,Vocabulary,REMOVED,exact_or_formatting_duplicate,TCS_VER_039
TCS_VER_526,Verbal Ability,Vocabulary,REMOVED,near_duplicate,TCS_VER_530
TCS_VER_527,Verbal Ability,Vocabulary,REMOVED,near_duplicate,TCS_VER_619
TCS_VER_528,Verbal Ability,Vocabulary,REMOVED,near_duplicate,TCS_VER_566
TCS_VER_529,Verbal Ability,Vocabulary,REMOVED,near_duplicate,TCS_VER_522
TCS_VER_531,Verbal Ability,Vocabulary,REMOVED,exact_or_formatting_duplicate,TCS_VER_041
TCS_VER_532,Verbal Ability,Vocabulary,REMOVED,near_duplicate,TCS_VER_543
TCS_VER_533,Verbal Ability,Vocabulary,REMOVED,near_duplicate,TCS_VER_530
TCS_VER_534,Verbal Ability,Vocabulary,REMOVED,near_duplicate,TCS_VER_566
TCS_VER_535,Verbal Ability,Vocabulary,REMOVED,near_duplicate,TCS_VER_536
TCS_VER_537,Verbal Ability,Vocabulary,REMOVED,near_duplicate,TCS_VER_536
TCS_VER_538,Verbal Ability,Vocabulary,REMOVED,near_duplicate,TCS_VER_591
TCS_VER_539,Verbal Ability,Vocabulary,REMOVED,near_duplicate,TCS_VER_018
TCS_VER_541,Verbal Ability,Vocabulary,REMOVED,near_duplicate,TCS_VER_018
TCS_VER_542,Verbal Ability,Vocabulary,REMOVED,near_duplicate,TCS_VER_543
TCS_VER_544,Verbal Ability,Vocabulary,REMOVED,near_duplicate,TCS_VER_035
TCS_VER_545,Verbal Ability,Vocabulary,REMOVED,near_duplicate,TCS_VER_552
TCS_VER_546,Verbal Ability,Vocabulary,REMOVED,near_duplicate,TCS_VER_619
TCS_VER_547,Verbal Ability,Vocabulary,REMOVED,exact_or_formatting_duplicate,TCS_VER_016
TCS_VER_548,Verbal Ability,Vocabulary,REMOVED,near_duplicate,TCS_VER_591
TCS_VER_549,Verbal Ability,Vocabulary,REMOVED,near_duplicate,TCS_VER_591
TCS_VER_550,Verbal Ability,Vocabulary,REMOVED,near_duplicate,TCS_VER_530
TCS_VER_551,Verbal Ability,Vocabulary,REMOVED,near_duplicate,TCS_VER_591
TCS_VER_553,Verbal Ability,Vocabulary,REMOVED,near_duplicate,TCS_VER_543
TCS_VER_554,Verbal Ability,Vocabulary,REMOVED,near_duplicate,TCS_VER_552
TCS_VER_555,Verbal Ability,Vocabulary,REMOVED,near_duplicate,TCS_VER_591
TCS_VER_556,Verbal Ability,Vocabulary,REMOVED,near_duplicate,TCS_VER_018
TCS_VER_557,Verbal Ability,Vocabulary,REMOVED,near_duplicate,TCS_VER_572
TCS_VER_558,Verbal Ability,Vocabulary,REMOVED,exact_or_formatting_duplicate,TCS_VER_043
TCS_VER_560,Verbal Ability,Vocabulary,REMOVED,near_duplicate,TCS_VER_572
TCS_VER_561,Verbal Ability,Vocabulary,REMOVED,near_duplicate,TCS_VER_522
TCS_VER_563,Verbal Ability,Vocabulary,REMOVED,near_duplicate,TCS_VER_018
TCS_VER_565,Verbal Ability,Vocabulary,REMOVED,near_duplicate,TCS_VER_564
TCS_VER_567,Verbal Ability,Vocabulary,REMOVED,near_duplicate,TCS_VER_018
TCS_VER_568,Verbal Ability,Vocabulary,REMOVED,near_duplicate,TCS_VER_614
TCS_VER_569,Verbal Ability,Vocabulary,REMOVED,near_duplicate,TCS_VER_540
TCS_VER_570,Verbal Ability,Vocabulary,REMOVED,near_duplicate,TCS_VER_007
TCS_VER_571,Verbal Ability,Vocabulary,REMOVED,near_duplicate,TCS_VER_007
TCS_VER_574,Verbal Ability,Vocabulary,REMOVED,near_duplicate,TCS_VER_591
TCS_VER_575,Verbal Ability,Vocabulary,REMOVED,near_duplicate,TCS_VER_573
TCS_VER_576,Verbal Ability,Vocabulary,REMOVED,exact_or_formatting_duplicate,TCS_VER_019
TCS_VER_577,Verbal Ability,Vocabulary,REMOVED,near_duplicate,TCS_VER_585
TCS_VER_579,Verbal Ability,Vocabulary,REMOVED,near_duplicate,TCS_VER_573
TCS_VER_580,Verbal Ability,Vocabulary,REMOVED,near_duplicate,TCS_VER_536
TCS_VER_581,Verbal Ability,Vocabulary,REMOVED,near_duplicate,TCS_VER_594
TCS_VER_583,Verbal Ability,Vocabulary,REMOVED,near_duplicate,TCS_VER_049
TCS_VER_584,Verbal Ability,Vocabulary,REMOVED,near_duplicate,TCS_VER_018
TCS_VER_586,Verbal Ability,Vocabulary,REMOVED,near_duplicate,TCS_VER_530
TCS_VER_588,Verbal Ability,Vocabulary,REMOVED,near_duplicate,TCS_VER_564
TCS_VER_590,Verbal Ability,Vocabulary,REMOVED,near_duplicate,TCS_VER_018
TCS_VER_593,Verbal Ability,Vocabulary,REMOVED,near_duplicate,TCS_VER_578
TCS_VER_595,Verbal Ability,Vocabulary,REMOVED,near_duplicate,TCS_VER_530
TCS_VER_596,Verbal Ability,Vocabulary,REMOVED,near_duplicate,TCS_VER_606
TCS_VER_597,Verbal Ability,Vocabulary,REMOVED,near_duplicate,TCS_VER_582
TCS_VER_598,Verbal Ability,Vocabulary,REMOVED,near_duplicate,TCS_VER_582
TCS_VER_599,Verbal Ability,Vocabulary,REMOVED,near_duplicate,TCS_VER_572
TCS_VER_600,Verbal Ability,Vocabulary,REMOVED,near_duplicate,TCS_VER_585
TCS_VER_601,Verbal Ability,Vocabulary,REMOVED,near_duplicate,TCS_VER_564
TCS_VER_602,Verbal Ability,Vocabulary,REMOVED,near_duplicate,TCS_VER_606
TCS_VER_603,Verbal Ability,Vocabulary,REMOVED,near_duplicate,TCS_VER_018
TCS_VER_604,Verbal Ability,Vocabulary,REMOVED,near_duplicate,TCS_VER_530
TCS_VER_605,Verbal Ability,Vocabulary,REMOVED,near_duplicate,TCS_VER_018
TCS_VER_607,Verbal Ability,Vocabulary,REMOVED,near_duplicate,TCS_VER_610
TCS_VER_611,Verbal Ability,Vocabulary,REMOVED,near_duplicate,TCS_VER_047
TCS_VER_612,Verbal Ability,Vocabulary,REMOVED,near_duplicate,TCS_VER_039
TCS_VER_615,Verbal Ability,Vocabulary,REMOVED,exact_or_formatting_duplicate,TCS_VER_048
TCS_VER_616,Verbal Ability,Vocabulary,REMOVED,near_duplicate,TCS_VER_035
TCS_VER_617,Verbal Ability,Vocabulary,REMOVED,near_duplicate,TCS_VER_002
TCS_VER_618,Verbal Ability,Vocabulary,REMOVED,near_duplicate,TCS_VER_003
TCS_VER_620,Verbal Ability,Vocabulary,REMOVED,near_duplicate,TCS_VER_543
TCS_VER_621,Verbal Ability,Vocabulary,REMOVED,near_duplicate,TCS_VER_007
TCS_VER_622,Verbal Ability,Vocabulary,REMOVED,near_duplicate,TCS_VER_003
TCS_VER_623,Verbal Ability,Vocabulary,REMOVED,near_duplicate,TCS_VER_001
TCS_VER_624,Verbal Ability,Vocabulary,REMOVED,exact_or_formatting_duplicate,TCS_VER_049
TCS_VER_625,Verbal Ability,Vocabulary,REMOVED,near_duplicate,TCS_VER_049
TCS_VER_626,Verbal Ability,Vocabulary,REMOVED,near_duplicate,TCS_VER_566
TCS_VER_627,Verbal Ability,Vocabulary,REMOVED,exact_or_formatting_duplicate,TCS_VER_050
TCS_VER_628,Verbal Ability,Vocabulary,REMOVED,near_duplicate,TCS_VER_613
TCS_VER_629,Verbal Ability,Vocabulary,REMOVED,near_duplicate,TCS_VER_018
TCS_VER_630,Verbal Ability,Vocabulary,REMOVED,exact_or_formatting_duplicate,TCS_VER_423
TCS_VER_632,Verbal Ability,Vocabulary,REMOVED,topic_coverage_selection,
TCS_VER_636,Verbal Ability,Vocabulary,REMOVED,topic_coverage_selection,
TCS_VER_638,Verbal Ability,Vocabulary,REMOVED,topic_coverage_selection,
TCS_VER_639,Verbal Ability,Vocabulary,REMOVED,topic_coverage_selection,
TCS_VER_641,Verbal Ability,Vocabulary,REMOVED,near_duplicate,TCS_VER_430
TCS_VER_648,Verbal Ability,Vocabulary,REMOVED,near_duplicate,TCS_VER_663
TCS_VER_651,Verbal Ability,Vocabulary,REMOVED,topic_coverage_selection,
TCS_VER_654,Verbal Ability,Vocabulary,REMOVED,near_duplicate,TCS_VER_653
TCS_VER_655,Verbal Ability,Vocabulary,REMOVED,topic_coverage_selection,
TCS_VER_656,Verbal Ability,Vocabulary,REMOVED,near_duplicate,TCS_VER_520
TCS_VER_658,Verbal Ability,Vocabulary,REMOVED,topic_coverage_selection,
TCS_VER_659,Verbal Ability,Vocabulary,REMOVED,near_duplicate,TCS_VER_653
TCS_VER_660,Verbal Ability,Vocabulary,REMOVED,near_duplicate,TCS_VER_647
TCS_VER_666,Verbal Ability,Vocabulary,REMOVED,topic_coverage_selection,
TCS_VER_667,Verbal Ability,Vocabulary,REMOVED,near_duplicate,TCS_VER_639
TCS_VER_669,Verbal Ability,Vocabulary,REMOVED,topic_coverage_selection,
TCS_VER_670,Verbal Ability,Vocabulary,REMOVED,topic_coverage_selection,
