id,section,difficulty,topic,question,A,B,C,D,answer
TCS_LOG_102,Logical Reasoning,EASY,Analogies,Brick : House :: Page : ?,Book,Pen,Paper,Ink,A
TCS_LOG_103,Logical Reasoning,EASY,Analogies,Smile : Happy :: Frown : ?,Angry,Sad,Bored,Shocked,B
TCS_LOG_105,Logical Reasoning,EASY,Analogies,Biologist : Life :: Astronomer : ?,Stars,Rocks,Water,Air,A
TCS_LOG_106,Logical Reasoning,EASY,Analogies,Scissors : Tailor :: Scalpel : ?,Surgeon,Engineer,Teacher,Lawyer,A
TCS_LOG_107,Logical Reasoning,EASY,Analogies,Ruminant : Cow :: Carnivore : ?,Lion,Deer,Elephant,Horse,A
TCS_LOG_108,Logical Reasoning,EASY,Analogies,Library : Books :: Gallery : ?,Paintings,Sculptures,Films,Plays,A
TCS_LOG_112,Logical Reasoning,EASY,Analogies,Marathon : Stamina :: Sprint : ?,Speed,Endurance,Strength,Flexibility,A
TCS_LOG_113,Logical Reasoning,EASY,Analogies,Myopia : Eye :: Arthritis : ?,Joints,Lungs,Heart,Brain,A
TCS_LOG_114,Logical Reasoning,EASY,Analogies,Ophthalmology : Eyes :: Cardiology : ?,Heart,Lungs,Brain,Liver,A
TCS_LOG_115,Logical Reasoning,EASY,Analogies,Antonym : Opposite :: Synonym : ?,Similar,Same,Different,Contrasting,B
TCS_LOG_120,Logical Reasoning,EASY,Analogies,Telescope : Distant :: Microscope : ?,Tiny,Huge,Bright,Moving,A
TCS_LOG_109,Logical Reasoning,HARD,Analogies,Moon : Orbit :: Earth : ?,Rotate,Shine,Reflect,Orbit,D
TCS_LOG_110,Logical Reasoning,HARD,Analogies,Carbon : Diamond :: Sand : ?,Glass,Brick,Metal,Stone,A
TCS_LOG_118,Logical Reasoning,HARD,Analogies,Malaria : Mosquito :: Plague : ?,Rat flea,Housefly,Tsetse fly,Anopheles,A
TCS_LOG_111,Logical Reasoning,MEDIUM,Analogies,Democracy : Republic :: Monarchy : ?,Kingdom,Senate,Parliament,Committee,A
TCS_LOG_116,Logical Reasoning,MEDIUM,Analogies,Chlorophyll : Green :: Carotene : ?,Orange,Yellow,Red,Blue,A
TCS_LOG_117,Logical Reasoning,MEDIUM,Analogies,Vertebrae : Spine :: Ribs : ?,Ribcage,Skull,Pelvis,Sternum,B
TCS_LOG_119,Logical Reasoning,MEDIUM,Analogies,Neurology : Brain :: Nephrology : ?,Kidneys,Bones,Heart,Lungs,A
TCS_LOG_052,Logical Reasoning,EASY,Blood Relations,"If P is Q's father, Q is R's mother, R is S's sibling, then P is S's?",Grandfather,Father,Uncle,Grandmother,A
TCS_LOG_060,Logical Reasoning,EASY,Blood Relations,A boy says 'That man is the husband of my mother's sister.' The man is the boy's ___,Uncle,Father,Cousin,Brother,A
TCS_LOG_048,Logical Reasoning,HARD,Blood Relations,"A + B means A is mother of B; A − B means A is brother of B; A × B means A is father of B; A ÷ B means A is sister of B. If P × Q + R, then P is R's?",Grandfather,Father,Grandmother,Maternal uncle,A
TCS_LOG_053,Logical Reasoning,HARD,Blood Relations,A woman pointing to a photo says 'This man's son is my son's father.' Who is the man in the photo to the woman?,Father-in-law,Father,Uncle,Husband,A
TCS_LOG_054,Logical Reasoning,HARD,Blood Relations,X is Y's brother. Y is Z's sister. Z is W's father. W is V's mother. V is X's ___.,Niece,Nephew,Daughter,Cousin,A
TCS_LOG_055,Logical Reasoning,HARD,Blood Relations,Rahul's mother is the only daughter of Monika's father. How is Monika's husband related to Rahul?,Maternal uncle,Father,Grandfather,Uncle,A
TCS_LOG_058,Logical Reasoning,HARD,Blood Relations,"If M is the daughter of N, N is the sister of P, P is the mother of Q, then M is Q's ___",Cousin,Niece,Aunt,Sister,A
TCS_LOG_059,Logical Reasoning,HARD,Blood Relations,P is Q's father. Q is R's sister. S is R's mother. T is S's father. P is T's ___,Son-in-law,Nephew,Son,Cousin,A
TCS_LOG_046,Logical Reasoning,MEDIUM,Blood Relations,A is the father of B. B is the sister of C. C is the son of D. What is D to A?,Son-in-law,Daughter-in-law,Son,Daughter,A
TCS_LOG_047,Logical Reasoning,MEDIUM,Blood Relations,"Pointing to a woman, a man says 'She is the sister of the father of my son.' How is the woman related to the man?",Aunt,Sister,Mother,Cousin,A
TCS_LOG_050,Logical Reasoning,MEDIUM,Blood Relations,"Introducing a girl, a boy says 'She is the daughter of my mother's only son.' How is the girl related to the boy?",Daughter,Niece,Sister,Cousin,A
TCS_LOG_051,Logical Reasoning,MEDIUM,Blood Relations,"A man said to a woman, 'Your mother's husband's sister is my aunt.' How is the woman related to the man?",Sister,Aunt,Niece,Cousin,A
TCS_LOG_056,Logical Reasoning,MEDIUM,Blood Relations,"If A's father's only son is B, and B's mother is C, then C is A's ___",Mother,Aunt,Sister,Grandmother,A
TCS_LOG_057,Logical Reasoning,MEDIUM,Blood Relations,A woman introduces a man as the son of the brother of her mother. How is the man related to the woman?,Cousin,Uncle,Nephew,Brother,A
TCS_LOG_171,Logical Reasoning,EASY,Cause and Effect,Statement I: The government announced free vaccinations. Statement II: Hospital admissions for preventable diseases dropped significantly. Relation:,"Statement I is the cause, Statement II is the effect","Statement II is the cause, Statement I is the effect",Both are effects of a third cause,Both are independent,A
TCS_LOG_172,Logical Reasoning,EASY,Cause and Effect,Statement I: Fuel prices rose sharply this month. Statement II: Public transport usage increased significantly. Relation:,"Statement I is the cause, Statement II is the effect","Statement II is the cause, Statement I is the effect",Both are independent,Cannot determine,A
TCS_LOG_173,Logical Reasoning,EASY,Cause and Effect,Statement I: The river flooded the fields. Statement II: Farmers reported massive crop losses. Relation:,"I is cause, II is effect","II is cause, I is effect",Both are effects,Both are causes,A
TCS_LOG_176,Logical Reasoning,EASY,Cause and Effect,Statement I: Heavy rainfall for three consecutive days. Statement II: Roads in the city have been waterlogged. Relation:,"I is cause, II is effect","II is cause, I is effect",Both are effects,Both are causes,A
TCS_LOG_179,Logical Reasoning,EASY,Cause and Effect,Statement I: The company posted record profits. Statement II: Employee bonuses were doubled this quarter. Relation:,"I is cause, II is effect","II is cause, I is effect",Both are independent,Both are causes,A
TCS_LOG_177,Logical Reasoning,HARD,Cause and Effect,Statement I: Many professionals are opting for remote work. Statement II: Office space rental rates in cities have fallen. Relation:,"I is cause, II is effect","II is cause, I is effect",Independent events,Both are effects of pandemic,A
TCS_LOG_174,Logical Reasoning,MEDIUM,Cause and Effect,Statement I: Rampant plastic use is polluting oceans. Statement II: Marine wildlife populations are declining globally. Relation:,"I is cause, II is effect","II is cause, I is effect",Both are independent events,Both are effects of a third factor,A
TCS_LOG_175,Logical Reasoning,MEDIUM,Cause and Effect,Statement I: The school introduced digital tablets for students. Statement II: Student engagement and performance improved significantly. Relation:,"I is cause, II is effect","II is cause, I is effect",Both are independent,Cannot determine,A
TCS_LOG_178,Logical Reasoning,MEDIUM,Cause and Effect,Statement I: Smartphone usage among teenagers has increased dramatically. Statement II: Many teenagers now have poor posture and neck pain. Relation:,"I is cause, II is effect","II is cause, I is effect",Both are independent,Cannot determine,A
TCS_LOG_180,Logical Reasoning,MEDIUM,Cause and Effect,Statement I: Crime rates in the neighborhood fell. Statement II: Police patrol frequency in the area was increased. Relation:,"II is cause, I is effect","I is cause, II is effect",Both are independent,Cannot determine,A
TCS_LOG_121,Logical Reasoning,EASY,Classification,"Find the odd one: Rose, Lily, Jasmine, Lotus, Petal",Petal,Rose,Lily,Jasmine,A
TCS_LOG_122,Logical Reasoning,EASY,Classification,"Find the odd one: Dog, Cat, Horse, Snake, Elephant",Snake,Dog,Cat,Horse,A
TCS_LOG_123,Logical Reasoning,EASY,Classification,"Find the odd one: Violin, Guitar, Flute, Sitar, Veena",Flute,Violin,Guitar,Sitar,A
TCS_LOG_125,Logical Reasoning,EASY,Classification,"Find the odd one: Mercury, Venus, Moon, Mars, Saturn",Moon,Mercury,Venus,Mars,A
TCS_LOG_129,Logical Reasoning,EASY,Classification,"Find the odd one: Triangle, Circle, Square, Cube, Rectangle",Cube,Triangle,Circle,Square,A
TCS_LOG_130,Logical Reasoning,EASY,Classification,"Find the odd one: Nitrogen, Oxygen, Hydrogen, Carbon dioxide, Argon",Carbon dioxide,Nitrogen,Oxygen,Hydrogen,A
TCS_LOG_131,Logical Reasoning,EASY,Classification,"Find the odd one: 2, 3, 5, 7, 9, 11",9,2,3,5,A
TCS_LOG_135,Logical Reasoning,EASY,Classification,"Find the odd one: Hammer, Screwdriver, Chisel, Wrench, Thermometer",Thermometer,Hammer,Screwdriver,Chisel,A
TCS_LOG_132,Logical Reasoning,HARD,Classification,"Find the odd one: Mango, Banana, Orange, Pomegranate, Guava",Pomegranate,Mango,Banana,Orange,A
TCS_LOG_133,Logical Reasoning,HARD,Classification,"Find the odd one: Keyboard, Mouse, Monitor, CPU, Printer, Scanner",Printer or Scanner,Keyboard,Mouse,Monitor,A
TCS_LOG_134,Logical Reasoning,HARD,Classification,"Find the odd one: BFKO, CGJN, DHLO, EIMQ",DHLO,BFKO,CGJN,EIMQ,A
TCS_LOG_124,Logical Reasoning,MEDIUM,Classification,"Find the odd one: Python, Java, HTML, C++, JavaScript",HTML,Java,Python,C++,A
TCS_LOG_127,Logical Reasoning,MEDIUM,Classification,"Find the odd one: Nephew, Brother, Son, Cousin, Aunt",Aunt,Nephew,Brother,Son,A
TCS_LOG_128,Logical Reasoning,MEDIUM,Classification,"Find the odd one: Carrot, Potato, Brinjal, Turnip, Radish",Brinjal,Carrot,Potato,Turnip,A
TCS_LOG_028,Logical Reasoning,HARD,Coding-Decoding,"If FRIEND is coded as HUMKBP, how is CANDLE coded?",ECODFG,DCPFMH,EBNFMH,ECPFNH,B
TCS_LOG_029,Logical Reasoning,HARD,Coding-Decoding,"If PAPER is coded as SDSHU, how is PENCIL coded?",SHQFLO,THQFLO,SHRFLO,SHQELO,A
TCS_LOG_030,Logical Reasoning,HARD,Coding-Decoding,"If LAPTOP = 23 and KEYBOARD = 31, what does the code represent?",Sum of positions of letters,Number of letters × 2,Sum of alternate letters,Product of vowels,A
TCS_LOG_031,Logical Reasoning,HARD,Coding-Decoding,"If in a code, 'go for win' means 135, 'for the game' means 259, 'win the match' means 167, then 'game' is coded as:",9,5,2,3,A
TCS_LOG_032,Logical Reasoning,HARD,Coding-Decoding,"If MONEY = 57637, what is 6357?",YENOM,YEON,YENM,NOME,B
TCS_LOG_033,Logical Reasoning,HARD,Coding-Decoding,"If '1' means '+', '2' means '−', '3' means '×', '4' means '÷', what is 8 3 6 1 4 2 2?",50,46,52,48,A
TCS_LOG_034,Logical Reasoning,HARD,Coding-Decoding,"In a code TREE = 3556, RIDE = 5465, then TIRE = ?",3465,3456,4365,3546,A
TCS_LOG_036,Logical Reasoning,HARD,Coding-Decoding,"If blue = 4, green = 5, red = 3, yellow = 6, what does pink = ?",4,5,3,6,A
TCS_LOG_038,Logical Reasoning,HARD,Coding-Decoding,CLOUD is coded as DNPVF. What is STORM?,TUPSO,TUSQP,TUPQS,TUPSQ,A
TCS_LOG_040,Logical Reasoning,HARD,Coding-Decoding,"In a certain code, 15789 represents EGKOT and 2346 represents ALQM. What is METAL?",23974,23947,32974,29374,A
TCS_LOG_041,Logical Reasoning,HARD,Coding-Decoding,"If EARTH is coded as 51962, MARS is coded as ?",3194,3196,3192,3198,C
TCS_LOG_043,Logical Reasoning,HARD,Coding-Decoding,"Mirror code: each letter is replaced by its mirror (A↔Z, B↔Y...). CODE = ?",XLWV,XLDV,XLWU,XLDW,A
TCS_LOG_045,Logical Reasoning,HARD,Coding-Decoding,"If NORTH is coded as UQHMA, then SOUTH is coded as ?",ZQHMA,ZQHNA,YQHNA,YQHMA,A
TCS_LOG_026,Logical Reasoning,MEDIUM,Coding-Decoding,"In a code, APPLE = 12234. What is 12241?",APPLA,APPLY,APPEA,APPEL,B
TCS_LOG_035,Logical Reasoning,MEDIUM,Coding-Decoding,"If P = 16, R = 18, then PRINT = ?",75,73,71,77,B
TCS_LOG_037,Logical Reasoning,MEDIUM,Coding-Decoding,"Code: A=2, B=4, C=6,... What is ACE?",24,28,26,30,B
TCS_LOG_039,Logical Reasoning,MEDIUM,Coding-Decoding,"If SAND = 19-1-14-4, then GOLD = ?",7-15-12-4,8-15-12-5,7-16-12-4,8-14-12-4,A
TCS_LOG_044,Logical Reasoning,MEDIUM,Coding-Decoding,"If TABLE = 20-1-2-12-5 (position), CHAIR = ?",3-8-1-9-18,3-9-1-8-18,3-8-2-9-18,4-8-1-9-18,A
TCS_LOG_201,Logical Reasoning,HARD,Critical Reasoning,"Argument: 'The crime rate in cities with CCTV cameras is lower than in cities without. Therefore, CCTV cameras reduce crime.' The assumption is:",CCTV cameras are the only difference between the two groups of cities,Cities are identical in all other respects,CCTV cameras record all crime,Police in CCTV cities work harder,B
TCS_LOG_202,Logical Reasoning,HARD,Critical Reasoning,"Argument: 'Sales of ice cream rise when drowning accidents increase. Therefore, eating ice cream causes drowning.' The flaw is:",Correlation is mistaken for causation,The sample size is too small,The argument is circular,The conclusion is irrelevant,A
TCS_LOG_203,Logical Reasoning,HARD,Critical Reasoning,A company policy states: 'Employees with perfect attendance get a bonus.' Ram received a bonus. What can we conclude?,Ram may or may not have perfect attendance,Ram has perfect attendance,Ram has partial attendance,Cannot conclude anything,A
TCS_LOG_204,Logical Reasoning,HARD,Critical Reasoning,Argument: 'Every student who passed the exam studied hard. Priya studied hard.' Conclusion: 'Priya passed the exam.' This argument is:,Invalid - affirming the consequent,Valid deductive argument,Valid inductive argument,Sound and valid,A
TCS_LOG_206,Logical Reasoning,HARD,Critical Reasoning,"'Either the train is on time, or we will be late. We are not late. Therefore, the train was on time.' This is an example of:",Valid disjunctive syllogism,Invalid argument,Circular reasoning,Hasty generalization,A
TCS_LOG_207,Logical Reasoning,HARD,Critical Reasoning,Which weakens the argument: 'Students who use laptops in class perform better on exams.'?,High-performing students are more likely to own laptops,Laptops distract students,The study covered 5000 students,Laptops allow better note-taking,A
TCS_LOG_208,Logical Reasoning,HARD,Critical Reasoning,All A are B. Some B are C. Therefore:,Some A may or may not be C,All A are C,No A are C,Some A are definitely C,A
TCS_LOG_209,Logical Reasoning,HARD,Critical Reasoning,"A man says, 'I always lie.' This statement is:",A paradox,True,False,A valid claim,A
TCS_LOG_205,Logical Reasoning,MEDIUM,Critical Reasoning,"If the statement 'All politicians are corrupt' is false, which is definitely true?",Some politicians are not corrupt,No politician is corrupt,All politicians are honest,Politicians are rarely corrupt,A
TCS_LOG_210,Logical Reasoning,MEDIUM,Critical Reasoning,Which conclusion follows from: 'No honest person is wealthy. Some politicians are wealthy.'?,Some politicians are not honest,All politicians are dishonest,No politician is honest,Wealthy people are dishonest,A
TCS_LOG_187,Logical Reasoning,EASY,Cubes and Dice,A rectangular block 2×3×4 is cut into 1×1×1 unit cubes. How many unit cubes are there?,24,12,36,16,A
TCS_LOG_181,Logical Reasoning,HARD,Cubes and Dice,A cube is painted red on all faces and cut into 64 smaller cubes. How many small cubes have no painted face?,8,16,24,32,A
TCS_LOG_182,Logical Reasoning,HARD,Cubes and Dice,A cube is painted and cut into 27 smaller cubes. How many have exactly 1 painted face?,6,12,8,24,A
TCS_LOG_184,Logical Reasoning,HARD,Cubes and Dice,A cube is cut into 125 smaller cubes. How many have exactly 3 painted faces?,8,12,4,6,A
TCS_LOG_188,Logical Reasoning,HARD,Cubes and Dice,A cube is painted on all faces and cut into 216 smaller cubes. How many have no paint?,64,125,100,150,A
TCS_LOG_189,Logical Reasoning,HARD,Cubes and Dice,"Opposite faces of a die: 1-6, 2-5, 3-4. Die placed with 1 on top, 2 facing front. What is on right?",3,4,5,6,A
TCS_LOG_190,Logical Reasoning,HARD,Cubes and Dice,A 3×3×3 cube is painted on all faces and cut into 27 unit cubes. How many have paint on exactly 2 faces?,12,6,8,24,A
TCS_LOG_183,Logical Reasoning,MEDIUM,Cubes and Dice,"On a standard dice, opposite faces add up to 7. If 3 is on top and 4 faces you, which number is at the bottom?",4,3,5,6,A
TCS_LOG_185,Logical Reasoning,MEDIUM,Cubes and Dice,A die shows 2 on top and 3 facing you. What is at the bottom?,5,4,6,1,A
TCS_LOG_186,Logical Reasoning,MEDIUM,Cubes and Dice,A cube is painted red on all sides and cut into 8 equal smaller cubes. How many small cubes have exactly 3 painted faces?,8,4,6,0,A
TCS_LOG_200,Logical Reasoning,EASY,Data Sufficiency,How old is Priya? (I) Priya is 5 years older than Riya. (II) Riya is 20 years old.,Both together are sufficient,Only I,Only II,Neither,A
TCS_LOG_191,Logical Reasoning,HARD,Data Sufficiency,Is x > 0? (I) x2 = 4 (II) x + 1 > 0,Statement II alone is sufficient,Statement I alone is sufficient,Both together are sufficient,Neither is sufficient,A
TCS_LOG_192,Logical Reasoning,HARD,Data Sufficiency,What is the value of x? (I) 2x + y = 10 (II) x − y = 2,Both together are sufficient,Statement I alone,Statement II alone,Neither,A
TCS_LOG_197,Logical Reasoning,HARD,Data Sufficiency,What is the perimeter of a rectangle? (I) Length is 12 cm. (II) Area is 60 cm2.,Both together are sufficient,Statement I alone,Statement II alone,Neither,A
TCS_LOG_199,Logical Reasoning,HARD,Data Sufficiency,What is the distance from A to C? (I) Distance from A to B is 5 km. (II) Distance from B to C is 7 km.,"Both statements together might not be sufficient without knowing if A, B, C are collinear",Both alone,Only II,Only I,A
TCS_LOG_193,Logical Reasoning,MEDIUM,Data Sufficiency,Is triangle ABC equilateral? (I) All sides are equal. (II) All angles are 60°.,Either I or II alone is sufficient,Only I is sufficient,Only II is sufficient,Both together are needed,A
TCS_LOG_194,Logical Reasoning,MEDIUM,Data Sufficiency,"What is the average age of A, B, C? (I) Average of A and B is 25. (II) C's age is 28.",Both together are sufficient,Statement I alone,Statement II alone,Neither alone nor together,A
TCS_LOG_195,Logical Reasoning,MEDIUM,Data Sufficiency,Is n divisible by 6? (I) n is divisible by 2. (II) n is divisible by 3.,Both together are sufficient,Statement I alone,Statement II alone,Neither,A
TCS_LOG_196,Logical Reasoning,MEDIUM,Data Sufficiency,What is the selling price? (I) Cost price is Rs.200. (II) Profit percentage is 25%.,Both together are sufficient,Statement I alone,Statement II alone,Neither,A
TCS_LOG_198,Logical Reasoning,MEDIUM,Data Sufficiency,Is x an odd number? (I) x is divisible by 3. (II) x is not divisible by 2.,Statement II alone is sufficient,Statement I alone is sufficient,Both are needed,Neither is sufficient,A
TCS_LOG_086,Logical Reasoning,EASY,Direction Sense,"A walks 10m North, turns right walks 5m, turns right walks 10m. Distance from start?",5m East,5m West,10m East,5m North,A
TCS_LOG_090,Logical Reasoning,EASY,Direction Sense,"After turning clockwise 90° from South, where am I facing?",West,East,North,South,A
TCS_LOG_091,Logical Reasoning,EASY,Direction Sense,"Starting West, turn right, then turn right again. Which direction?",East,West,North,South,A
TCS_LOG_092,Logical Reasoning,EASY,Direction Sense,"A walks 3km North, 4km East, 3km South, and 4km West. He is now:",At starting point,4km East,4km West,3km North,A
TCS_LOG_095,Logical Reasoning,EASY,Direction Sense,"In a city, roads run North-South and East-West. If you face North and turn left, you face:",West,East,South,North,A
TCS_LOG_097,Logical Reasoning,EASY,Direction Sense,"P walks 10m North, Q starts at same point and walks 10m South. How far apart are they?",20 m,10 m,0 m,15 m,A
TCS_LOG_098,Logical Reasoning,EASY,Direction Sense,"From home I walk 5m East, 5m North, 5m West, and 5m South. Where am I?",At home,5m North,5m East,5m South,A
TCS_LOG_089,Logical Reasoning,HARD,Direction Sense,"Ram walks 5m North, turns left 3m, turns left 5m, turns right 2m. How far from start, facing which direction?",5m East,5m West,3m East,2m East,A
TCS_LOG_099,Logical Reasoning,HARD,Direction Sense,"A man faces West. He turns 45° clockwise, then 180° anti-clockwise. Where does he face?",Southeast,Northwest,Northeast,Southwest,A
TCS_LOG_100,Logical Reasoning,HARD,Direction Sense,"Ravi walks 12m North, 5m East, and turns South. He walks 3m. How far is he from start?",13m (approx),14m,12m,15m,A
TCS_LOG_087,Logical Reasoning,MEDIUM,Direction Sense,"Starting North, turn right thrice. Which direction am I facing?",West,North,East,South,A
TCS_LOG_088,Logical Reasoning,MEDIUM,Direction Sense,"A goes 6 km East, then 8 km South. How far from starting point?",10 km,14 km,12 km,8 km,A
TCS_LOG_094,Logical Reasoning,MEDIUM,Direction Sense,"A walks 20m South, turns left 10m, turns left 20m, turns left 10m. He is now:",At start,20m North,10m South,20m East,A
TCS_LOG_096,Logical Reasoning,MEDIUM,Direction Sense,A town map: School is 3km East of Library. Hospital is 4km North of School. How far is Hospital from Library?,5 km,7 km,4 km,6 km,A
TCS_LOG_211,Logical Reasoning,HARD,Input-Output,Machine step pattern - Input: 'bold girl smart work' → Step1: 'girl bold smart work' → Step2: 'girl bold work smart' → What is Step3?,girl bold work smart (already arranged),girl smart bold work,girl work bold smart,smart girl bold work,A
TCS_LOG_212,Logical Reasoning,HARD,Input-Output,"In a step process, numbers are arranged in descending order. Input: 5 8 2 9 3 1. Step 2 output is:",9 8 5 2 3 1,9 8 2 5 3 1,8 9 5 2 3 1,9 5 8 2 3 1,A
TCS_LOG_213,Logical Reasoning,HARD,Input-Output,Input: 26 15 43 7 31 18. If even numbers are halved and odd numbers are multiplied by 3. Output is:,13 45 21.5 21 93 9,52 45 86 21 93 36,13 45 21.5 21 93 9,13 45 22 21 93 9,A
TCS_LOG_215,Logical Reasoning,HARD,Input-Output,A machine reverses words and capitalizes first letter of each reversed word. Input: 'hello world test'. Output:,Olleh Dlrow Tset,HELLO WORLD TEST,olleh dlrow tset,Hello World Test,A
TCS_LOG_216,Logical Reasoning,HARD,Input-Output,"Input: 84 25 63 12 45. Numbers sorted in ascending order, then each multiplied by 2. Final sequence:",24 50 84 90 126,24 50 90 84 126,24 50 84 126 90,50 24 84 90 126,C
TCS_LOG_217,Logical Reasoning,HARD,Input-Output,"In a code: A→D, B→E, C→F,... (shift +3). Decode 'GRR':",DOO,DOP,DNA,EPP,A
TCS_LOG_218,Logical Reasoning,HARD,Input-Output,"Step 1: Add positions of all letters. Step 2: Multiply by 2. CAT (3+1+20=24, ×2=48). What is DOG?",60,56,52,72,B
TCS_LOG_219,Logical Reasoning,HARD,Input-Output,"A sorting machine arranges numbers: largest moves to end. After pass 1 on [3,1,4,1,5,9]: result is:",3 1 4 1 5 9,1 3 4 1 5 9,3 1 4 1 5 9,3 1 1 4 5 9,A
TCS_LOG_220,Logical Reasoning,HARD,Input-Output,Input: RED GREEN BLUE. If all letters are reversed and only first 3 letters of each word taken. Output:,DER NER EUL,RED GRE BLU,DER EER ULB,EDR NEE EUL,A
TCS_LOG_214,Logical Reasoning,MEDIUM,Input-Output,Shift cipher: each letter moves +3 positions. Encode 'CAT':,FDW,DFW,FDX,ECV,A
TCS_LOG_568,Logical Reasoning,EASY,Logical,Teacher:School :: Doctor:?,Hospital,Clinic,Lab,Pharmacy,A
TCS_LOG_569,Logical Reasoning,EASY,Logical,River:Ocean :: Creek:?,Sea,River,Lake,Pond,A
TCS_LOG_570,Logical Reasoning,EASY,Logical,Pen:Write :: Hammer:?,Hit,Nail,Build,Destroy,A
TCS_LOG_575,Logical Reasoning,EASY,Logical,Sugar:Sweet :: Salt:?,Salty,Bitter,Sour,Spicy,A
TCS_LOG_617,Logical Reasoning,EASY,Logical,P is Q's father. Q is R's husband. S is Q's son. P is S's?,Grandfather,Father,Uncle,Brother,A
TCS_LOG_618,Logical Reasoning,EASY,Logical,"A is B's mother, C is A's husband. B is C's?",Son or Daughter,Father,Mother,Brother,A
TCS_LOG_619,Logical Reasoning,EASY,Logical,Riya is Meena's sister. Meena is Sita's daughter. Riya is Sita's?,Daughter,Niece,Sister,Cousin,A
TCS_LOG_620,Logical Reasoning,EASY,Logical,X has 2 sons Y and Z. Y is A's father. A is B's sister. B is X's?,Grandson,Granddaughter,Nephew,Son,A
TCS_LOG_637,Logical Reasoning,EASY,Logical,"Go N 5km, E 3km, S 5km. Where are you?",3km East of start,5km North,3km West,At start,A
TCS_LOG_638,Logical Reasoning,EASY,Logical,"Face W, turn right, turn right again. Now facing?",East,West,South,North,A
TCS_LOG_639,Logical Reasoning,EASY,Logical,"Walk S 4km, turn left 3km. Distance from start?",5km,7km,4km,3km,A
TCS_LOG_640,Logical Reasoning,EASY,Logical,"A is N of B, C is E of A. B is SW of?",C,A,D,Neither,A
TCS_LOG_659,Logical Reasoning,EASY,Logical,"Odd one out: Monday, Tuesday, Thursday, Sunday, Holiday",Holiday,Monday,Tuesday,Thursday,A
TCS_LOG_241,Logical Reasoning,MEDIUM,Logical,"Number series: 2, 5, 10, 17, 26, ?",37,35,38,36,A
TCS_LOG_242,Logical Reasoning,MEDIUM,Logical,"Number series: 3, 9, 27, 81, ?",243,162,324,81,A
TCS_LOG_243,Logical Reasoning,MEDIUM,Logical,"Number series: 1, 1, 2, 3, 5, 8, ?",13,11,15,10,A
TCS_LOG_244,Logical Reasoning,MEDIUM,Logical,"Number series: 5, 10, 20, 40, ?",80,60,100,70,A
TCS_LOG_245,Logical Reasoning,MEDIUM,Logical,"Number series: 7, 14, 28, 56, ?",112,84,98,100,A
TCS_LOG_246,Logical Reasoning,MEDIUM,Logical,"Letter series: Z, X, V, T, ?",R,S,Q,P,A
TCS_LOG_247,Logical Reasoning,MEDIUM,Logical,"Letter series: A, D, G, J, ?",M,L,N,K,A
TCS_LOG_248,Logical Reasoning,MEDIUM,Logical,"Letter series: B, D, F, H, ?",J,I,K,L,A
TCS_LOG_249,Logical Reasoning,MEDIUM,Logical,"Alphanumeric: A1, B3, C6, D10, ?",E15,E14,F15,E16,A
TCS_LOG_251,Logical Reasoning,MEDIUM,Logical,"Find the odd one out: Cat, Dog, Lion, Sparrow",Sparrow,Cat,Dog,Lion,A
TCS_LOG_252,Logical Reasoning,MEDIUM,Logical,"Find the odd one out: Triangle, Circle, Square, Cube",Cube,Triangle,Circle,Square,A
TCS_LOG_253,Logical Reasoning,MEDIUM,Logical,"Find the odd one out: Wheat, Rice, Mango, Barley",Mango,Wheat,Rice,Barley,A
TCS_LOG_255,Logical Reasoning,MEDIUM,Logical,"Find the odd one out: January, March, May, June",June,January,March,May,A
TCS_LOG_256,Logical Reasoning,MEDIUM,Logical,Analogy: Doctor : Hospital :: Teacher : ?,School,Library,Office,Clinic,A
TCS_LOG_257,Logical Reasoning,MEDIUM,Logical,Analogy: Book : Library :: Money : ?,Bank,Wallet,Shop,Market,A
TCS_LOG_258,Logical Reasoning,MEDIUM,Logical,Analogy: Fish : Water :: Bird : ?,Air,Sky,Nest,Tree,A
TCS_LOG_259,Logical Reasoning,MEDIUM,Logical,Analogy: Iron : Hard :: Cotton : ?,Soft,Heavy,Rough,Strong,A
TCS_LOG_260,Logical Reasoning,MEDIUM,Logical,Analogy: Pen : Write :: Knife : ?,Cut,Cook,Draw,Sew,A
TCS_LOG_261,Logical Reasoning,MEDIUM,Logical,Analogy: Sun : Day :: Moon : ?,Night,Stars,Sky,Cloud,A
TCS_LOG_262,Logical Reasoning,MEDIUM,Logical,Analogy: Earth : Planet :: India : ?,Country,City,Continent,State,A
TCS_LOG_263,Logical Reasoning,MEDIUM,Logical,Analogy: Cricket : Bat :: Hockey : ?,Stick,Ball,Net,Court,A
TCS_LOG_264,Logical Reasoning,MEDIUM,Logical,Analogy: Water : Thirst :: Food : ?,Hunger,Eat,Cook,Taste,A
TCS_LOG_265,Logical Reasoning,MEDIUM,Logical,Analogy: Snake : Reptile :: Frog : ?,Amphibian,Insect,Mammal,Bird,A
TCS_LOG_266,Logical Reasoning,MEDIUM,Logical,Coding: In code APPLE=BQQMF. How is MANGO coded?,NBOHO,MANGO,NAMGO,NANGO,A
TCS_LOG_267,Logical Reasoning,MEDIUM,Logical,"Coding: If CAT=3120, then DOG=?",4157,4167,3267,4267,A
TCS_LOG_268,Logical Reasoning,MEDIUM,Logical,Coding: ABCD=DCBA. Then HELP=?,PLEH,HELP,HLEP,PELH,A
TCS_LOG_269,Logical Reasoning,MEDIUM,Logical,"Coding: If FLOWER = 67, then PLANT = ?",63,65,61,67,A
TCS_LOG_270,Logical Reasoning,MEDIUM,Logical,"Coding: If 1=A, 2=B, 3=C... then INDIA = ?","9, 14, 4, 9, 1","9,13,4,9,1","8,14,4,8,1","9,14,5,9,1",A
TCS_LOG_271,Logical Reasoning,MEDIUM,Logical,Blood relation: A's father is B's son. How is A related to B?,Grandson,Son,Nephew,Brother,A
TCS_LOG_272,Logical Reasoning,MEDIUM,Logical,Blood relation: X is Y's sister. Y is Z's mother. How is X related to Z?,Aunt,Sister,Mother,Niece,A
TCS_LOG_273,Logical Reasoning,MEDIUM,Logical,Blood relation: P is Q's father. Q is R's sister. S is Q's mother. How is P related to S?,Husband,Brother,Father,Son,A
TCS_LOG_274,Logical Reasoning,MEDIUM,Logical,Blood relation: M is N's brother. N is O's mother. O is P's daughter. How is M related to O?,Uncle,Brother,Father,Nephew,A
TCS_LOG_275,Logical Reasoning,MEDIUM,Logical,Blood relation: A is B's son. C is A's sister. D is C's mother. How is B related to D?,Husband,Brother,Father,Son,A
TCS_LOG_276,Logical Reasoning,MEDIUM,Logical,"Direction: A person walks 5 km North, turns right, walks 3 km, turns right again and walks 5 km. Which direction is he now?",South,East,West,North,A
TCS_LOG_277,Logical Reasoning,MEDIUM,Logical,"Direction: Starting facing East, a person turns left, then left again, then right. Now facing?",North,South,East,West,A
TCS_LOG_278,Logical Reasoning,MEDIUM,Logical,"Direction: X walks 10m East, 6m South, 3m East, 4m North. Where is X from start?","13m East, 2m South","13m East, 2m North",10m East,14m East,A
TCS_LOG_279,Logical Reasoning,MEDIUM,Logical,"Direction: Ram starts North, turns right, walks 2km, turns right, walks 3km. Which direction to start?",South West,North East,South East,North West,A
TCS_LOG_280,Logical Reasoning,MEDIUM,Logical,"Direction: Going South 2km, turn left 3km, turn left 2km. Direction now?",North,East,South,West,A
TCS_LOG_281,Logical Reasoning,MEDIUM,Logical,Syllogism: All cats are animals. All animals are living beings. Which is true?,All cats are living beings,All living beings are cats,No cats are living,Some cats are not living,A
TCS_LOG_282,Logical Reasoning,MEDIUM,Logical,Syllogism: All pens are books. No book is paper. Which conclusion follows?,No pen is paper,Some pens are paper,All papers are pens,None of these,A
TCS_LOG_283,Logical Reasoning,MEDIUM,Logical,Syllogism: Some flowers are red. All red things are beautiful. Which is true?,Some flowers are beautiful,All flowers are beautiful,No flowers are beautiful,Cannot determine,A
TCS_LOG_284,Logical Reasoning,MEDIUM,Logical,Syllogism: All men are mortal. Socrates is a man. Therefore?,Socrates is mortal,Socrates is immortal,All mortals are men,Socrates is not mortal,A
TCS_LOG_285,Logical Reasoning,MEDIUM,Logical,Syllogism: No birds are mammals. All dogs are mammals. Which is definitely true?,No dog is a bird,All birds are dogs,Some birds are dogs,None of above,A
TCS_LOG_286,Logical Reasoning,MEDIUM,Logical,Calendar: What day is 15 Aug 1947 if 1 Jan 1947 was Wednesday?,Thursday,Friday,Saturday,Sunday,B
TCS_LOG_287,Logical Reasoning,MEDIUM,Logical,"Calendar: If 1 March 2022 is Tuesday, what day is 1 March 2023?",Wednesday,Thursday,Friday,Tuesday,A
TCS_LOG_288,Logical Reasoning,MEDIUM,Logical,Calendar: How many odd days in a leap year?,2,1,3,0,A
TCS_LOG_289,Logical Reasoning,MEDIUM,Logical,"Calendar: A year has 365 days. If Jan 1 is Monday, what day is Dec 31?",Monday,Tuesday,Wednesday,Sunday,A
TCS_LOG_290,Logical Reasoning,MEDIUM,Logical,Calendar: Day after day after tomorrow is Sunday. What day is today?,Thursday,Wednesday,Friday,Tuesday,A
TCS_LOG_291,Logical Reasoning,MEDIUM,Logical,Clock: At what time between 3 and 4 do minute and hour hands coincide?,3:16.36,3:15,3:20,3:12,A
TCS_LOG_292,Logical Reasoning,MEDIUM,Logical,Clock: Angle between hands at 6:30?,15°,0°,30°,45°,A
TCS_LOG_293,Logical Reasoning,MEDIUM,Logical,Clock: How many times do clock hands coincide in 12 hours?,11,12,10,13,A
TCS_LOG_294,Logical Reasoning,MEDIUM,Logical,Clock: At what time between 4 and 5 are hands opposite?,4:54:32,4:50,5:00,4:45,A
TCS_LOG_296,Logical Reasoning,MEDIUM,Logical,"Input-Output: If input is CHAIR → CRIHA, then output of TABLE is?",TLEBA,BATLER,LETAB,TLABE,A
TCS_LOG_297,Logical Reasoning,MEDIUM,Logical,"Input-Output: Machine: LEAD → DEAL, POTS → STOP. FLOW → ?",WOLF,FLOW,FOWL,LOWF,A
TCS_LOG_298,Logical Reasoning,MEDIUM,Logical,"Mirror image: If word in mirror is READ, what is original?",DAER,READ,DARE,DEAR,A
TCS_LOG_299,Logical Reasoning,MEDIUM,Logical,Mirror image: Clock shows 4:30 in mirror. Actual time?,7:30,8:30,9:30,10:30,A
TCS_LOG_300,Logical Reasoning,MEDIUM,Logical,"Venn diagram: 25 people like A, 30 like B, 10 like both. How many like only A?",15,20,25,10,A
TCS_LOG_301,Logical Reasoning,MEDIUM,Logical,"Venn diagram: 40 engineers, 30 doctors, 10 both. Only engineers?",30,40,20,10,A
TCS_LOG_302,Logical Reasoning,MEDIUM,Logical,"Venn diagram: In 100 students, 60 play cricket, 50 play football, 30 play both. Neither?",20,10,30,40,A
TCS_LOG_303,Logical Reasoning,MEDIUM,Logical,"Seating: A, B, C, D sit in a row. A not next to C. B is between A and C. Where is B?",2nd position,1st,3rd,4th,A
TCS_LOG_304,Logical Reasoning,MEDIUM,Logical,Seating: 5 people sit in circle. X sits left of Y and right of Z. P is right of Y. Who is between Z and P?,X,Y,Q,W,A
TCS_LOG_305,Logical Reasoning,MEDIUM,Logical,"Seating: P is 3rd from left, Q is 5th from right, 3 between them. Total persons?",9,8,10,7,A
TCS_LOG_306,Logical Reasoning,MEDIUM,Logical,Ranking: Rahul is 15th from top and 26th from bottom. Total students?,40,41,39,42,A
TCS_LOG_307,Logical Reasoning,MEDIUM,Logical,"Ranking: A is 12th from left, B is 20th from right. If they swap, A is 18th from left. Total?",37,38,35,40,A
TCS_LOG_308,Logical Reasoning,MEDIUM,Logical,"Ranking: In a row of 40, X is 11th from right. Position from left?",30,29,31,28,A
TCS_LOG_309,Logical Reasoning,MEDIUM,Logical,"Puzzle: 5 friends A,B,C,D,E have different weights. D>C>B. A>E. C>A. Who is lightest?",E,B,A,D,A
TCS_LOG_310,Logical Reasoning,MEDIUM,Logical,Puzzle: A is taller than B. C is taller than A. D is shorter than B. Tallest?,C,A,B,D,A
TCS_LOG_311,Logical Reasoning,MEDIUM,Logical,Puzzle: P earns more than Q. R earns less than P. S earns more than P. Who earns least?,Q,P,R,S,A
TCS_LOG_312,Logical Reasoning,MEDIUM,Logical,Coding-Decoding: KNIFE coded as MPKHG. FORK coded as?,HQTM,IQTM,HQSM,GQTM,A
TCS_LOG_313,Logical Reasoning,MEDIUM,Logical,"Coding: If SLOW = 40, FAST = ?",34,36,32,38,A
TCS_LOG_314,Logical Reasoning,MEDIUM,Logical,"Coding: If MACHINE = 19, then ENGINE = ?",14,13,15,16,A
TCS_LOG_315,Logical Reasoning,MEDIUM,Logical,Analogy: 8:64 :: 9:?,81,72,63,90,A
TCS_LOG_317,Logical Reasoning,MEDIUM,Logical,Analogy: BCDE:FGHI :: JKLM:?,NOPQ,OPQR,MNOP,LMNO,A
TCS_LOG_318,Logical Reasoning,MEDIUM,Logical,Analogy: PQRS:SRQP :: LMNO:?,ONML,MNOL,NOLM,LNMO,A
TCS_LOG_319,Logical Reasoning,MEDIUM,Logical,"Number series: 1, 8, 27, 64, ?",125,100,144,216,A
TCS_LOG_320,Logical Reasoning,MEDIUM,Logical,"Number series: 100, 96, 88, 76, ?",60,64,68,56,A
TCS_LOG_321,Logical Reasoning,MEDIUM,Logical,"Number series: 4, 7, 12, 19, 28, ?",39,37,40,38,A
TCS_LOG_322,Logical Reasoning,MEDIUM,Logical,"Number series: 2, 3, 5, 7, 11, 13, ?",17,15,19,16,A
TCS_LOG_323,Logical Reasoning,MEDIUM,Logical,"Number series: 0, 1, 3, 6, 10, 15, ?",21,20,22,18,A
TCS_LOG_324,Logical Reasoning,MEDIUM,Logical,"Letter series: AZ, BY, CX, DW, ?",EV,EU,FV,EW,A
TCS_LOG_325,Logical Reasoning,MEDIUM,Logical,"Letter series: A, B, D, G, K, ?",P,O,Q,N,A
TCS_LOG_326,Logical Reasoning,MEDIUM,Logical,"Odd one out: Addition, Subtraction, Division, Mathematics",Mathematics,Addition,Division,Subtraction,A
TCS_LOG_327,Logical Reasoning,MEDIUM,Logical,"Odd one out: Delhi, Mumbai, Chennai, Kashmir",Kashmir,Delhi,Mumbai,Chennai,A
TCS_LOG_332,Logical Reasoning,MEDIUM,Logical,"Logical sequence: Which comes next: 1, 2, 4, 8, 16, __?",32,24,28,30,A
TCS_LOG_333,Logical Reasoning,MEDIUM,Logical,"Logical sequence: J, F, M, A, M, J, J, A, S, O, ?",N,D,Nov,Oct,A
TCS_LOG_334,Logical Reasoning,MEDIUM,Logical,"If A=1, B=2... Z=26, then CAB=?",6,5,7,8,A
TCS_LOG_335,Logical Reasoning,MEDIUM,Logical,"If A=26, B=25... Z=1, then BAD=?",49,50,52,48,B
TCS_LOG_336,Logical Reasoning,MEDIUM,Logical,Statement-Assumption: Statement: Install fire extinguishers in offices. Assumption?,Offices catch fire frequently,No one can put out fire,Fire is dangerous in offices,Both A and C,C
TCS_LOG_337,Logical Reasoning,MEDIUM,Logical,Statement-Conclusion: All vegetables are healthy. Broccoli is a vegetable. Conclusion?,Broccoli is healthy,All healthy things are vegetables,Some vegetables aren't healthy,Cannot conclude,A
TCS_LOG_338,Logical Reasoning,MEDIUM,Logical,Statement-Argument: Should all cars be banned in cities? For: Reduces pollution. Against?,Reduces mobility,Expensive to own,Hard to repair,Old models pollute less,A
TCS_LOG_339,Logical Reasoning,MEDIUM,Logical,Fact-Inference: 80% of students passed. Inference?,Most students passed,All failed,School is bad,Teachers helped,A
TCS_LOG_340,Logical Reasoning,MEDIUM,Logical,"Critical reasoning: If only honest people get promoted and X got promoted, then X is?",Honest,Dishonest,Smart,Hard-working,A
TCS_LOG_341,Logical Reasoning,MEDIUM,Logical,"If some managers are leaders, and all leaders inspire, then?",Some managers inspire,No managers inspire,All inspire,Cannot say,A
TCS_LOG_343,Logical Reasoning,MEDIUM,Logical,Puzzle: 3 boxes. Box A has fruit if Box C has toys. Box C has toys. What does Box A have?,Fruit,Toys,Books,Cannot tell,A
TCS_LOG_344,Logical Reasoning,MEDIUM,Logical,Deduction: All trains are fast. Some trains are red. Are all red trains fast?,Cannot be determined,Yes,No,Not stated,A
TCS_LOG_345,Logical Reasoning,MEDIUM,Logical,Data sufficiency: Is x>y? I: x=y+2. II: x+y=10. Which statement is sufficient?,Statement I alone,Statement II alone,Both together,Neither,A
TCS_LOG_346,Logical Reasoning,MEDIUM,Logical,Data sufficiency: What is value of x? I: 2x+y=10. II: x-y=2. Which is sufficient?,Both together,Neither,Statement I,Statement II,A
TCS_LOG_347,Logical Reasoning,MEDIUM,Logical,Logical puzzle: P is Q's brother. Q is R's wife. S is R's son. How is P related to S?,Uncle,Father,Brother,Cousin,A
TCS_LOG_348,Logical Reasoning,MEDIUM,Logical,"Blood relation: If A+B means A is mother of B, A-B means A is brother of B, A*B means A is sister of B, then P+Q-R*S means P is __ of S?",Maternal aunt,Mother,Uncle,Niece,A
TCS_LOG_349,Logical Reasoning,MEDIUM,Logical,"Figure series: In a pattern of squares increasing by 1 each step: 1,4,9,16,__?",25,20,36,30,A
TCS_LOG_350,Logical Reasoning,MEDIUM,Logical,Spatial reasoning: A cube painted red on all faces and cut into 27 equal cubes. How many have paint on exactly 2 faces?,12,8,6,24,A
TCS_LOG_351,Logical Reasoning,MEDIUM,Logical,"Spatial reasoning: Same cube, how many have 3 painted faces?",8,12,6,4,A
TCS_LOG_352,Logical Reasoning,MEDIUM,Logical,"Spatial reasoning: Same cube, how many have no paint?",1,8,6,27,A
TCS_LOG_353,Logical Reasoning,MEDIUM,Logical,"Number series: 3, 5, 9, 17, 33, ?",65,63,61,67,A
TCS_LOG_354,Logical Reasoning,MEDIUM,Logical,"Number series: 2, 6, 18, 54, 162, ?",486,324,648,243,A
TCS_LOG_355,Logical Reasoning,MEDIUM,Logical,"Number series: 10, 14, 18, 22, ?",26,24,28,30,A
TCS_LOG_356,Logical Reasoning,MEDIUM,Logical,"Missing number: 1,1,2,3,5,8,13,21,__?",34,35,30,40,A
TCS_LOG_357,Logical Reasoning,MEDIUM,Logical,"Number pattern: 120, 100, 82, 66, ?",52,54,50,56,A
TCS_LOG_358,Logical Reasoning,MEDIUM,Logical,"Blood relation: Pointing to man, woman says he is son of only son of my grandfather. How is she related?",Sister,Cousin,Daughter,Aunt,A
TCS_LOG_359,Logical Reasoning,MEDIUM,Logical,Blood relation: If X is son of Y's uncle and Z is wife of Y. How is X related to Z's husband?,Cousin,Nephew,Brother,Uncle,A
TCS_LOG_360,Logical Reasoning,MEDIUM,Logical,"Direction: Starting East, turn right 90°, then 180°, then 270°. Final direction?",North,South,East,West,A
TCS_LOG_361,Logical Reasoning,MEDIUM,Logical,"Direction: Walk 4 km West, turn 90° left, walk 3 km. Then 90° right, walk 4 km East. Where?",3km North of start,3km South,Same place,6km West,A
TCS_LOG_362,Logical Reasoning,MEDIUM,Logical,Clock: At 12:20 what is angle between hands?,110°,100°,120°,90°,A
TCS_LOG_363,Logical Reasoning,MEDIUM,Logical,Syllogism: No chairs are tables. All tables are wooden. Conclusion?,No chair is wooden,Some chairs are wooden,All wooden are tables,Cannot conclude for chairs,D
TCS_LOG_364,Logical Reasoning,MEDIUM,Logical,Input-Output: Step1: INPUT > APPLES. Step2: Reverse each word. APPLES>?,SELPPA,APPLE,SAPPLE,AELSPP,A
TCS_LOG_365,Logical Reasoning,MEDIUM,Logical,Ranking: In queue P is 7th from front and 13th from back. How long is queue?,19,20,18,17,A
TCS_LOG_366,Logical Reasoning,MEDIUM,Logical,"If the day before yesterday was Saturday, what day will be day after tomorrow?",Wednesday,Thursday,Tuesday,Friday,A
TCS_LOG_367,Logical Reasoning,MEDIUM,Logical,Seating: 8 people in circle. A sits 3 left of B and 5 right of B. People between them on other side?,4,3,2,5,A
TCS_LOG_368,Logical Reasoning,MEDIUM,Logical,Number analogy: 16:4 :: 81:?,9,27,18,3,A
TCS_LOG_369,Logical Reasoning,MEDIUM,Logical,Letter analogy: ACE:BDF :: GIK:?,HJL,IJK,GHI,HIJ,A
TCS_LOG_370,Logical Reasoning,MEDIUM,Logical,"If FRIEND is coded 1234, FIEND is?",12234,12034,12340,1234,A
TCS_LOG_371,Logical Reasoning,MEDIUM,Logical,"Coding: In a certain code 'sky is blue' = 315, 'blue is water' = 625, 'water is life' = 472. What is code for 'blue'?",5,2,3,6,A
TCS_LOG_372,Logical Reasoning,MEDIUM,Logical,"Statement: The more you read, the more you know. If John reads a lot, then?",John knows a lot,John will be smart,Reading is hard,Cannot determine,A
TCS_LOG_373,Logical Reasoning,MEDIUM,Logical,"Venn: A has 20 in A only, 10 in A and B only, 5 in A and B and C, 3 in A and C only. Total in A?",38,35,30,40,A
TCS_LOG_374,Logical Reasoning,MEDIUM,Logical,"Series: BAD, CBE, DCF, ?",EDG,EDF,EEG,DEG,A
TCS_LOG_375,Logical Reasoning,MEDIUM,Logical,"Series: 1Z, 2Y, 3X, ?",4W,4V,5W,3V,A
TCS_LOG_376,Logical Reasoning,MEDIUM,Logical,"Matrix reasoning: Row1:2,4,8; Row2:3,9,27; Row3:4,16,__?",64,32,48,128,A
TCS_LOG_377,Logical Reasoning,MEDIUM,Logical,"Logical: If no criminals are honest and some lawyers are criminals, are some lawyers dishonest?",Yes,No,Cannot determine,Maybe,A
TCS_LOG_378,Logical Reasoning,MEDIUM,Logical,"If P>Q, Q>R, R>S, then which is always true?",P>S,S>P,P=S,P<S,A
TCS_LOG_379,Logical Reasoning,MEDIUM,Logical,"Data: P≠Q, Q<R, R≤P. Which is true?",P≥Q,Q≥R,R>P,Cannot say,A
TCS_LOG_380,Logical Reasoning,MEDIUM,Logical,"If a=b+c, b=c+d, c=5, d=3. Then a=?",16,13,8,11,A
TCS_LOG_382,Logical Reasoning,MEDIUM,Logical,Distance: A and B are 100km apart. Trains start simultaneously at 40km/h and 60km/h. Meet after?,1h,2h,1.5h,0.5h,A
TCS_LOG_383,Logical Reasoning,MEDIUM,Logical,Passage reasoning: Only birds can fly. Eagles can fly. Therefore?,Eagles are birds,Birds are eagles,Some birds can't fly,Eagles can't fly,A
TCS_LOG_384,Logical Reasoning,MEDIUM,Logical,"Conditional: If it rains, the match is cancelled. Match was not cancelled. Therefore?",It did not rain,It rained,Match was played,Cannot say,A
TCS_LOG_385,Logical Reasoning,MEDIUM,Logical,"Series: 7, 11, 16, 22, 29, ?",37,36,38,40,A
TCS_LOG_386,Logical Reasoning,MEDIUM,Logical,Analogy: Author:Book :: Sculptor:?,Statue,Paint,Drawing,Poem,A
TCS_LOG_387,Logical Reasoning,MEDIUM,Logical,Analogy: Oxygen:Combustion :: Food:?,Life,Water,Energy,Air,C
TCS_LOG_389,Logical Reasoning,MEDIUM,Logical,"Find missing: 2, 5, 11, 23, ?",47,45,41,43,A
TCS_LOG_390,Logical Reasoning,MEDIUM,Logical,"Which does not fit: Violin, Guitar, Flute, Sitar",Flute,Guitar,Violin,Sitar,A
TCS_LOG_391,Logical Reasoning,MEDIUM,Logical,"Which does not fit: Pen, Pencil, Chalk, Eraser",Eraser,Pen,Chalk,Pencil,A
TCS_LOG_392,Logical Reasoning,MEDIUM,Logical,"Which does not fit: Mercury, Venus, Earth, Moon",Moon,Mercury,Venus,Earth,A
TCS_LOG_393,Logical Reasoning,MEDIUM,Logical,"Which number does not fit: 11, 22, 33, 44, 55, 56",56,22,33,44,A
TCS_LOG_394,Logical Reasoning,MEDIUM,Logical,"Which word does not fit: Bold, Italic, Underline, Font, Strike-through",Font,Bold,Italic,Underline,A
TCS_LOG_395,Logical Reasoning,MEDIUM,Logical,Logical: All roses are flowers. Some flowers fade quickly. Therefore?,Some roses may fade quickly,All roses fade,No rose fades,Cannot say,A
TCS_LOG_397,Logical Reasoning,MEDIUM,Logical,"Pattern: 1, 2, 4, 7, 11, 16, ?",22,20,24,18,A
TCS_LOG_398,Logical Reasoning,MEDIUM,Logical,Input: Machine does X→Y→Z in 3 steps. Output of ABC in step 2?,Step-specific,ABC,CBA,BAC,C
TCS_LOG_399,Logical Reasoning,MEDIUM,Logical,Which conclusion follows: No P is Q. All Q are R. Some R are S.,No P is R,Some S are Q,Some R may not be Q,All P are S,C
TCS_LOG_400,Logical Reasoning,MEDIUM,Logical,Statement: All students work hard. Ram is a student. Conclusion?,Ram works hard,Ram is lazy,Students are smart,Cannot say,A
TCS_LOG_401,Logical Reasoning,MEDIUM,Logical,"If A is the mother of B and C, C is married to D. D is the son of E. How is E related to A?",In-law,Brother,Uncle,Son,A
TCS_LOG_402,Logical Reasoning,MEDIUM,Logical,6 people in circle. A opposite B. C between A and D. Who is between B and D?,E or F,C,A,D,A
TCS_LOG_403,Logical Reasoning,MEDIUM,Logical,"Series: ACE, FHJ, KMO, ?",PRT,QSU,OQS,NPS,A
TCS_LOG_404,Logical Reasoning,MEDIUM,Logical,"Number grid: 2 4 6 / 3 9 27 / 4 16 64. Pattern of last column: 6, 27, 64. Next?",125,100,216,64,A
TCS_LOG_405,Logical Reasoning,MEDIUM,Logical,"In a group: 12 like A, 18 like B, 8 like both. How many like at least one?",22,26,30,20,A
TCS_LOG_406,Logical Reasoning,MEDIUM,Logical,Analogy: 36:6 :: 196:?,14,13,16,12,A
TCS_LOG_407,Logical Reasoning,MEDIUM,Logical,Analogy: BCDA:CDAB :: EFGH:?,FGHE,GHEF,HGFE,FGEH,B
TCS_LOG_408,Logical Reasoning,MEDIUM,Logical,"Blood relation: If A*B means A is father of B, A/B means A is mother, A+B means A is brother. P*Q/R+S means P is __ of S?",Grandfather,Father,Grandmother,Uncle,A
TCS_LOG_409,Logical Reasoning,MEDIUM,Logical,"Missing: 2, 3, 7, 45, ?",2027,342,1800,3430,A
TCS_LOG_410,Logical Reasoning,MEDIUM,Logical,"Missing: 1, 2, 6, 24, 120, ?",720,600,840,480,A
TCS_LOG_411,Logical Reasoning,MEDIUM,Logical,Statement conclusion: Some A are B. All B are C. Some C are D. Therefore: Some A are C - True?,True,False,Cannot say,Partially true,A
TCS_LOG_412,Logical Reasoning,MEDIUM,Logical,"If x=3, y=4, z=5. Value of x2+y2+z2?",50,25,30,40,A
TCS_LOG_413,Logical Reasoning,MEDIUM,Logical,"Floor puzzle: A lives above B, below C, D lives above C. Order top to bottom?","D,C,A,B","C,D,A,B","D,C,B,A","A,C,D,B",A
TCS_LOG_414,Logical Reasoning,MEDIUM,Logical,Coding: ABCD in reverse gives DCBA. PQRS reversed is?,SRQP,RSPQ,SQRP,PSRQ,A
TCS_LOG_415,Logical Reasoning,MEDIUM,Logical,"Coding: TALK = 4, WALK = 4. CHALK = ?",5,6,4,7,A
TCS_LOG_416,Logical Reasoning,MEDIUM,Logical,"Which is different: A, E, I, O, B?",B,A,E,O,A
TCS_LOG_417,Logical Reasoning,MEDIUM,Logical,"Series: 2,4,8,16,__?",32,64,24,12,A
TCS_LOG_418,Logical Reasoning,MEDIUM,Logical,Analogy: Pen:Ink :: Lamp:?,Light,Oil,Fire,Candle,B
TCS_LOG_419,Logical Reasoning,MEDIUM,Logical,"Coding: If A=2, B=3... Z=27. FACE = ?",27,28,26,29,A
TCS_LOG_420,Logical Reasoning,MEDIUM,Logical,Clock: At 3:00 angle between hands?,90°,60°,45°,180°,A
TCS_LOG_421,Logical Reasoning,MEDIUM,Logical,"Ranking: If Priya is 8th from top and 14th from bottom, total?",21,20,22,19,A
TCS_LOG_422,Logical Reasoning,MEDIUM,Logical,Analogy: 3:12 :: 7:?,28,21,35,56,A
TCS_LOG_423,Logical Reasoning,MEDIUM,Logical,"Direction: Face N, turn 90° right, turn 180°. Now facing?",West,East,South,North,A
TCS_LOG_424,Logical Reasoning,MEDIUM,Logical,Blood rel: A is B's brother. C is A's son. D is C's sister. D is B's?,Niece,Nephew,Daughter,Cousin,A
TCS_LOG_425,Logical Reasoning,MEDIUM,Logical,"Odd one out: Mango, Apple, Banana, Carrot?",Carrot,Mango,Apple,Banana,A
TCS_LOG_426,Logical Reasoning,MEDIUM,Logical,"Next: 1,3,6,10,15,__?",21,18,20,25,A
TCS_LOG_427,Logical Reasoning,MEDIUM,Logical,Analogy: Chair:Furniture :: Pen:?,Stationery,Office,Ink,Write,A
TCS_LOG_428,Logical Reasoning,MEDIUM,Logical,Syllogism: All S are P. No P is Q. Therefore?,No S is Q,All Q are S,Some S are Q,Cannot say,A
TCS_LOG_429,Logical Reasoning,MEDIUM,Logical,"Letter: CBA, FED, IHG, __?",LKJ,KJI,JKL,KLM,A
TCS_LOG_430,Logical Reasoning,MEDIUM,Logical,"Number: 9,27,81,243,__?",729,486,324,972,A
TCS_LOG_433,Logical Reasoning,MEDIUM,Logical,Analogy: Sword:Fight :: Pen:?,Write,Draw,Read,Erase,A
TCS_LOG_434,Logical Reasoning,MEDIUM,Logical,"Direction: Go South 5km, East 5km, North 5km. Where?",5km East,5km West,Same spot,10km North,A
TCS_LOG_436,Logical Reasoning,MEDIUM,Logical,"Pattern: 2,3,5,8,13,21,__?",34,30,32,28,A
TCS_LOG_437,Logical Reasoning,MEDIUM,Logical,Coding: INDIA = 9+14+4+9+1 = ?,37,36,38,40,A
TCS_LOG_438,Logical Reasoning,MEDIUM,Logical,Analogy: Sheep:Flock :: Fish:?,Shoal,Herd,Pack,School,A
TCS_LOG_439,Logical Reasoning,MEDIUM,Logical,Clock hands at 90° between 3-4pm at?,3:32.72,3:30,3:15,3:45,A
TCS_LOG_440,Logical Reasoning,MEDIUM,Logical,"Series: AAB, BBC, CCD, __?",DDE,EEF,DDC,DEF,A
TCS_LOG_442,Logical Reasoning,MEDIUM,Logical,"Arrangement: 7 people. A is 4th from left, B is 4th from right. People between?",2,3,1,4,A
TCS_LOG_443,Logical Reasoning,MEDIUM,Logical,Calendar: Feb 14 is Wednesday 2024 (leap). What is March 14?,Friday,Thursday,Wednesday,Saturday,A
TCS_LOG_444,Logical Reasoning,MEDIUM,Logical,"Number: Find missing: 5,__,17,26,37?",10,9,11,12,A
TCS_LOG_445,Logical Reasoning,MEDIUM,Logical,Direction: A is North of B. C is East of B. D is South of C. Relation A to D?,NW,NE,SW,SE,B
TCS_LOG_446,Logical Reasoning,MEDIUM,Logical,"Number: 3×3, 5×5, 7×7, __×__?",9×9,8×8,10×10,11×11,A
TCS_LOG_447,Logical Reasoning,MEDIUM,Logical,"Blood rel: If A+B = A is husband of B, A-B = A is father of B. P+Q-R means?",P is grandfather of R,P is father of R,Q is grandfather of R,R is son of P,A
TCS_LOG_448,Logical Reasoning,MEDIUM,Logical,Coding: PENCIL in reverse?,LICNEP,LICPNE,LINCEP,PECLNI,A
TCS_LOG_449,Logical Reasoning,MEDIUM,Logical,"Odd one out: Cricket, Football, Chess, Basketball",Chess,Cricket,Football,Basketball,A
TCS_LOG_450,Logical Reasoning,MEDIUM,Logical,"Series: 1,2,4,7,11,16,22,__?",29,28,30,27,A
TCS_LOG_451,Logical Reasoning,MEDIUM,Logical,Analogy: Cup:Lips :: Glass:?,Mouth,Hand,Throat,Face,A
TCS_LOG_452,Logical Reasoning,MEDIUM,Logical,"Venn: 30 play A, 25 play B, 15 both. Total?",40,45,55,50,A
TCS_LOG_453,Logical Reasoning,MEDIUM,Logical,Ranking: X is 5th from both ends. Total?,9,10,8,11,A
TCS_LOG_454,Logical Reasoning,MEDIUM,Logical,Figure: Dot inside circle inside square. Which shape is outermost?,Square,Circle,Triangle,Dot,A
TCS_LOG_455,Logical Reasoning,MEDIUM,Logical,"Missing: 64, 49, 36, 25, __?",16,9,12,18,A
TCS_LOG_456,Logical Reasoning,MEDIUM,Logical,Statement: Birds lay eggs. Eagles are birds. Eagle A lays egg B. Conclusion?,True,False,Cannot say,Partially,A
TCS_LOG_457,Logical Reasoning,MEDIUM,Logical,Analogy: Cold:Fever :: War:?,Peace,Destruction,Hunger,Inflation,B
TCS_LOG_458,Logical Reasoning,MEDIUM,Logical,"If MANGO coded as 13+1+14+7+15=50, APPLE=?",50,51,52,53,A
TCS_LOG_459,Logical Reasoning,MEDIUM,Logical,3 friends in circle. A left of B. B left of C. Who is right of C?,A,B,C,Cannot say,A
TCS_LOG_460,Logical Reasoning,MEDIUM,Logical,"Number series: 0,5,14,27,44,__?",65,60,70,55,A
TCS_LOG_461,Logical Reasoning,MEDIUM,Logical,Analogy: 25:5 :: 64:?,8,16,32,4,A
TCS_LOG_462,Logical Reasoning,MEDIUM,Logical,Logical: If no war then peace. There is war. Therefore?,No peace,Peace exists,Cannot conclude,Both,A
TCS_LOG_463,Logical Reasoning,MEDIUM,Logical,Coding: Each letter replaced by next. BAD = ?,CBE,BCE,ACE,CAE,A
TCS_LOG_464,Logical Reasoning,MEDIUM,Logical,Age: A is 10yr older than B. Sum of ages = 50. A's age?,30,25,35,20,A
TCS_LOG_465,Logical Reasoning,MEDIUM,Logical,Analogy: Diamond:Carbon :: Rust:?,Iron Oxide,Iron,Oxygen,Moisture,A
TCS_LOG_466,Logical Reasoning,MEDIUM,Logical,"Venn: Set A={1,2,3,4}, B={3,4,5,6}. A∩B?","{3,4}","{1,2,5,6}","{1,2,3,4,5,6}",{},A
TCS_LOG_467,Logical Reasoning,MEDIUM,Logical,"Number: 11, 17, 23, 29, __?",35,31,37,33,A
TCS_LOG_468,Logical Reasoning,MEDIUM,Logical,"Odd one out: January, March, May, July, September",September,January,March,May,A
TCS_LOG_469,Logical Reasoning,MEDIUM,Logical,Direction: Stand facing friend. Your right is friend's?,Left,Right,Front,Back,A
TCS_LOG_470,Logical Reasoning,MEDIUM,Logical,Clock: How many times in a day do clock hands form right angle?,44,22,48,24,A
TCS_LOG_471,Logical Reasoning,MEDIUM,Logical,"Missing number in 3×3: Row1:1,2,3; Row2:4,5,6; Row3:7,8,__?",9,10,8,12,A
TCS_LOG_472,Logical Reasoning,MEDIUM,Logical,Analogy: Flower:Fragrance :: Sun:?,Light,Heat,Energy,Warmth,A
TCS_LOG_473,Logical Reasoning,MEDIUM,Logical,Coding: COMPUTER reversals = ?,RETUPMOC,COMPUTOR,COMRUTER,RETUMPC,A
TCS_LOG_474,Logical Reasoning,MEDIUM,Logical,Statement: All glass is fragile. This is glass. Conclusion?,This is fragile,All fragile is glass,Some glass is not fragile,Cannot say,A
TCS_LOG_475,Logical Reasoning,MEDIUM,Logical,"Seating: 8 in row, D is exactly in middle. D's position from left?",4th or 5th,4th,5th,Cannot say,C
TCS_LOG_476,Logical Reasoning,MEDIUM,Logical,"Number: __,3,8,15,24,35?",0,1,2,-1,A
TCS_LOG_477,Logical Reasoning,MEDIUM,Logical,Analogy: Novelist:Fiction :: Journalist:?,News,Paper,Ink,Printer,A
TCS_LOG_478,Logical Reasoning,MEDIUM,Logical,Ranking: 50 students. P is 25th from bottom. From top?,26th,25th,27th,24th,A
TCS_LOG_479,Logical Reasoning,MEDIUM,Logical,"If Jan 1 Mon, Oct 1 is?",Tuesday,Wednesday,Monday,Thursday,A
TCS_LOG_480,Logical Reasoning,MEDIUM,Logical,Floor: 6 floors. A is above B but below C. D is above C. E is between B and A. F is above D. Top?,F,D,C,A,A
TCS_LOG_482,Logical Reasoning,MEDIUM,Logical,"Number: 6,10,18,34,66,__?",130,128,132,124,A
TCS_LOG_483,Logical Reasoning,MEDIUM,Logical,Coding: FLOW coded as GMPX. BIRD = ?,CJSE,CIRE,BJSE,CJRE,A
TCS_LOG_484,Logical Reasoning,MEDIUM,Logical,"Odd one out: Square, Rectangle, Rhombus, Cone",Cone,Square,Rectangle,Rhombus,A
TCS_LOG_485,Logical Reasoning,MEDIUM,Logical,Syllogism: Some cats are white. All white things are small. Conclusion?,Some cats are small,All cats are small,No cat is small,Cannot say,A
TCS_LOG_486,Logical Reasoning,MEDIUM,Logical,Analogy: Driver:Car :: Pilot:?,Aeroplane,Airport,Cockpit,Fuel,A
TCS_LOG_487,Logical Reasoning,MEDIUM,Logical,"Age problem: Difference 4 years. In 5 years, older is twice younger. Ages?",3 and 7,4 and 8,2 and 6,5 and 9,A
TCS_LOG_488,Logical Reasoning,MEDIUM,Logical,Blood rel: A's son is B. C is B's cousin. D is C's father. D and A are?,Siblings/cousins,Parent-child,Married,Unrelated,A
TCS_LOG_489,Logical Reasoning,MEDIUM,Logical,"Series: B,D,G,K,P,__?",V,U,W,X,A
TCS_LOG_490,Logical Reasoning,MEDIUM,Logical,"Number: 2,3,4,6,6,9,8,12,10,__?",15,14,16,13,A
TCS_LOG_491,Logical Reasoning,MEDIUM,Logical,Analogy: Stethoscope:Doctor :: Trowel:?,Mason,Painter,Carpenter,Plumber,A
TCS_LOG_492,Logical Reasoning,MEDIUM,Logical,"Odd one out: Circle, Triangle, Square, Pentagon, Sphere?",Sphere,Circle,Triangle,Pentagon,A
TCS_LOG_493,Logical Reasoning,MEDIUM,Logical,Direction: Map shows N top. A goes right then down. Directions moved?,East then South,North then East,West then South,East then North,A
TCS_LOG_494,Logical Reasoning,MEDIUM,Logical,Statement: Cats are mammals. Tiger is a cat. Conclusion?,Tiger is mammal,Mammals are tigers,Some tigers aren't cats,Cannot say,A
TCS_LOG_495,Logical Reasoning,MEDIUM,Logical,"Number: 2000, 1000, 500, 250, __?",125,200,100,150,A
TCS_LOG_496,Logical Reasoning,MEDIUM,Logical,"Coding: IF=J.F., OF=P.F. GO=?",H.P.,I.P.,H.O.,J.P.,A
TCS_LOG_497,Logical Reasoning,MEDIUM,Logical,Blood rel: M is N's father. N is O's daughter. P is O's son. How is M related to P?,Grandfather,Father,Uncle,Cousin,A
TCS_LOG_498,Logical Reasoning,MEDIUM,Logical,"Venn: Only P: 10, Only Q: 15, Both: 5, Neither: 3. Total?",33,30,35,28,A
TCS_LOG_499,Logical Reasoning,MEDIUM,Logical,Analogy: Acrophobia:Heights :: Claustrophobia:?,Enclosed spaces,Open spaces,Water,Insects,A
TCS_LOG_500,Logical Reasoning,MEDIUM,Logical,"Number: 1, 4, 13, 40, 121, __?",364,360,366,362,A
TCS_LOG_501,Logical Reasoning,MEDIUM,Logical,"Series: A, C, F, J, O, __?",U,T,V,S,A
TCS_LOG_502,Logical Reasoning,MEDIUM,Logical,"Logical: If today is not Tuesday, it is Thursday. Today is not Thursday. Therefore?",Today is Tuesday,Today is Wednesday,Cannot say,Today is Monday,A
TCS_LOG_503,Logical Reasoning,MEDIUM,Logical,Analogy: Ornithology:Birds :: Entomology:?,Insects,Reptiles,Mammals,Fish,A
TCS_LOG_504,Logical Reasoning,MEDIUM,Logical,"Calendar: If Apr 1 is Thursday, then May 1 is?",Saturday,Sunday,Friday,Monday,A
TCS_LOG_505,Logical Reasoning,MEDIUM,Logical,Coding: TRAIN coded as 44. PLANE = ?,43,42,45,40,A
TCS_LOG_506,Logical Reasoning,MEDIUM,Logical,"Number series: 5, 9, 17, 33, 65, __?",129,128,130,131,A
TCS_LOG_507,Logical Reasoning,MEDIUM,Logical,Seating: P Q R S T in circle (equal spaces). P opposite Q. R is right of Q. S is right of P. T is?,Between Q and R,Between S and R,Between P and S,Opposite T,A
TCS_LOG_509,Logical Reasoning,MEDIUM,Logical,Analogy: Smell:Nose :: Taste:?,Tongue,Mouth,Teeth,Lips,A
TCS_LOG_510,Logical Reasoning,MEDIUM,Logical,Direction: A is 4m E of B. C is 3m N of A. D is 5m W of C. D from B?,Due North,Due West,NW direction,NE direction,A
TCS_LOG_511,Logical Reasoning,MEDIUM,Logical,Blood rel: A has two children B and C. D is B's daughter. E is D's uncle. How is E related to C?,Brother,Son,Father,Nephew,A
TCS_LOG_512,Logical Reasoning,MEDIUM,Logical,Deduction: All computers need electricity. X needs electricity. X is?,Not necessarily a computer,A computer,A machine,Cannot determine,A
TCS_LOG_513,Logical Reasoning,MEDIUM,Logical,"Number: 100, 95, 85, 70, 50, __?",25,30,20,35,A
TCS_LOG_514,Logical Reasoning,MEDIUM,Logical,"Pattern: 1×2, 2×3, 3×4, __?",4×5,4×4,5×5,3×5,A
TCS_LOG_515,Logical Reasoning,MEDIUM,Logical,"Missing: ?, 4, 9, 16, 25 (perfect squares)?",1,0,2,3,A
TCS_LOG_516,Logical Reasoning,MEDIUM,Logical,Analogy: Author:Novel :: Choreographer:?,Dance,Music,Painting,Poetry,A
TCS_LOG_232,Logical Reasoning,EASY,Matrix Reasoning,"Matrix: Row 1: 1, 2, 3. Row 2: 4, 5, 6. Row 3: 7, 8, ?",9,10,11,12,A
TCS_LOG_234,Logical Reasoning,EASY,Matrix Reasoning,"Matrix: Row 1: A1, B2, C3. Row 2: D4, E5, F6. Row 3: G7, H8, ?",I9,I8,J9,H9,A
TCS_LOG_236,Logical Reasoning,EASY,Matrix Reasoning,Matrix: 1 4 9 / 16 25 36 / 49 64 ?,81,64,100,72,A
TCS_LOG_238,Logical Reasoning,EASY,Matrix Reasoning,Matrix: 3 6 9 / 12 15 18 / 21 24 ? (arithmetic progression),27,25,30,28,A
TCS_LOG_239,Logical Reasoning,EASY,Matrix Reasoning,Row 1: △ ○ □. Row 2: ○ □ △. Row 3: □ △ ?,○,△,□,●,A
TCS_LOG_235,Logical Reasoning,HARD,Matrix Reasoning,"Each column sums to 15. Column 1: 2, 5, 8. Column 2: 9, 4, 2. Missing in Column 3, Row 2: Row1=4,?=,Row3=6.",5,4,6,3,A
TCS_LOG_240,Logical Reasoning,HARD,Matrix Reasoning,"Matrix values: diagonals sum to 15. Main diagonal: 5, ?, 3. Middle element?",7,6,8,4,A
TCS_LOG_231,Logical Reasoning,MEDIUM,Matrix Reasoning,"Matrix pattern: Row 1: 2, 4, 8. Row 2: 3, 9, 27. Row 3: 4, 16, ?",64,32,256,128,A
TCS_LOG_233,Logical Reasoning,MEDIUM,Matrix Reasoning,"Each row sums to same value. Row 1: 5, 3, 8. Row 2: 7, 4, 5. Row 3: 6, ?, 5",5,4,7,6,A
TCS_LOG_237,Logical Reasoning,MEDIUM,Matrix Reasoning,"Pattern: each element = row × column. Row 3, Col 4 = ?",12,9,16,6,A
TCS_LOG_166,Logical Reasoning,EASY,Puzzles,A man has 3 daughters. Each daughter has one brother. How many children does the man have?,4,6,3,5,A
TCS_LOG_168,Logical Reasoning,EASY,Puzzles,"Two fathers and two sons go fishing. They catch 3 fish total, one each. How?","They are grandfather, father, son (3 people)",Two people,Four people,Three fathers,A
TCS_LOG_170,Logical Reasoning,EASY,Puzzles,"What can run but never walk, has a mouth but never talks, has a head but never weeps?",A river,A road,A clock,A book,A
TCS_LOG_156,Logical Reasoning,HARD,Puzzles,"There are 3 boxes: one has apples, one has oranges, and one has both. Labels are wrong. You pick one fruit from box labeled 'Both'. It is an apple. How do you identify all boxes?",Box labeled 'Both' has Apples; box labeled 'Apples' has Both; box labeled 'Oranges' has Oranges,Cannot determine,Box labeled 'Both' has Oranges,Need to open another box,A
TCS_LOG_157,Logical Reasoning,HARD,Puzzles,A clock shows 3:15. What is the angle between the hour and minute hands?,7.5°,0°,15°,30°,A
TCS_LOG_158,Logical Reasoning,HARD,Puzzles,A man has two coins totaling 30 paise. One is not a 10 paise coin. What are the coins?,20 paise and 10 paise,25 paise and 5 paise,15 paise and 15 paise,20 paise and 20 paise,A
TCS_LOG_159,Logical Reasoning,HARD,Puzzles,"If you have a 3-litre jug and a 5-litre jug, how do you measure exactly 4 litres?","Fill 5L, pour into 3L, empty 3L, pour remainder (2L) from 5L into 3L, fill 5L, pour 1L into 3L, leaving 4L in 5L.",Fill 3L jug twice into 5L jug,Fill 5L and remove 1L,Cannot be done,A
TCS_LOG_160,Logical Reasoning,HARD,Puzzles,"If a rooster lays an egg on the peak of a roof, which way does it roll?",Roosters don't lay eggs,It rolls left,It rolls right,It stays put,A
TCS_LOG_164,Logical Reasoning,HARD,Puzzles,How many squares are there on a standard chessboard (including all sizes)?,204,64,128,256,A
TCS_LOG_165,Logical Reasoning,HARD,Puzzles,A train enters a 600m tunnel at 50 km/h. The train is 200m long. How long to pass completely?,57.6 s,60 s,64 s,48 s,A
TCS_LOG_167,Logical Reasoning,HARD,Puzzles,A palindrome number is a 3-digit number that reads same backwards. How many exist?,90,81,100,99,A
TCS_LOG_169,Logical Reasoning,HARD,Puzzles,"Without electricity, how could a man living alone read at night?",He is blind and reads Braille,He uses a phone,He reads by moonlight,He lights a candle,D
TCS_LOG_161,Logical Reasoning,MEDIUM,Puzzles,"A river crossing: farmer, fox, chicken, grain. Fox eats chicken; chicken eats grain. Farmer can take one at a time. What is the first move?",Take chicken across first,Take fox across first,Take grain across first,Cannot be solved,A
TCS_LOG_163,Logical Reasoning,MEDIUM,Puzzles,"A bag contains 5 red, 3 blue, 2 green balls. Minimum draws needed to guarantee 2 balls of same color?",4,3,5,6,A
TCS_LOG_085,Logical Reasoning,EASY,Seating Arrangement,"In a row of 20, Mohan is 8th from left and Sohan is 14th from left. How many people are between them?",5,6,4,7,A
TCS_LOG_076,Logical Reasoning,HARD,Seating Arrangement,"5 people A,B,C,D,E sit in a row. A is 2nd from left, D is next to A. Who is 3rd if B is at extreme right and C is next to B?",D,C,E,A,A
TCS_LOG_077,Logical Reasoning,HARD,Seating Arrangement,6 people sit in a circle. A is between B and C. D is between E and F. B is opposite D. Who is opposite A?,E,F,C,B,A
TCS_LOG_078,Logical Reasoning,HARD,Seating Arrangement,"P,Q,R,S sit in a row. P is not next to Q. R is next to S. If Q is 2nd from left, where is P?",4th from left,1st from left,3rd from left,2nd from right,A
TCS_LOG_080,Logical Reasoning,HARD,Seating Arrangement,"A is to the left of B. C is to the right of D. B and D are at the same position. Who is 2nd from right: A,B,C,D?",C,B,A,D,A
TCS_LOG_081,Logical Reasoning,HARD,Seating Arrangement,6 students sit in a row facing north. A is at one end. F is between D and E. B is to the immediate right of A. C is between B and D. Who is in the middle?,C or D,B or C,D or E,A or B,A
TCS_LOG_083,Logical Reasoning,HARD,Seating Arrangement,"A,B,C,D,E sit in a row. B is to the right of E but left of C. A is at extreme left. D is not next to A. Middle position is:",B,C,E,D,A
TCS_LOG_084,Logical Reasoning,HARD,Seating Arrangement,5 boxes are stacked. Red is below yellow. Blue is above green. Green is above yellow. Black is at top. Order from top?,"Black, Blue, Green, Yellow, Red","Black, Green, Blue, Yellow, Red","Blue, Black, Green, Yellow, Red","Black, Blue, Yellow, Green, Red",A
TCS_LOG_079,Logical Reasoning,MEDIUM,Seating Arrangement,"In a row of 10, X is 4th from left and Y is 7th from right. How many people are between X and Y?",2,3,1,4,B
TCS_LOG_082,Logical Reasoning,MEDIUM,Seating Arrangement,"In a circular arrangement of 8 people, if 4 people between A and B going clockwise, how many are there going counter-clockwise?",3,4,5,2,A
TCS_LOG_001,Logical Reasoning,EASY,Series,"Letter series: A, C, E, G, ___",I,H,J,K,A
TCS_LOG_002,Logical Reasoning,EASY,Series,"Letter series: Z, X, V, T, ___",R,S,Q,P,A
TCS_LOG_004,Logical Reasoning,EASY,Series,"Number series: 2, 4, 8, 16, ___",32,24,28,36,A
TCS_LOG_005,Logical Reasoning,EASY,Series,"Number series: 1, 4, 9, 16, 25, ___",36,32,49,30,A
TCS_LOG_010,Logical Reasoning,EASY,Series,"Letter series: AZ, BY, CX, DW, ___",EV,EU,FV,DU,A
TCS_LOG_012,Logical Reasoning,EASY,Series,"Number series: 144, 121, 100, 81, ___",64,49,72,56,A
TCS_LOG_017,Logical Reasoning,EASY,Series,"Number series: 8, 27, 64, 125, ___",216,196,200,225,A
TCS_LOG_018,Logical Reasoning,EASY,Series,"Number series: 2, 3, 5, 7, 11, 13, ___",17,15,19,16,A
TCS_LOG_020,Logical Reasoning,EASY,Series,"Number series: 0, 1, 1, 2, 3, 5, 8, ___",13,11,14,10,A
TCS_LOG_023,Logical Reasoning,EASY,Series,"Alpha-numeric: AB1, CD2, EF3, GH4, ___",IJ5,IJ6,KL5,HI5,A
TCS_LOG_025,Logical Reasoning,EASY,Series,"Number series: 1, 8, 27, 64, 125, 216, ___",343,256,300,400,A
TCS_LOG_011,Logical Reasoning,HARD,Series,"Number series: 5, 10, 17, 26, 37, ___",50,48,52,55,A
TCS_LOG_013,Logical Reasoning,HARD,Series,"Letter series: M, N, P, S, W, ___",B,A,C,D,A
TCS_LOG_014,Logical Reasoning,HARD,Series,"Number series: 1, 3, 7, 13, 21, ___",31,29,33,27,A
TCS_LOG_015,Logical Reasoning,HARD,Series,"Number series: 6, 13, 27, 55, ___",111,113,109,105,A
TCS_LOG_016,Logical Reasoning,HARD,Series,"Letter series: A, B, D, G, K, ___",P,Q,O,N,A
TCS_LOG_021,Logical Reasoning,HARD,Series,"Number series: 12, 35, 81, 173, ___",357,350,360,370,A
TCS_LOG_022,Logical Reasoning,HARD,Series,"Number series: 100, 95, 85, 70, 50, ___",25,30,20,35,A
TCS_LOG_006,Logical Reasoning,MEDIUM,Series,"Number series: 3, 5, 9, 17, ___",33,31,29,35,A
TCS_LOG_007,Logical Reasoning,MEDIUM,Series,"Number series: 10, 9, 7, 4, ___",0,−1,1,2,A
TCS_LOG_008,Logical Reasoning,MEDIUM,Series,"Number series: 1, 2, 4, 7, 11, 16, ___",22,20,21,18,A
TCS_LOG_009,Logical Reasoning,MEDIUM,Series,"Mixed series: B2, D4, F6, H8, ___",J10,I9,K10,J11,A
TCS_LOG_024,Logical Reasoning,MEDIUM,Series,"Number series: 3, 8, 15, 24, 35, ___",48,45,50,42,A
TCS_LOG_154,Logical Reasoning,EASY,Statement and Assumptions,Statement: 'Walk-in interviews tomorrow from 10AM to 5PM.' Assumption I: Some candidates will walk in. Assumption II: No appointment is needed.,Both are implicit,Only I is implicit,Only II is implicit,Neither is implicit,A
TCS_LOG_148,Logical Reasoning,HARD,Statement and Assumptions,Statement: 'Candidates must arrive 30 min before exam.' Assumption I: Some candidates may arrive late. Assumption II: 30 minutes is sufficient time.,Both are implicit,Only I is implicit,Only II is implicit,Neither is implicit,A
TCS_LOG_151,Logical Reasoning,HARD,Statement and Assumptions,Statement: 'The railway station has been closed due to maintenance.' Assumption I: Passengers know of an alternative. Assumption II: Maintenance requires closure.,Only II is implicit,Only I is implicit,Both are implicit,Neither is implicit,A
TCS_LOG_152,Logical Reasoning,HARD,Statement and Assumptions,Statement: 'Children should be taught moral values from a young age.' Assumption I: Children can learn moral values. Assumption II: Moral values cannot be taught to adults.,Only I is implicit,Only II is implicit,Both are implicit,Neither is implicit,A
TCS_LOG_155,Logical Reasoning,HARD,Statement and Assumptions,Statement: 'Books are better companions than television.' Assumption I: Books are educational. Assumption II: Television is not educational.,Only I is implicit,Only II is implicit,Both are implicit,Neither is implicit,A
TCS_LOG_146,Logical Reasoning,MEDIUM,Statement and Assumptions,Statement: 'Use ABC toothpaste for a brighter smile.' Assumption I: People want brighter smiles. Assumption II: ABC toothpaste whitens teeth.,Both I and II are implicit,Only I is implicit,Only II is implicit,Neither is implicit,A
TCS_LOG_147,Logical Reasoning,MEDIUM,Statement and Assumptions,Statement: 'Please keep off the grass.' Assumption I: People walk on grass. Assumption II: The grass is fragile.,Both I and II are implicit,Only I is implicit,Only II is implicit,Neither is implicit,A
TCS_LOG_149,Logical Reasoning,MEDIUM,Statement and Assumptions,Statement: 'Join our weekend workshop on public speaking.' Assumption I: People want to improve their speaking skills. Assumption II: Public speaking is a valuable skill.,Both are implicit,Only I is implicit,Only II is implicit,Neither is implicit,A
TCS_LOG_150,Logical Reasoning,MEDIUM,Statement and Assumptions,Statement: 'Eat more fruits and vegetables.' Assumption I: Fruits and vegetables are healthy. Assumption II: People currently eat less of them.,Both are implicit,Only I is implicit,Only II is implicit,Neither is implicit,A
TCS_LOG_153,Logical Reasoning,MEDIUM,Statement and Assumptions,"Statement: 'If you are interested in the post, apply before 30th November.' Assumption I: Some people are interested in the post. Assumption II: Applications after 30th November will be rejected.",Both are implicit,Only I is implicit,Only II is implicit,Neither is implicit,A
TCS_LOG_136,Logical Reasoning,EASY,Statement and Conclusions,Statement: All students who study hard pass. Rajan studies hard. Conclusion: Rajan passes the exam.,Conclusion follows,Conclusion does not follow,Cannot be determined,Statement is false,A
TCS_LOG_138,Logical Reasoning,EASY,Statement and Conclusions,Statement: No politician is honest. Ram is a politician. Conclusion: Ram is not honest.,Conclusion follows,Conclusion does not follow,Partially follows,Cannot say,A
TCS_LOG_140,Logical Reasoning,EASY,Statement and Conclusions,Statement: All tables are furniture. All furniture is wood. Conclusion: All tables are wood.,Conclusion follows,Conclusion does not follow,Partially follows,Cannot say,A
TCS_LOG_137,Logical Reasoning,HARD,Statement and Conclusions,Statement: All birds can fly. Penguins are birds. Conclusion: Penguins can fly.,Conclusion follows (logically),Conclusion does not follow (factually),Cannot be determined,Both A and B,A
TCS_LOG_142,Logical Reasoning,HARD,Statement and Conclusions,Statement: The government has implemented a new tax to fund education. Conclusion: Education quality will improve immediately.,The conclusion does not necessarily follow,The conclusion follows,More information needed,Statement is incorrect,A
TCS_LOG_144,Logical Reasoning,HARD,Statement and Conclusions,Statement: Most criminals have a troubled childhood. John had a troubled childhood. Conclusion: John will become a criminal.,Conclusion does not follow,Conclusion follows,Partially follows,Cannot determine,A
TCS_LOG_145,Logical Reasoning,HARD,Statement and Conclusions,Statement: Healthy eating prevents diseases. Poor countries have high disease rates. Conclusion: People in poor countries do not eat healthy.,Conclusion may partially follow,Conclusion definitely follows,Conclusion does not follow,Needs more data,A
TCS_LOG_139,Logical Reasoning,MEDIUM,Statement and Conclusions,Statement: Some doctors are teachers. All teachers are graduates. Conclusion I: Some doctors are graduates. Conclusion II: All graduates are teachers.,Only I follows,Only II follows,Both follow,Neither follows,A
TCS_LOG_141,Logical Reasoning,MEDIUM,Statement and Conclusions,Statement: Some cats are dogs. All dogs are black. Conclusion I: Some cats are black. Conclusion II: All black are dogs.,Only I follows,Both follow,Only II follows,Neither follows,A
TCS_LOG_143,Logical Reasoning,MEDIUM,Statement and Conclusions,Statement: Regular exercise reduces stress. Meena exercises daily. Conclusion: Meena has reduced stress.,Conclusion likely follows,Conclusion definitely follows,Conclusion does not follow,Cannot say,A
TCS_LOG_061,Logical Reasoning,EASY,Syllogisms,All dogs are animals. All animals are mammals. Conclusions: (I) All dogs are mammals. (II) Some mammals are dogs.,Both I and II follow,Only I follows,Only II follows,Neither follows,A
TCS_LOG_067,Logical Reasoning,EASY,Syllogisms,All sparrows are birds. No bird is a reptile. Conclusions: (I) No sparrow is a reptile. (II) Some birds are sparrows.,Both I and II follow,Only I follows,Only II follows,Neither follows,A
TCS_LOG_069,Logical Reasoning,EASY,Syllogisms,All metals are conductors. Copper is a metal. Conclusions: (I) Copper is a conductor. (II) All conductors are metals.,Only I follows,Only II follows,Both follow,Neither follows,A
TCS_LOG_062,Logical Reasoning,HARD,Syllogisms,All pens are pencils. Some pencils are erasers. Conclusions: (I) Some pens are erasers. (II) All erasers are pens.,Neither I nor II follows,Only I follows,Only II follows,Both follow,A
TCS_LOG_065,Logical Reasoning,HARD,Syllogisms,All roses are flowers. Some flowers are plants. Conclusions: (I) Some roses are plants. (II) All plants are flowers.,Neither follows,Only I follows,Only II follows,Both follow,A
TCS_LOG_066,Logical Reasoning,HARD,Syllogisms,All books are copies. Some copies are files. Conclusions: (I) Some books are files. (II) Some files are books.,Neither follows,Only I follows,Only II follows,Both follow,A
TCS_LOG_071,Logical Reasoning,HARD,Syllogisms,All students are learners. Some learners are teachers. Conclusions: (I) Some students are teachers. (II) No teacher is a student.,Neither follows,Only I follows,Only II follows,Both follow,A
TCS_LOG_074,Logical Reasoning,HARD,Syllogisms,Some singers are dancers. Some dancers are actors. Conclusions: (I) Some singers are actors. (II) All actors are singers.,Neither follows,Only I follows,Only II follows,Both follow,A
TCS_LOG_063,Logical Reasoning,MEDIUM,Syllogisms,No table is chair. All chairs are sofas. Conclusions: (I) No sofa is table. (II) Some sofas are chairs.,Only II follows,Only I follows,Both follow,Neither follows,A
TCS_LOG_064,Logical Reasoning,MEDIUM,Syllogisms,Some cats are dogs. All dogs are horses. Conclusions: (I) Some cats are horses. (II) All horses are dogs.,Only I follows,Only II follows,Both follow,Neither follows,A
TCS_LOG_068,Logical Reasoning,MEDIUM,Syllogisms,Some apples are mangoes. All mangoes are fruits. Conclusions: (I) All apples are fruits. (II) Some fruits are apples.,Only II follows,Only I follows,Both follow,Neither follows,A
TCS_LOG_070,Logical Reasoning,MEDIUM,Syllogisms,No fish is a mammal. All whales are mammals. Conclusions: (I) No whale is a fish. (II) Some mammals are whales.,Both I and II follow,Only I follows,Only II follows,Neither follows,A
TCS_LOG_072,Logical Reasoning,MEDIUM,Syllogisms,Some mountains are rivers. All rivers are oceans. Conclusions: (I) Some mountains are oceans. (II) All oceans are rivers.,Only I follows,Both follow,Only II follows,Neither follows,A
TCS_LOG_075,Logical Reasoning,MEDIUM,Syllogisms,All cars are vehicles. All buses are vehicles. Conclusions: (I) All cars are buses. (II) Some vehicles are cars.,Only II follows,Only I follows,Both follow,Neither follows,A
TCS_LOG_226,Logical Reasoning,EASY,Venn Diagrams,"In a Venn diagram with two circles A and B overlapping: region (A only) = 15, (B only) = 20, (both) = 10. Total elements = ?",45,35,30,50,A
TCS_LOG_229,Logical Reasoning,EASY,Venn Diagrams,"Set A = {1,2,3,4,5}, Set B = {3,4,5,6,7}. What is A∩B?","{ 3,4,5}","{1,2,6,7}","{1,2,3,4,5,6,7}","{3,5}",A
TCS_LOG_230,Logical Reasoning,EASY,Venn Diagrams,"Set A = {a,b,c,d}, Set B = {c,d,e,f}. What is A∪B?","{a,b,c,d,e,f}","{c,d}","{a,b}","{e,f}",A
TCS_LOG_225,Logical Reasoning,HARD,Venn Diagrams,"In a group of 200 students: 100 study Physics, 120 study Chemistry, 50 study both. How many study neither?",30,50,20,40,A
TCS_LOG_221,Logical Reasoning,MEDIUM,Venn Diagrams,"In a class of 50: 30 like Cricket, 20 like Football, 10 like both. How many like neither?",10,15,20,5,A
TCS_LOG_222,Logical Reasoning,MEDIUM,Venn Diagrams,"In a group: 60% like A, 50% like B, 20% like both. What % like neither?",10%,15%,20%,5%,A
TCS_LOG_223,Logical Reasoning,MEDIUM,Venn Diagrams,"Out of 100 people: 70 read newspaper A, 60 read newspaper B, 40 read both. How many read neither?",10,15,20,5,A
TCS_LOG_224,Logical Reasoning,MEDIUM,Venn Diagrams,"A survey found 80 people: 50 have cars, 30 have bikes, 10 have both. How many have neither?",10,15,20,5,A
TCS_LOG_227,Logical Reasoning,MEDIUM,Venn Diagrams,"Sets: |A| = 40, |B| = 30, |A∪B| = 60. Find |A∩B|.",10,15,20,25,A
TCS_LOG_228,Logical Reasoning,MEDIUM,Venn Diagrams,"In a survey, 100 people: 70% like tea, 60% like coffee, 40% like both. What % like only tea?",30%,20%,25%,40%,A
TCS_APT_205,Numerical Ability,EASY,Ages,A is 2 years older than B. Sum of their ages is 40. Find A's age.,21,19,22,20,A
TCS_APT_208,Numerical Ability,EASY,Ages,"The average age of 5 people is 30. If the eldest is 50, the average of the rest is:",25,22,20,28,A
TCS_APT_206,Numerical Ability,HARD,Ages,"Ratio of A's to B's age is 4:5. In 5 years, ratio becomes 5:6. Find A's current age.",20,25,15,30,A
TCS_APT_207,Numerical Ability,HARD,Ages,"A mother is 30 years older than her daughter. In 5 years, mother will be 3 times daughter's age. Find daughter's current age.",10,8,12,15,A
TCS_APT_204,Numerical Ability,MEDIUM,Ages,"Father is 4 times son's age. In 20 years, father will be twice son's age. Find son's current age.",10,15,12,8,A
TCS_APT_109,Numerical Ability,EASY,Algebra,"If 3x + 5 = 20, what is x?",5,4,6,3,A
TCS_APT_110,Numerical Ability,EASY,Algebra,"If x2 - 5x + 6 = 0, the values of x are:",2 and 3,1 and 6,−2 and −3,2 and −3,A
TCS_APT_119,Numerical Ability,EASY,Algebra,"If f(x) = 2x2 − 3x + 1, find f(2).",3,5,2,4,A
TCS_APT_121,Numerical Ability,EASY,Algebra,Simplify (x2 − 4)/(x − 2).,x + 2,x − 2,x2 + 2,2x,A
TCS_APT_122,Numerical Ability,EASY,Algebra,"If 3a = 4b, find the ratio a:b.",4:3,3:4,1:1,2:3,A
TCS_APT_455,Numerical Ability,EASY,Algebra,Find the sum of roots of 2x2 - 8x + 6 = 0,4,3,2,6,A
TCS_APT_457,Numerical Ability,EASY,Algebra,"2^(x+3) = 16, find x.",1,2,3,0,A
TCS_APT_461,Numerical Ability,EASY,Algebra,Sum of first n natural numbers formula is:,n(n+1)/2,n(n-1)/2,n2,n(n+2)/2,A
TCS_APT_112,Numerical Ability,HARD,Algebra,"If 2x − 3y = 4 and 3x + y = 7, find x.",1.8,2,1.5,2.5,B
TCS_APT_114,Numerical Ability,HARD,Algebra,"If x + y = 12 and xy = 32, what is x2 + y2?",80,64,96,100,A
TCS_APT_117,Numerical Ability,HARD,Algebra,"If a + b = 5 and ab = 6, find a3 + b3.",35,30,25,45,A
TCS_APT_118,Numerical Ability,HARD,Algebra,For what value of k does 2x2 + kx + 8 = 0 have equal roots?,8,4,−8,±8,D
TCS_APT_452,Numerical Ability,HARD,Algebra,"If x2 + y2 = 25 and xy = 12, find x + y.",7,5,6,8,A
TCS_APT_459,Numerical Ability,HARD,Algebra,Find the number of solutions: |x - 3| = x + 1,One solution: x=1,Two solutions: x=1 and x=−2 rejected,Infinitely many,No solution,A
TCS_APT_113,Numerical Ability,MEDIUM,Algebra,The sum of two numbers is 40 and their difference is 10. Find the smaller number.,15,20,25,10,A
TCS_APT_120,Numerical Ability,MEDIUM,Algebra,Find the product of roots of 3x2 − 5x + 2 = 0.,2/3,5/3,3/2,1/2,A
TCS_APT_454,Numerical Ability,MEDIUM,Algebra,"If a + b = 7 and a - b = 3, find a2 - b2",21,18,15,24,A
TCS_APT_456,Numerical Ability,MEDIUM,Algebra,"If logx 64 = 3, find x.",4,8,16,2,A
TCS_APT_458,Numerical Ability,MEDIUM,Algebra,"If f(x) = x2 - 1, find f(f(2)).",8,7,9,6,A
TCS_APT_215,Numerical Ability,MEDIUM,Aptitude,A number increased by 20% gives 180. What is the original number?,150,160,140,170,A
TCS_APT_216,Numerical Ability,MEDIUM,Aptitude,"If 15% of a number is 45, what is 40% of that number?",120,100,80,60,A
TCS_APT_218,Numerical Ability,MEDIUM,Aptitude,A shopkeeper marks a price 40% above cost and gives 10% discount. What is the profit %?,26%,30%,24%,28%,A
TCS_APT_219,Numerical Ability,MEDIUM,Aptitude,"If the price of an article falls by 20%, by what % must sales increase to maintain revenue?",25%,20%,15%,30%,A
TCS_APT_220,Numerical Ability,MEDIUM,Aptitude,"A student scored 72% in an exam. If full marks = 500, find the marks obtained.",360,350,380,370,A
TCS_APT_221,Numerical Ability,MEDIUM,Aptitude,"Two numbers are in ratio 3:5. If their sum is 160, find the smaller number.",60,80,50,70,A
TCS_APT_222,Numerical Ability,MEDIUM,Aptitude,What percentage is 75 of 300?,25%,20%,30%,15%,A
TCS_APT_223,Numerical Ability,MEDIUM,Aptitude,"If A:B = 2:3 and B:C = 4:5, find A:C.",8:15,2:5,4:9,6:10,A
TCS_APT_224,Numerical Ability,MEDIUM,Aptitude,A train travels 360 km in 4 hours. What is its speed in km/h?,90,80,100,70,A
TCS_APT_225,Numerical Ability,MEDIUM,Aptitude,Two trains of 100m and 150m run at 60 km/h and 90 km/h in opposite directions. Time to cross?,6 sec,8 sec,10 sec,5 sec,A
TCS_APT_226,Numerical Ability,MEDIUM,Aptitude,A car covers 120 km at 40 km/h and 180 km at 60 km/h. Find average speed.,52 km/h,50 km/h,48 km/h,55 km/h,B
TCS_APT_227,Numerical Ability,MEDIUM,Aptitude,"Walking at 4/5 of usual speed, a man is 15 min late. Find usual time.",60 min,75 min,90 min,45 min,A
TCS_APT_228,Numerical Ability,MEDIUM,Aptitude,A train 200m long crosses a 300m bridge at 50 km/h. Time taken?,36 sec,40 sec,30 sec,24 sec,A
TCS_APT_229,Numerical Ability,MEDIUM,Aptitude,A and B together can do a job in 12 days. A alone in 20 days. B alone in how many days?,30,25,40,35,A
TCS_APT_230,Numerical Ability,MEDIUM,Aptitude,"A pipe fills a tank in 6 hours. Another drains it in 8 hours. Both open, time to fill?",24 hours,20 hours,16 hours,18 hours,A
TCS_APT_231,Numerical Ability,MEDIUM,Aptitude,"A and B together finish in 8 days, B and C in 12 days, A and C in 16 days. All three together?",About 7.38 days,6 days,8 days,9 days,A
TCS_APT_232,Numerical Ability,MEDIUM,Aptitude,"A does 1/4 work in 3 days, B does 1/3 work in 4 days. Together how many days to finish?",about 5.5 days,6 days,7 days,4.5 days,A
TCS_APT_233,Numerical Ability,MEDIUM,Aptitude,"Two workers A and B complete a job. A takes 18 days, B takes 9 days. Working together?",6 days,5 days,4 days,7 days,A
TCS_APT_234,Numerical Ability,MEDIUM,Aptitude,Simple interest on Rs 5000 at 8% p.a. for 3 years?,1200,1500,1000,800,A
TCS_APT_235,Numerical Ability,MEDIUM,Aptitude,Find compound interest on Rs 10000 at 10% p.a. for 2 years.,2100,2000,1900,2200,A
TCS_APT_236,Numerical Ability,MEDIUM,Aptitude,At what rate will Rs 8000 amount to Rs 9200 in 3 years (SI)?,5%,4%,6%,3%,A
TCS_APT_237,Numerical Ability,MEDIUM,Aptitude,The sum doubles in 10 years under SI. Find the rate.,10%,8%,12%,5%,A
TCS_APT_238,Numerical Ability,MEDIUM,Aptitude,Difference between CI and SI for 2 years at 10% on Rs 1000?,10,20,15,5,A
TCS_APT_239,Numerical Ability,MEDIUM,Aptitude,The cost price of an article is Rs 200. It is sold at a profit of 15%. Find selling price.,230,240,220,250,A
TCS_APT_240,Numerical Ability,MEDIUM,Aptitude,A sold an article for Rs 240 at 20% profit. Find cost price.,200,180,220,190,A
TCS_APT_241,Numerical Ability,MEDIUM,Aptitude,"By selling an article for Rs 560, a man gains 12%. Find cost price.",500,480,520,460,A
TCS_APT_242,Numerical Ability,MEDIUM,Aptitude,A man buys at Rs 750 and sells at Rs 675. Find loss %.,10%,8%,12%,5%,A
TCS_APT_243,Numerical Ability,MEDIUM,Aptitude,"A trader has a 20% loss. If cost is Rs 500, what is selling price?",400,450,350,420,A
TCS_APT_244,Numerical Ability,MEDIUM,Aptitude,"What is the LCM of 12, 18, and 24?",72,36,48,60,A
TCS_APT_246,Numerical Ability,MEDIUM,Aptitude,"Find the LCM of 4, 6, 8, 10.",120,60,40,80,A
TCS_APT_247,Numerical Ability,MEDIUM,Aptitude,The product of two numbers is 120. HCF is 4. Find LCM.,30,40,20,50,A
TCS_APT_248,Numerical Ability,MEDIUM,Aptitude,HCF of two numbers is 8 and their LCM is 96. One number is 32. Find the other.,24,16,32,48,A
TCS_APT_249,Numerical Ability,MEDIUM,Aptitude,What is the square root of 1764?,42,41,43,44,A
TCS_APT_251,Numerical Ability,MEDIUM,Aptitude,What is the cube root of 1331?,11,12,13,10,A
TCS_APT_253,Numerical Ability,MEDIUM,Aptitude,Find the value of (2^5 × 2^3) / 2^4.,16,32,8,64,A
TCS_APT_254,Numerical Ability,MEDIUM,Aptitude,A man is 24 years older than his son. In 2 years his age will be twice his son's. Find son's age now.,22,20,24,18,A
TCS_APT_255,Numerical Ability,MEDIUM,Aptitude,"The sum of ages of A and B is 45 years. 5 years ago, A was twice as old as B. Find A's current age.",35,30,25,40,A
TCS_APT_256,Numerical Ability,MEDIUM,Aptitude,"Father is 4 times older than son. 5 years hence, father will be 3 times son. Find father's age.",40,35,45,50,A
TCS_APT_257,Numerical Ability,MEDIUM,Aptitude,"Average of 5 numbers is 27. If one number is 32, find avg of remaining 4.",25.75,26,24.5,27,A
TCS_APT_258,Numerical Ability,MEDIUM,Aptitude,"The average of 10 numbers is 40. If 2 more numbers (60 and 80) are added, new average?",45,47.5,50,42,B
TCS_APT_259,Numerical Ability,MEDIUM,Aptitude,Average marks of 30 students is 60. 5 more students with avg 80 join. New average?,63.6,65,62,64,A
TCS_APT_260,Numerical Ability,MEDIUM,Aptitude,The average of consecutive integers from 10 to 20 is?,15,14,16,17,A
TCS_APT_261,Numerical Ability,MEDIUM,Aptitude,"Average weight of 40 students is 55 kg. New student joins, avg becomes 55.1 kg. New student's weight?",59,61,63,55,A
TCS_APT_262,Numerical Ability,MEDIUM,Aptitude,"If average of n numbers is 40 and one number 20 is replaced by 60, new avg is 44. Find n.",10,8,5,12,A
TCS_APT_263,Numerical Ability,MEDIUM,Aptitude,In what ratio must rice at Rs 12/kg be mixed with rice at Rs 16/kg to get mixture at Rs 14/kg?,1:1,2:1,1:2,3:1,A
TCS_APT_264,Numerical Ability,MEDIUM,Aptitude,"A milkman mixes water and milk in ratio 1:3. If mixture is 40L, how many litres of milk?",30,20,25,35,A
TCS_APT_265,Numerical Ability,MEDIUM,Aptitude,Two alloys have iron and copper in ratios 3:1 and 1:3. Mixed equally. Ratio in mixture?,1:1,2:3,3:2,4:1,A
TCS_APT_266,Numerical Ability,MEDIUM,Aptitude,Sugar costing Rs 9/kg and Rs 15/kg mixed in ratio 2:1. Cost of mixture per kg?,11,12,10,13,A
TCS_APT_267,Numerical Ability,MEDIUM,Aptitude,A container has 20L milk. 4L removed and replaced with water. Repeated twice. Milk remaining?,12.8L,13.6L,11.2L,14.4L,A
TCS_APT_268,Numerical Ability,MEDIUM,Aptitude,"Find area of a rectangle: length 12m, breadth 8m.",96 m2,80 m2,100 m2,72 m2,A
TCS_APT_269,Numerical Ability,MEDIUM,Aptitude,A circle has radius 7cm. Find area (π = 22/7).,154 cm2,144 cm2,176 cm2,132 cm2,A
TCS_APT_270,Numerical Ability,MEDIUM,Aptitude,Perimeter of a square is 48m. Find its area.,144 m2,100 m2,121 m2,169 m2,A
TCS_APT_271,Numerical Ability,MEDIUM,Aptitude,Volume of a cube of side 5cm.,125 cm3,100 cm3,75 cm3,150 cm3,A
TCS_APT_272,Numerical Ability,MEDIUM,Aptitude,A cylinder has radius 7cm and height 10cm. Find volume (π=22/7).,1540 cm3,1000 cm3,1200 cm3,1320 cm3,A
TCS_APT_273,Numerical Ability,MEDIUM,Aptitude,Area of a triangle with base 10m and height 6m.,30 m2,60 m2,50 m2,25 m2,A
TCS_APT_274,Numerical Ability,MEDIUM,Aptitude,"Find diagonal of rectangle: length 8m, breadth 6m.",10m,12m,8m,14m,A
TCS_APT_275,Numerical Ability,MEDIUM,Aptitude,A cone has radius 7cm and height 24cm. Find slant height.,25cm,26cm,20cm,28cm,A
TCS_APT_276,Numerical Ability,MEDIUM,Aptitude,Total surface area of a cube of side 6cm.,216 cm2,144 cm2,180 cm2,196 cm2,A
TCS_APT_277,Numerical Ability,MEDIUM,Aptitude,"A rectangle has perimeter 60m. If length is 20m, find breadth.",10m,15m,12m,8m,A
TCS_APT_278,Numerical Ability,MEDIUM,Aptitude,"x + y = 10, x - y = 2. Find x and y.","x=6, y=4","x=4, y=6","x=7, y=3","x=5, y=5",A
TCS_APT_283,Numerical Ability,MEDIUM,Aptitude,Two numbers differ by 6. Their sum is 42. Find the numbers.,24 and 18,20 and 22,21 and 21,25 and 17,A
TCS_APT_284,Numerical Ability,MEDIUM,Aptitude,"If the sum of two numbers is 72 and one is twice the other, find the numbers.",24 and 48,36 and 36,20 and 52,30 and 42,A
TCS_APT_286,Numerical Ability,MEDIUM,Aptitude,A 20% increase followed by 25% decrease gives what net change?,-10%,0%,-5%,+5%,A
TCS_APT_287,Numerical Ability,MEDIUM,Aptitude,A shopkeeper uses a 900g weight for 1kg. His profit%?,About 11.1%,10%,9%,12.5%,A
TCS_APT_288,Numerical Ability,MEDIUM,Aptitude,"Find compound amount: P=1000, r=10%, t=3 years.",1331,1200,1300,1100,A
TCS_APT_289,Numerical Ability,MEDIUM,Aptitude,What sum at 5% SI gives Rs 150 interest in 2 years?,1500,1200,1000,1800,A
TCS_APT_290,Numerical Ability,MEDIUM,Aptitude,"If A is 40% of B and B is 25% of C, what % is A of C?",10%,5%,15%,20%,A
TCS_APT_291,Numerical Ability,MEDIUM,Aptitude,"In an election, candidate A gets 55% votes. Winning margin is 2000 votes. Total votes?",20000,10000,15000,25000,A
TCS_APT_292,Numerical Ability,MEDIUM,Aptitude,Population of a city is 80000. It increases by 10% in yr1 and decreases by 5% in yr2. Final pop?,83600,84000,86000,82000,A
TCS_APT_293,Numerical Ability,MEDIUM,Aptitude,A mixture of 60L has milk:water = 2:1. How much water to add to get 1:1 ratio?,20L,30L,15L,10L,A
TCS_APT_294,Numerical Ability,MEDIUM,Aptitude,A cistern can be filled by pipes A and B in 6h and 8h. Opened together. Time to fill 3/4 tank?,3h 26min,2h 24min,4h,2h,A
TCS_APT_295,Numerical Ability,MEDIUM,Aptitude,A man rows 18 km downstream in 2h and returns in 3h. Speed of stream?,1.5 km/h,2 km/h,1 km/h,2.5 km/h,A
TCS_APT_296,Numerical Ability,MEDIUM,Aptitude,"Speed of a boat in still water 12 km/h, stream 4 km/h. Time to cover 48 km upstream?",6h,4h,8h,5h,A
TCS_APT_297,Numerical Ability,MEDIUM,Aptitude,A certain job is done by 12 men in 20 days. How many men to finish in 15 days?,16,20,18,24,A
TCS_APT_298,Numerical Ability,MEDIUM,Aptitude,A can finish in 20 days. B is 25% more efficient. B finishes in?,16 days,15 days,18 days,20 days,A
TCS_APT_299,Numerical Ability,MEDIUM,Aptitude,Ratio of efficiency of A:B = 3:2. Together finish in 12 days. A alone finishes in?,20 days,25 days,18 days,30 days,A
TCS_APT_300,Numerical Ability,MEDIUM,Aptitude,What is the interest on Rs 12000 at 6.25% SI for 2.5 years?,1875,1500,2000,1200,A
TCS_APT_301,Numerical Ability,MEDIUM,Aptitude,"At 12% CI, what will Rs 5000 become after 2 years?",6272,6000,5600,6500,A
TCS_APT_302,Numerical Ability,MEDIUM,Aptitude,A and B invest Rs 3000 and Rs 5000. Profit at end of year is Rs 1600. B's share?,1000,800,600,1200,A
TCS_APT_303,Numerical Ability,MEDIUM,Aptitude,"A, B, C invest in ratio 1:2:3. Total profit is Rs 12000. C's share?",6000,4000,2000,3000,A
TCS_APT_304,Numerical Ability,MEDIUM,Aptitude,"A invested Rs 8000 for 6 months, B Rs 6000 for 8 months. Ratio of profit?",1:1,2:1,3:2,4:3,A
TCS_APT_305,Numerical Ability,MEDIUM,Aptitude,A and B started business with Rs 5000 each. After 4 months A invested Rs 1000 more. Year-end ratio?,9:8,5:4,7:6,3:2,A
TCS_APT_307,Numerical Ability,MEDIUM,Aptitude,A train passes a pole in 10 sec at 54 km/h. Length of train?,150m,100m,120m,180m,A
TCS_APT_308,Numerical Ability,MEDIUM,Aptitude,Two trains run toward each other at 60 km/h and 90 km/h. Distance 300 km. Time to meet?,2h,3h,1.5h,2.5h,A
TCS_APT_309,Numerical Ability,MEDIUM,Aptitude,"A bus travels at 60 km/h for 2.5h, then 80 km/h for 1.5h. Total distance?",270 km,300 km,250 km,280 km,A
TCS_APT_310,Numerical Ability,MEDIUM,Aptitude,Average speed for trip: 120 km at 60 km/h then 120 km at 40 km/h.,48 km/h,50 km/h,45 km/h,55 km/h,A
TCS_APT_311,Numerical Ability,MEDIUM,Aptitude,A man saves Rs 1200 from salary of Rs 6000. Save % next month if salary rises 10% and savings unchanged?,About 18.2%,20%,15%,16.7%,A
TCS_APT_312,Numerical Ability,MEDIUM,Aptitude,A is 25% more than B. B is what % less than A?,20%,25%,15%,30%,A
TCS_APT_313,Numerical Ability,MEDIUM,Aptitude,Number decreased by 25% gives 120. Original number?,160,150,140,180,A
TCS_APT_314,Numerical Ability,MEDIUM,Aptitude,"If 3 is added to both numerator and denominator of 3/8, what is new fraction?",6/11,7/12,4/9,5/10,A
TCS_APT_316,Numerical Ability,MEDIUM,Aptitude,Sum of squares of first 10 natural numbers.,385,380,390,400,A
TCS_APT_317,Numerical Ability,MEDIUM,Aptitude,What is the sum of first 10 odd numbers?,100,90,81,121,A
TCS_APT_319,Numerical Ability,MEDIUM,Aptitude,"Number of ways to arrange 4 objects out of 6: P(6,4)=?",360,120,720,60,A
TCS_APT_320,Numerical Ability,MEDIUM,Aptitude,"Number of ways to choose 3 from 8: C(8,3)=?",56,28,70,84,A
TCS_APT_321,Numerical Ability,MEDIUM,Aptitude,Probability of getting head on tossing a fair coin.,1/2,1/3,1/4,2/3,A
TCS_APT_322,Numerical Ability,MEDIUM,Aptitude,A bag has 4 red and 6 blue balls. Probability of drawing a red ball?,2/5,1/2,3/5,1/4,A
TCS_APT_323,Numerical Ability,MEDIUM,Aptitude,Two dice thrown. Probability of sum = 7.,1/6,1/4,1/8,1/3,A
TCS_APT_324,Numerical Ability,MEDIUM,Aptitude,A card drawn from a deck of 52. Probability of king?,1/13,4/52,1/52,1/26,A
TCS_APT_325,Numerical Ability,MEDIUM,Aptitude,Probability of getting even number on a die.,1/2,1/3,2/3,1/6,A
TCS_APT_326,Numerical Ability,MEDIUM,Aptitude,Two unbiased coins tossed. Probability of both tails?,1/4,1/2,1/3,3/4,A
TCS_APT_327,Numerical Ability,MEDIUM,Aptitude,"Out of 100 students, 60 passed in Maths, 48 in Science, 36 in both. Failed in both?",28,32,24,40,A
TCS_APT_328,Numerical Ability,MEDIUM,Aptitude,"In a class 40% play cricket, 30% play football, 20% play both. Play neither?",50%,40%,30%,60%,A
TCS_APT_329,Numerical Ability,MEDIUM,Aptitude,A number when divided by 6 leaves remainder 5. The same number when divided by 3 leaves?,2,1,0,3,A
TCS_APT_330,Numerical Ability,MEDIUM,Aptitude,"The sum of digits of a two digit number is 11. If digits reversed, number decreases by 27. Number?",74,65,83,56,A
TCS_APT_331,Numerical Ability,MEDIUM,Aptitude,A number is divisible by 9 if the sum of its digits is divisible by?,9,3,6,12,A
TCS_APT_332,Numerical Ability,MEDIUM,Aptitude,Which is the smallest 4-digit number divisible by 18?,1008,1080,1000,1026,A
TCS_APT_333,Numerical Ability,MEDIUM,Aptitude,"A library has 3 different Science, 4 different Maths, 2 different English books. How many ways to choose one?",9,24,12,6,A
TCS_APT_334,Numerical Ability,MEDIUM,Aptitude,"A bag has 3 red, 4 blue, 2 green balls. Probability of drawing not blue?",5/9,4/9,1/2,2/3,A
TCS_APT_335,Numerical Ability,MEDIUM,Aptitude,"If a number is multiplied by 2 and 10 added, result is 30. The number is?",10,15,12,8,A
TCS_APT_338,Numerical Ability,MEDIUM,Aptitude,"Which is greatest: 3/5, 4/7, 5/9?",3/5,4/7,5/9,All equal,A
TCS_APT_341,Numerical Ability,MEDIUM,Aptitude,The number 0.0025 in fraction form is?,1/400,1/40,1/4000,1/25,A
TCS_APT_342,Numerical Ability,MEDIUM,Aptitude,"If 2/3 of a number is 18, what is 3/4 of the same number?",20.25,27,18,24,A
TCS_APT_343,Numerical Ability,MEDIUM,Aptitude,How many prime numbers are between 1 and 30?,10,8,11,9,A
TCS_APT_344,Numerical Ability,MEDIUM,Aptitude,What is the HCF of 72 and 108?,36,18,24,12,A
TCS_APT_345,Numerical Ability,MEDIUM,Aptitude,"The LCM of 6, 10, and 15 is?",30,60,90,120,A
TCS_APT_346,Numerical Ability,MEDIUM,Aptitude,"If today is Monday, what day will it be after 100 days?",Wednesday,Thursday,Friday,Sunday,A
TCS_APT_347,Numerical Ability,MEDIUM,Aptitude,"If Jan 1 is Thursday, what day is Jan 15?",Wednesday,Thursday,Friday,Saturday,A
TCS_APT_349,Numerical Ability,MEDIUM,Aptitude,What is (1/2 + 1/3) × (1/4 + 1/5)?,77/120,7/12,7/120,1,A
TCS_APT_350,Numerical Ability,MEDIUM,Aptitude,"If the area of a square is 169 m2, find its perimeter.",52m,48m,56m,44m,A
TCS_APT_351,Numerical Ability,MEDIUM,Aptitude,"A 12m ladder leans against wall, foot 5m from wall. How high up wall?",about 10.9m,11m,10m,12m,A
TCS_APT_352,Numerical Ability,MEDIUM,Aptitude,"A man walks 3 km east, then 4 km north. Distance from start?",5 km,7 km,6 km,8 km,A
TCS_APT_353,Numerical Ability,MEDIUM,Aptitude,A ship moves 10 km north and 10 km east. Displacement?,10√2 km,20 km,14 km,12 km,A
TCS_APT_354,Numerical Ability,MEDIUM,Aptitude,Find the number of diagonals in a hexagon.,9,6,12,15,A
TCS_APT_355,Numerical Ability,MEDIUM,Aptitude,"In a triangle, angles are in ratio 1:2:3. Largest angle is?",90°,60°,45°,120°,A
TCS_APT_356,Numerical Ability,MEDIUM,Aptitude,"If cost of 5 pens and 7 pencils is Rs 87, and 4 pens and 6 pencils is Rs 72, find cost of pen.",Rs 9,Rs 6,Rs 12,Rs 8,A
TCS_APT_357,Numerical Ability,MEDIUM,Aptitude,"A started with Rs 2000 for 12m, B joined with Rs 3000 after 4m. Profit ratio A:B?",2:1,3:2,8:9,1:1,C
TCS_APT_358,Numerical Ability,MEDIUM,Aptitude,Two pipes fill tank in 30min and 45min. Third drains in 60min. Time to fill when all open?,36min,40min,45min,30min,A
TCS_APT_359,Numerical Ability,MEDIUM,Aptitude,A train of length 180m passes a tree in 9 seconds. Speed of train?,72 km/h,20 m/s,54 km/h,15 m/s,A
TCS_APT_360,Numerical Ability,MEDIUM,Aptitude,A clock gains 15 min per day. Set correctly at noon Mon. What time on Tue noon does it show?,12:15,1:00 PM,12:30,11:45 AM,A
TCS_APT_361,Numerical Ability,MEDIUM,Aptitude,How many two-digit numbers are divisible by 7?,13,12,11,14,A
TCS_APT_362,Numerical Ability,MEDIUM,Aptitude,What is the last digit of 7^75?,7,3,1,9,A
TCS_APT_363,Numerical Ability,MEDIUM,Aptitude,The price of a commodity rose by 25%. By what % must consumption decrease to maintain expenditure?,20%,25%,15%,30%,A
TCS_APT_365,Numerical Ability,MEDIUM,Aptitude,How many 3-digit numbers are divisible by both 4 and 6?,75,50,40,60,A
TCS_APT_366,Numerical Ability,MEDIUM,Aptitude,"If 6 men can do a job in 10 days, how long will 4 men take?",15 days,12 days,10 days,20 days,A
TCS_APT_367,Numerical Ability,MEDIUM,Aptitude,A man rows downstream at 12 km/h and upstream at 8 km/h. Speed of current?,2 km/h,3 km/h,4 km/h,1 km/h,A
TCS_APT_368,Numerical Ability,MEDIUM,Aptitude,A sum of Rs 5000 is invested at 8% compound interest annually. Amount after 3 years?,Rs 6298.56,Rs 6200,Rs 6500,Rs 6100,A
TCS_APT_370,Numerical Ability,MEDIUM,Aptitude,"A salesman's commission is 15% on first Rs 10000 and 10% on rest. If he earns Rs 2500, what were sales?",Rs 20000,Rs 15000,Rs 25000,Rs 18000,A
TCS_APT_371,Numerical Ability,MEDIUM,Aptitude,60 students in a class. 40% are girls. How many boys?,36,24,30,20,A
TCS_APT_372,Numerical Ability,MEDIUM,Aptitude,A car's price depreciated by 10% per year. Original price Rs 100000. Value after 2 years?,Rs 81000,Rs 80000,Rs 90000,Rs 82000,A
TCS_APT_373,Numerical Ability,MEDIUM,Aptitude,A shopkeeper has 100kg sugar. He sells it at 20% profit at Rs 18/kg. His cost price per kg?,Rs 15,Rs 12,Rs 14,Rs 16,A
TCS_APT_374,Numerical Ability,MEDIUM,Aptitude,"Find the next in sequence: 1, 4, 9, 16, 25, ?",36,49,35,30,A
TCS_APT_375,Numerical Ability,MEDIUM,Aptitude,"Find the next in sequence: 2, 6, 12, 20, 30, ?",42,40,44,38,A
TCS_APT_376,Numerical Ability,MEDIUM,Aptitude,"Sum of n terms of AP with first term 2 and common difference 3, n=10?",155,150,145,165,A
TCS_APT_377,Numerical Ability,MEDIUM,Aptitude,"Find the 10th term of the sequence 3, 7, 11, 15...",39,40,38,42,A
TCS_APT_378,Numerical Ability,MEDIUM,Aptitude,"A geometric series: 2, 6, 18, 54... Find 6th term.",486,162,324,972,A
TCS_APT_379,Numerical Ability,MEDIUM,Aptitude,In how many ways can letters of MATHS be arranged?,120,60,24,720,A
TCS_APT_380,Numerical Ability,MEDIUM,Aptitude,"How many 4-digit numbers can be formed using 1,2,3,4 without repetition?",24,16,12,36,A
TCS_APT_381,Numerical Ability,MEDIUM,Aptitude,How many words can be formed using all letters of PENCIL?,720,360,120,240,A
TCS_APT_382,Numerical Ability,MEDIUM,Aptitude,Three cards drawn from 52. Probability all are kings?,1/5525,1/2197,4/52,1/100,A
TCS_APT_383,Numerical Ability,MEDIUM,Aptitude,A tosses 3 coins. Probability of at least 2 heads?,1/2,3/8,5/8,1/4,A
TCS_APT_384,Numerical Ability,MEDIUM,Aptitude,"The mean of 6 numbers is 15. Fifth is 18, sixth is 22. Mean of first four?",12.5,11,13,14,A
TCS_APT_385,Numerical Ability,MEDIUM,Aptitude,"The median of: 3, 7, 2, 1, 9, 8, 5 is?",5,6,7,4,A
TCS_APT_386,Numerical Ability,MEDIUM,Aptitude,"Mode of: 2, 3, 4, 3, 5, 3, 6, 3, 7 is?",3,4,2,5,A
TCS_APT_387,Numerical Ability,MEDIUM,Aptitude,"Standard deviation of 2, 4, 4, 4, 5, 5, 7, 9 is?",2,3,1,4,A
TCS_APT_388,Numerical Ability,MEDIUM,Aptitude,"Age of A is 3/5 of B. After 5 years, sum of ages = 50. Find A's age now.",15,12,18,20,A
TCS_APT_389,Numerical Ability,MEDIUM,Aptitude,"Ratio of A's to B's salary is 5:4. If A gets Rs 5000 more, find B's salary if total = Rs 45000.",Rs 20000,Rs 25000,Rs 18000,Rs 22000,A
TCS_APT_390,Numerical Ability,MEDIUM,Aptitude,A number is 35 more than its half. Find the number.,70,65,80,75,A
TCS_APT_391,Numerical Ability,MEDIUM,Aptitude,"If 4 times a number is 20 more than 3 times the number, the number is?",20,15,25,30,A
TCS_APT_392,Numerical Ability,MEDIUM,Aptitude,"When 5 is added to 3 times a number, result is 14. The number is?",3,4,5,2,A
TCS_APT_393,Numerical Ability,MEDIUM,Aptitude,A fraction when added to its reciprocal gives 25/12. The fraction is?,4/3,3/4,5/4,3/5,A
TCS_APT_394,Numerical Ability,MEDIUM,Aptitude,"If 30% discount is given on a marked price of Rs 200, what is selling price?",140,150,160,130,A
TCS_APT_395,Numerical Ability,MEDIUM,Aptitude,A trader marks up 50% and offers 20% discount. Profit %?,20%,25%,30%,15%,A
TCS_APT_396,Numerical Ability,MEDIUM,Aptitude,Cost of 12 apples = Rs 48. Cost of 7 oranges = Rs 35. Total cost of 4 apples and 3 oranges?,31,28,35,40,A
TCS_APT_397,Numerical Ability,MEDIUM,Aptitude,"If ink costs Rs 5 per bottle and each bottle prints 200 sheets, cost per 1000 sheets of printing?",Rs 25,Rs 20,Rs 30,Rs 15,A
TCS_APT_398,Numerical Ability,MEDIUM,Aptitude,A sum of Rs 2000 earns Rs 400 in simple interest in 4 years. Rate per annum?,5%,4%,6%,8%,A
TCS_APT_399,Numerical Ability,MEDIUM,Aptitude,"Two numbers are in ratio 4:7. If 3 is added to each, ratio becomes 3:5. Find the numbers.",12 and 21,8 and 14,16 and 28,4 and 7,A
TCS_APT_400,Numerical Ability,MEDIUM,Aptitude,Perimeter of a right triangle is 40cm with hypotenuse 17cm. Other two sides?,7cm and 16cm,8cm and 15cm,9cm and 14cm,10cm and 13cm,B
TCS_APT_401,Numerical Ability,MEDIUM,Aptitude,Water in cylinder of radius 3m and height 10m. Volume?,90π m3,30π m3,270π m3,9π m3,A
TCS_APT_402,Numerical Ability,MEDIUM,Aptitude,A cube of side 5cm is painted on all faces. How many unit cubes have exactly 1 face painted?,54,27,8,18,A
TCS_APT_403,Numerical Ability,MEDIUM,Aptitude,A cylinder with radius 7cm and height 5cm. Lateral surface area (π=22/7)?,220 cm2,154 cm2,440 cm2,110 cm2,A
TCS_APT_528,Numerical Ability,MEDIUM,Aptitude,A car is sold for Rs 36000 at 20% profit. Cost price?,30000,32000,28000,25000,A
TCS_APT_533,Numerical Ability,MEDIUM,Aptitude,Area of circle with diameter 14cm (π=22/7)?,154 cm2,100 cm2,176 cm2,196 cm2,A
TCS_APT_535,Numerical Ability,MEDIUM,Aptitude,"A invested Rs 4000, B Rs 6000. Total profit Rs 5000. A's share?",2000,2500,1500,3000,A
TCS_APT_536,Numerical Ability,MEDIUM,Aptitude,25 workers in 16 days. 20 workers do same work in?,20 days,18 days,24 days,15 days,A
TCS_APT_537,Numerical Ability,MEDIUM,Aptitude,CI on 1000 at 10% for 2 years?,210,200,220,100,A
TCS_APT_538,Numerical Ability,MEDIUM,Aptitude,SI on 2000 at 5% for 4 years?,400,200,600,800,A
TCS_APT_539,Numerical Ability,MEDIUM,Aptitude,Train 300m passes pole in 15s. Speed in km/h?,72,80,60,90,A
TCS_APT_540,Numerical Ability,MEDIUM,Aptitude,"Product of two numbers 480, one is 24. Other is?",20,18,25,16,A
TCS_APT_541,Numerical Ability,MEDIUM,Aptitude,"Ratio 5:8, sum 260. Smaller number?",100,130,80,120,A
TCS_APT_544,Numerical Ability,MEDIUM,Aptitude,"A runs at 10 km/h, B at 15 km/h. 300m race. B gives A head start of how much to tie?",100m,50m,150m,200m,A
TCS_APT_545,Numerical Ability,MEDIUM,Aptitude,"Pipes A fills in 8h, B in 12h. Together?",4.8h,6h,4h,5h,A
TCS_APT_553,Numerical Ability,MEDIUM,Aptitude,Probability of drawing ace from 52 cards?,1/13,4/52,1/52,1/26,A
TCS_APT_556,Numerical Ability,MEDIUM,Aptitude,A goes 60 km in 1.5h. Speed?,40 km/h,45 km/h,50 km/h,35 km/h,A
TCS_APT_557,Numerical Ability,MEDIUM,Aptitude,"Profit % when CP=80, SP=100?",25%,20%,15%,30%,A
TCS_APT_559,Numerical Ability,MEDIUM,Aptitude,Sum of first 100 natural numbers?,5050,5000,4950,5100,A
TCS_APT_563,Numerical Ability,MEDIUM,Aptitude,Side of square with area 196?,14,13,15,12,A
TCS_APT_568,Numerical Ability,MEDIUM,Aptitude,A number + 40% of itself = 280. Number?,200,180,220,160,A
TCS_APT_569,Numerical Ability,MEDIUM,Aptitude,"Speed upstream 6 km/h, downstream 10 km/h. Still water speed?",8,7,9,6,A
TCS_APT_570,Numerical Ability,MEDIUM,Aptitude,5 men + 10 boys do work in 6 days. 10 men + 5 boys in 4 days. Men vs boys efficiency?,1:2,2:1,1:1,3:1,B
TCS_APT_571,Numerical Ability,MEDIUM,Aptitude,Rs 1200 shared among A:B:C = 2:3:5. C's share?,600,480,360,240,A
TCS_APT_572,Numerical Ability,MEDIUM,Aptitude,"If A is B's 1.2 times, B is C's 0.8 times, A:C = ?",0.96,1.5,0.8,1.2,A
TCS_APT_578,Numerical Ability,MEDIUM,Aptitude,12% tax on Rs 500 item. Total?,560,550,580,540,A
TCS_APT_579,Numerical Ability,MEDIUM,Aptitude,60L mixture 3:2 water to milk. Pure milk added to get 1:1 ratio. Litres added?,24,12,18,6,A
TCS_APT_580,Numerical Ability,MEDIUM,Aptitude,A sum triples in 8 years SI. Rate?,25%,20%,12.5%,15%,A
TCS_APT_583,Numerical Ability,MEDIUM,Aptitude,Area of rhombus with diagonals 12 and 8?,48,96,24,60,A
TCS_APT_584,Numerical Ability,MEDIUM,Aptitude,Side of equilateral triangle with perimeter 48?,16,12,14,18,A
TCS_APT_585,Numerical Ability,MEDIUM,Aptitude,Angles of parallelogram: one angle is 70°. Adjacent angle?,110°,70°,120°,90°,A
TCS_APT_586,Numerical Ability,MEDIUM,Aptitude,"A bicycle costs Rs 2400. On 30% discount, SP?",1680,1800,2000,1920,A
TCS_APT_587,Numerical Ability,MEDIUM,Aptitude,Difference between 40% of 250 and 60% of 150?,10,0,20,5,A
TCS_APT_588,Numerical Ability,MEDIUM,Aptitude,"Two-digit number, sum of digits 9, difference 1. Number?",45,54,63,36,A
TCS_APT_590,Numerical Ability,MEDIUM,Aptitude,"Find nth term of 7,10,13,16... where n=20?",64,61,67,58,A
TCS_APT_591,Numerical Ability,MEDIUM,Aptitude,"Sum of AP: 5,10,15... to 20 terms?",1050,1000,1100,950,A
TCS_APT_592,Numerical Ability,MEDIUM,Aptitude,"Sum of GP 1,2,4,8... first 8 terms?",255,256,254,128,A
TCS_APT_599,Numerical Ability,MEDIUM,Aptitude,Hypotenuse of right triangle: legs 5 and 12?,13,14,12,15,A
TCS_APT_600,Numerical Ability,MEDIUM,Aptitude,Isoceles triangle with equal sides 10cm and base 12cm. Area?,48 cm2,60 cm2,40 cm2,36 cm2,A
TCS_APT_601,Numerical Ability,MEDIUM,Aptitude,Circle circumference 44cm. Radius (π=22/7)?,7cm,14cm,3.5cm,21cm,A
TCS_APT_603,Numerical Ability,MEDIUM,Aptitude,"Combinations: 4 colours, choose 2?",6,4,8,12,A
TCS_APT_604,Numerical Ability,MEDIUM,Aptitude,Probability: 2 balls from 5 red 3 blue. Probability both red?,5/14,2/7,10/56,1/3,A
TCS_APT_605,Numerical Ability,MEDIUM,Aptitude,Probability: Randomly pick letter from ENGINEERING. P(N)?,3/11,1/4,2/11,4/11,A
TCS_APT_606,Numerical Ability,MEDIUM,Aptitude,"Compound event: P(A)=0.4, P(B)=0.6, independent. P(A∩B)?",0.24,0.48,0.2,0.36,A
TCS_APT_607,Numerical Ability,MEDIUM,Aptitude,P(at least one head) in 3 tosses?,7/8,1/2,3/4,1/8,A
TCS_APT_610,Numerical Ability,MEDIUM,Aptitude,Which is larger: 5/6 or 7/8?,7/8,5/6,Equal,Cannot say,A
TCS_APT_611,Numerical Ability,MEDIUM,Aptitude,Convert fraction 3/20 to percentage?,15%,1.5%,0.15%,150%,A
TCS_APT_615,Numerical Ability,MEDIUM,Aptitude,Sum of interior angles of hexagon?,720°,540°,1080°,900°,A
TCS_APT_616,Numerical Ability,MEDIUM,Aptitude,External angle of regular polygon is 45°. Number of sides?,8,6,9,10,A
TCS_APT_617,Numerical Ability,MEDIUM,Aptitude,Diagonal of square with side 6?,6√2,6,12,3√2,A
TCS_APT_618,Numerical Ability,MEDIUM,Aptitude,"Number of spheres of radius 1 in a cube of side 4 (touching, packing)?",8,16,32,4,A
TCS_APT_620,Numerical Ability,MEDIUM,Aptitude,Express 1/3 kg + 200g in grams?,533.3g,1533g,500g,600g,A
TCS_APT_623,Numerical Ability,MEDIUM,Aptitude,"If today is Friday, 45 days later is?",Tuesday,Wednesday,Monday,Thursday,A
TCS_APT_624,Numerical Ability,MEDIUM,Aptitude,"A can do job in 15 days, does it for 5 days, leaves. B finishes in 8 days. B's rate?",1/12 per day,1/10,1/8,1/15,A
TCS_APT_625,Numerical Ability,MEDIUM,Aptitude,"2 numbers: product 192, sum 28. Numbers?",16 and 12,14 and 14,20 and 8,24 and 4,A
TCS_APT_626,Numerical Ability,MEDIUM,Aptitude,"Work done by A and B together if A=20days, B=30days, work for 4 days each then A leaves?",Fraction done=7/15,8/15,9/15,6/15,A
TCS_APT_627,Numerical Ability,MEDIUM,Aptitude,"A and B alternate, A starts. A can do in 10, B in 15. After 5 days how much done?",7/15,1/2,8/15,5/12,A
TCS_APT_628,Numerical Ability,MEDIUM,Aptitude,"Pipes: A fills in 10h, B in 15h, C drains in 30h. All open?",6h,8h,5h,4h,A
TCS_APT_629,Numerical Ability,MEDIUM,Aptitude,"Cost of building: material 60%, labour 30%, misc 10%=Rs 5000. Total cost?",50000,45000,60000,55000,A
TCS_APT_630,Numerical Ability,MEDIUM,Aptitude,If 20 shirts cost Rs 4000 after 20% discount. Marked price per shirt?,250,200,300,350,A
TCS_APT_632,Numerical Ability,MEDIUM,Aptitude,Train 151m passes platform 201m at 72 km/h. Time?,17.6s,14.1s,20s,25s,A
TCS_APT_633,Numerical Ability,MEDIUM,Aptitude,"A does work in 12 days, B in 17 days. Together?",7.0 days,12 days,17 days,25 days,A
TCS_APT_634,Numerical Ability,MEDIUM,Aptitude,"SI: P=1300, R=8%, T=2 years. Interest?",208,39,500,100,A
TCS_APT_640,Numerical Ability,MEDIUM,Aptitude,1000 increased by 14%. New value?,1140,1050,150,200,A
TCS_APT_641,Numerical Ability,MEDIUM,Aptitude,Speed: 400+100m in 30s. Speed m/s?,16.7,20,15,25,A
TCS_APT_642,Numerical Ability,MEDIUM,Aptitude,"Pipe fills tank in 17 hours. In 3 hours, fraction filled?",3/17,1/2,1/3,2/5,A
TCS_APT_643,Numerical Ability,MEDIUM,Aptitude,"Two numbers: sum=32, product=135. Larger?",18,16,12,8,A
TCS_APT_647,Numerical Ability,MEDIUM,Aptitude,"Find 17th term of 3,6,9,12...",51,52,50,54,A
TCS_APT_649,Numerical Ability,MEDIUM,Aptitude,Compound interest Rs 3800 at 10% for 2 years?,798,400,500,420,A
TCS_APT_668,Numerical Ability,MEDIUM,Aptitude,Ages: A is 39 times B. Sum=104. B's age?,3,10,8,12,A
TCS_APT_685,Numerical Ability,MEDIUM,Aptitude,Ratio 13:15. Sum 134. Larger?,69,50,40,45,A
TCS_APT_102,Numerical Ability,EASY,Averages,"Average of 7 numbers is 8. If each number is multiplied by 3, the new average is:",24,21,18,27,A
TCS_APT_107,Numerical Ability,EASY,Averages,The average of 3 numbers is 18. The average of the first two is 16. The third number is:,22,20,24,26,A
TCS_APT_105,Numerical Ability,HARD,Averages,"The average temperature of Mon, Tue, Wed was 37°C. For Tue, Wed, Thu it was 38°C. If Thursday's temp was 39°C, what was Monday's?",36°C,35°C,38°C,37°C,A
TCS_APT_450,Numerical Ability,HARD,Averages,A cricketer's average in 30 innings is 40. After 10 more innings average is 42. Average in last 10 innings?,48,46,50,44,A
TCS_APT_451,Numerical Ability,HARD,Averages,Average weight of class increases by 0.2 kg when a student weighing 30 kg joins. New class has 21 students. Original average?,26 kg,30 kg,25 kg,28 kg,A
TCS_APT_099,Numerical Ability,MEDIUM,Averages,"The average of 5 numbers is 30. If one number is excluded, the average becomes 28. The excluded number is:",38,40,36,32,A
TCS_APT_100,Numerical Ability,MEDIUM,Averages,"The average of 10 numbers is 45. If one number is included, the new average is 46. The included number is:",56,50,60,55,A
TCS_APT_103,Numerical Ability,MEDIUM,Averages,The average weight of 10 men is 70 kg. One man of 80 kg leaves and another joins. New average is 69 kg. New man's weight:,70,60,68,75,B
TCS_APT_106,Numerical Ability,MEDIUM,Averages,"A batsman's average after 30 innings is 25. After the 31st innings, average becomes 26. The 31st innings score is:",56,55,60,50,A
TCS_APT_108,Numerical Ability,MEDIUM,Averages,"In a class of 40 students, boys' average marks is 70 and girls' is 75. If girls are 60% of class, what is class average?",73,72,74,71,A
TCS_APT_448,Numerical Ability,MEDIUM,Averages,Average of 50 numbers is 30. Average of first 25 is 35. Average of last 25 is:,25,20,30,28,A
TCS_APT_209,Numerical Ability,EASY,Boats and Streams,"A boat speed is 12 km/h, stream speed is 3 km/h. Speed upstream?",9 km/h,15 km/h,10 km/h,8 km/h,A
TCS_APT_210,Numerical Ability,HARD,Boats and Streams,A man rows 18 km downstream in 2h and 12 km upstream in 3h. Speed of current?,1.5 km/h,2 km/h,1 km/h,3 km/h,A
TCS_APT_211,Numerical Ability,HARD,Boats and Streams,A boat goes 30 km upstream in 5h and 30 km downstream in 3h. Find boat speed in still water.,8 km/h,7 km/h,6 km/h,10 km/h,A
TCS_APT_213,Numerical Ability,HARD,Boats and Streams,A person can row at 8 km/h in still water. River flows at 2 km/h. Time to row 15 km downstream and return?,4.5 hours,3.75 hours,4 hours,5 hours,B
TCS_APT_212,Numerical Ability,MEDIUM,Boats and Streams,Speed of boat in still water is 10 km/h and stream speed is 2 km/h. Time to cover 48 km downstream?,4 hours,5 hours,6 hours,3 hours,A
TCS_APT_195,Numerical Ability,EASY,Calendars,"If 15th August 1947 was Friday, what day was 14th August 1947?",Thursday,Saturday,Wednesday,Tuesday,A
TCS_APT_193,Numerical Ability,HARD,Calendars,"January 1, 2000 was Saturday. What day was January 1, 2001?",Monday,Sunday,Tuesday,Wednesday,A
TCS_APT_194,Numerical Ability,HARD,Calendars,How many odd days are there in 100 years?,5,1,3,7,A
TCS_APT_196,Numerical Ability,HARD,Calendars,What day of week was 1st January 2020?,Wednesday,Thursday,Tuesday,Friday,A
TCS_APT_198,Numerical Ability,HARD,Calendars,"A month has exactly 5 Sundays. If the month starts on Sunday, the month has:",31 days,28 days,30 days,Can be 30 or 31,D
TCS_APT_491,Numerical Ability,HARD,Calendars,"January 1, 2024 was Monday. What day was March 1, 2024?",Friday,Thursday,Saturday,Wednesday,A
TCS_APT_492,Numerical Ability,HARD,Calendars,Which year between 1990 and 2000 had the same calendar as 1990?,1996,1995,1997,1998,A
TCS_APT_189,Numerical Ability,HARD,Clocks,"At 3:40, the angle between clock hands is:",130°,140°,120°,150°,A
TCS_APT_191,Numerical Ability,HARD,Clocks,What is the angle between clock hands at 6:30?,15°,0°,30°,45°,A
TCS_APT_192,Numerical Ability,HARD,Clocks,A clock gains 5 minutes every hour. In how many hours will it show 1 hour ahead?,12 hours,10 hours,15 hours,8 hours,A
TCS_APT_488,Numerical Ability,HARD,Clocks,At what time between 4 and 5 o'clock are clock hands coincident?,4:21.8 min,4:20 min,4:22 min,4:23 min,A
TCS_APT_489,Numerical Ability,HARD,Clocks,How many times in a day do clock hands form a right angle?,44,48,22,24,A
TCS_APT_190,Numerical Ability,MEDIUM,Clocks,How many times do clock hands coincide in 12 hours?,11,12,10,13,A
TCS_APT_051,Numerical Ability,HARD,Compound Interest,What is the difference between SI and CI on Rs.8000 at 5% for 2 years?,Rs.20,Rs.10,Rs.25,Rs.30,A
TCS_APT_053,Numerical Ability,HARD,Compound Interest,Find the amount on Rs.2000 at 10% p.a. compounded annually for 3 years.,Rs.2662,Rs.2600,Rs.2700,Rs.2640,A
TCS_APT_054,Numerical Ability,HARD,Compound Interest,The difference between CI and SI on Rs.5000 for 2 years at 4% is:,Rs.8,Rs.10,Rs.12,Rs.6,A
TCS_APT_058,Numerical Ability,HARD,Compound Interest,"If a sum doubles in 5 years at SI, in how many years will it double at CI (approx)?",4.2 years,5 years,3.8 years,6 years,A
TCS_APT_426,Numerical Ability,HARD,Compound Interest,CI on Rs.8000 at 15% for 2 years 4 months (compounded annually) is:,Rs.3109,Rs.3000,Rs.2800,Rs.3200,A
TCS_APT_427,Numerical Ability,HARD,Compound Interest,The effective annual rate of 12% compounded semi-annually is approximately:,12.36%,12%,11.5%,13%,A
TCS_APT_428,Numerical Ability,HARD,Compound Interest,"If the difference between SI and CI for 2 years at 10% is Rs.100, the principal is:",Rs.10000,Rs.8000,Rs.12000,Rs.9000,A
TCS_APT_049,Numerical Ability,MEDIUM,Compound Interest,Compound interest on Rs.1000 at 10% p.a. for 2 years (compounded annually) is:,Rs.210,Rs.200,Rs.250,Rs.220,A
TCS_APT_050,Numerical Ability,MEDIUM,Compound Interest,Find CI on Rs.5000 at 8% p.a. for 2 years compounded annually.,Rs.832,Rs.800,Rs.850,Rs.900,A
TCS_APT_052,Numerical Ability,MEDIUM,Compound Interest,A sum becomes Rs.1331 in 3 years at 10% compounded annually. Find the sum.,Rs.1000,Rs.1100,Rs.1200,Rs.900,A
TCS_APT_055,Numerical Ability,MEDIUM,Compound Interest,At what rate of CI will Rs.1000 become Rs.1331 in 3 years?,10%,11%,12%,9%,A
TCS_APT_480,Numerical Ability,EASY,Data Interpretation,"A table shows sales: Jan=40, Feb=35, Mar=45, Apr=50. Average monthly sales?",42.5,40,45,47.5,A
TCS_APT_481,Numerical Ability,EASY,Data Interpretation,"In a pie chart, if a sector represents 25%, its central angle is:",90°,72°,45°,120°,A
TCS_APT_484,Numerical Ability,EASY,Data Interpretation,"If total expenses in a pie chart are Rs.12000 and food sector is 30%, food expense is:",Rs.3600,Rs.4000,Rs.3000,Rs.2400,A
TCS_APT_485,Numerical Ability,EASY,Data Interpretation,"A histogram shows frequency: 0-10: 5, 10-20: 8, 20-30: 12, 30-40: 7. Mode class interval:",20-30,10-20,30-40,0-10,A
TCS_APT_482,Numerical Ability,MEDIUM,Data Interpretation,"Bar chart shows production: 2020=500, 2021=600, 2022=750. % increase from 2020 to 2022?",50%,40%,60%,55%,A
TCS_APT_483,Numerical Ability,MEDIUM,Data Interpretation,Line graph: profit was Rs.40L in 2019 and Rs.52L in 2021. What is the % increase?,30%,25%,20%,35%,A
TCS_APT_487,Numerical Ability,MEDIUM,Data Interpretation,From a table: Company A revenue grew from 200 to 350 Cr. Growth rate?,75%,70%,65%,80%,A
TCS_APT_174,Numerical Ability,EASY,HCF and LCM,Find HCF of 36 and 48.,12,6,24,18,A
TCS_APT_175,Numerical Ability,EASY,HCF and LCM,Find LCM of 12 and 18.,36,24,72,48,A
TCS_APT_181,Numerical Ability,HARD,HCF and LCM,"Find HCF of 0.12, 0.18, and 0.24.",0.06,0.12,0.03,0.18,A
TCS_APT_183,Numerical Ability,HARD,HCF and LCM,"Two bells ring every 18 and 24 minutes. If they ring together at 9 AM, when will they next ring together?",10:12 AM,9:42 AM,10:00 AM,9:48 AM,A
TCS_APT_176,Numerical Ability,MEDIUM,HCF and LCM,Product of HCF and LCM of 15 and 25 is:,375,250,125,500,A
TCS_APT_179,Numerical Ability,MEDIUM,HCF and LCM,"Three ropes of lengths 36m, 48m, and 60m are to be cut into equal pieces. Maximum piece length?",12m,6m,18m,24m,A
TCS_APT_180,Numerical Ability,MEDIUM,HCF and LCM,"The HCF of two numbers is 12 and their LCM is 144. If one number is 48, find the other.",36,24,48,60,A
TCS_APT_182,Numerical Ability,MEDIUM,HCF and LCM,"The least number exactly divisible by 12, 15, 18 is:",180,120,90,150,A
TCS_APT_509,Numerical Ability,EASY,Logarithms,log(100) = ? (base 10),2,10,1,100,A
TCS_APT_513,Numerical Ability,EASY,Logarithms,"If log2(64) = x, find x.",6,8,4,5,A
TCS_APT_515,Numerical Ability,HARD,Logarithms,"If log(2) = 0.301 and log(3) = 0.477, find log(12).",1.079,1.1,1.05,1.2,A
TCS_APT_516,Numerical Ability,HARD,Logarithms,The value of log2(8) × log3(9)?,6,4,8,9,A
TCS_APT_514,Numerical Ability,MEDIUM,Logarithms,"log(x2) = 2log(x). If x = 100 (base 10), log(x2) = ?",4,2,6,8,A
TCS_APT_517,Numerical Ability,MEDIUM,Logarithms,Change of base formula: loga(b) = ?,log(b)/log(a),log(a)/log(b),log(a+b),log(ab),A
TCS_APT_518,Numerical Ability,MEDIUM,Logarithms,"If log(x) = −2 (base 10), then x = ?",0.01,0.1,100,−100,A
TCS_APT_124,Numerical Ability,EASY,Mensuration,Area of a rectangle with length 12 cm and breadth 8 cm.,96 cm2,80 cm2,72 cm2,100 cm2,A
TCS_APT_125,Numerical Ability,EASY,Mensuration,Perimeter of a square with side 9 cm.,36 cm,40 cm,32 cm,27 cm,A
TCS_APT_126,Numerical Ability,EASY,Mensuration,Area of a triangle with base 10 cm and height 6 cm.,30 cm2,60 cm2,20 cm2,40 cm2,A
TCS_APT_127,Numerical Ability,EASY,Mensuration,Volume of a cube with side 4 cm.,64 cm3,32 cm3,48 cm3,16 cm3,A
TCS_APT_132,Numerical Ability,EASY,Mensuration,Diagonal of a rectangle 8 × 6 cm.,10 cm,12 cm,8 cm,14 cm,A
TCS_APT_465,Numerical Ability,EASY,Mensuration,Area of rhombus with diagonals 10cm and 24cm.,120 cm2,100 cm2,140 cm2,150 cm2,A
TCS_APT_466,Numerical Ability,EASY,Mensuration,Total surface area of cube with side 5cm.,150 cm2,125 cm2,100 cm2,175 cm2,A
TCS_APT_503,Numerical Ability,EASY,Mensuration,"In a right triangle, if hypotenuse = 13 and one leg = 5, the other leg is:",12,10,11,8,A
TCS_APT_504,Numerical Ability,EASY,Mensuration,The sum of interior angles of a hexagon is:,720°,540°,630°,810°,A
TCS_APT_505,Numerical Ability,EASY,Mensuration,"If a triangle has sides 3, 4, 5 - its area is:",6,8,10,12,A
TCS_APT_506,Numerical Ability,EASY,Mensuration,The angle in a semicircle is always:,90°,60°,180°,45°,A
TCS_APT_138,Numerical Ability,HARD,Mensuration,Area of equilateral triangle with side 6 cm.,9√3 cm2,6√3 cm2,18 cm2,12 cm2,A
TCS_APT_469,Numerical Ability,HARD,Mensuration,Area of path 3.5m wide around a rectangular field 50×40m (path inside).,623 m2,574 m2,651 m2,600 m2,B
TCS_APT_507,Numerical Ability,HARD,Mensuration,"If the perimeter of a square equals the circumference of a circle (π=22/7), ratio of areas (square:circle)?",11:14,22:7,7:11,14:11,A
TCS_APT_508,Numerical Ability,HARD,Mensuration,Volume of hemisphere with radius 6cm (π=3.14)?,452.16 cm3,400 cm3,500 cm3,600 cm3,A
TCS_APT_131,Numerical Ability,MEDIUM,Mensuration,A room 5m × 4m × 3m. Area of 4 walls is:,54 m2,60 m2,48 m2,70 m2,A
TCS_APT_133,Numerical Ability,MEDIUM,Mensuration,"If the radius of a circle is doubled, its area becomes:",4 times,2 times,8 times,3 times,A
TCS_APT_462,Numerical Ability,MEDIUM,Mensuration,"Area of trapezium with parallel sides 8cm and 12cm, height 5cm?",50 cm2,40 cm2,60 cm2,45 cm2,A
TCS_APT_467,Numerical Ability,MEDIUM,Mensuration,"If side of square is increased by 10%, area increases by:",21%,20%,22%,10%,A
TCS_APT_468,Numerical Ability,MEDIUM,Mensuration,"A cylinder has same radius and height. If radius doubles, volume becomes:",4 times,2 times,8 times,6 times,A
TCS_APT_184,Numerical Ability,HARD,Mixtures,"A mixture of milk and water in ratio 3:1. To make ratio 3:2, how much water should be added to 20L?",4 L,5 L,6 L,3 L,B
TCS_APT_185,Numerical Ability,HARD,Mixtures,A 40L mixture has 30% alcohol. How much water must be added to make alcohol 20%?,20 L,25 L,15 L,10 L,A
TCS_APT_186,Numerical Ability,HARD,Mixtures,"By rule of alligation, in what ratio must 5% and 20% acid solutions be mixed to get 10% solution?",2:1,1:2,3:1,1:1,A
TCS_APT_187,Numerical Ability,HARD,Mixtures,"A vessel contains 60L of juice. 12L is drawn and replaced with water, then 12L again drawn and replaced. Final juice amount:",38.4 L,40 L,36 L,42 L,A
TCS_APT_188,Numerical Ability,HARD,Mixtures,"Two varieties of rice, Rs.8/kg and Rs.12/kg, are mixed in ratio 3:2. Selling price for 20% profit:",Rs.11.52/kg,Rs.12/kg,Rs.10.5/kg,Rs.13/kg,A
TCS_APT_140,Numerical Ability,EASY,Number Series,"Find the next: 1, 4, 9, 16, 25, ___",36,30,49,42,A
TCS_APT_142,Numerical Ability,EASY,Number Series,"Find the next: 1, 1, 2, 3, 5, 8, ___",13,11,14,10,A
TCS_APT_144,Numerical Ability,EASY,Number Series,"Find the next: 5, 10, 20, 40, 80, ___",160,120,140,200,A
TCS_APT_150,Numerical Ability,EASY,Number Series,"Find the next: 2, 4, 8, 16, 32, 64, ___",128,100,120,96,A
TCS_APT_152,Numerical Ability,EASY,Number Series,"Find the next: 1, 3, 6, 10, 15, ___",21,18,24,20,A
TCS_APT_143,Numerical Ability,HARD,Number Series,"Find the next: 2, 5, 11, 23, 47, ___",95,90,100,85,A
TCS_APT_146,Numerical Ability,HARD,Number Series,"Find the next: 100, 98, 94, 88, 80, ___",70,72,74,68,A
TCS_APT_153,Numerical Ability,HARD,Number Series,"Find the missing: 6, 11, 21, 36, 56, ___",81,80,82,75,A
TCS_APT_139,Numerical Ability,MEDIUM,Number Series,"Find the next: 2, 6, 12, 20, 30, ___",42,36,44,38,A
TCS_APT_141,Numerical Ability,MEDIUM,Number Series,"Find the next: 3, 6, 11, 18, 27, ___",38,40,42,36,A
TCS_APT_148,Numerical Ability,MEDIUM,Number Series,"Find the next: 7, 11, 13, 17, 19, ___",23,21,25,22,A
TCS_APT_149,Numerical Ability,MEDIUM,Number Series,"Find the missing: 4, 16, 36, __, 100",64,49,81,25,A
TCS_APT_476,Numerical Ability,EASY,Number Systems,What is 1 + 2 + 3 + ... + 100?,5050,4950,5000,5100,A
TCS_APT_470,Numerical Ability,HARD,Number Systems,What is the HCF of (a2-b2) and (a3-b3)?,a2-b2,a-b,a3-b3,a+b,A
TCS_APT_472,Numerical Ability,HARD,Number Systems,What is the remainder when 2^100 is divided by 3?,1,2,0,Cannot determine,A
TCS_APT_475,Numerical Ability,HARD,Number Systems,Largest 5-digit number divisible by both 8 and 15?,99960,99900,99840,99990,A
TCS_APT_479,Numerical Ability,HARD,Number Systems,What is the LCM of 2^4 × 32 and 22 × 33?,2^4 × 33,2^4 × 32,22 × 33,2^6 × 3^5,A
TCS_APT_471,Numerical Ability,MEDIUM,Number Systems,Sum of digits of number divisible by 9: 7__4 (2-digit blank). Find blank.,7,8,6,9,B
TCS_APT_473,Numerical Ability,MEDIUM,Number Systems,How many prime numbers exist between 1 and 50?,15,12,10,18,A
TCS_APT_477,Numerical Ability,MEDIUM,Number Systems,Sum of 12 + 22 + 32 + ... + 102?,385,360,400,350,A
TCS_APT_004,Numerical Ability,EASY,Percentages,"If 60% of a number is 96, what is the number?",160,140,180,120,A
TCS_APT_007,Numerical Ability,EASY,Percentages,A student scored 72 out of 120. What percentage did the student score?,60%,55%,65%,70%,A
TCS_APT_008,Numerical Ability,EASY,Percentages,"If the population of a town increased from 50000 to 55000, what is the percentage increase?",10%,5%,15%,8%,A
TCS_APT_020,Numerical Ability,EASY,Percentages,"In a class of 100 students, 40 are girls. What percentage are boys?",60%,40%,50%,70%,A
TCS_APT_407,Numerical Ability,EASY,Percentages,"In a test of 80 marks, a student scored 70%. What was the score?",56,60,52,64,A
TCS_APT_409,Numerical Ability,EASY,Percentages,A trader mixes 80L pure milk with 20L water. What % of the mixture is milk?,80%,75%,85%,90%,A
TCS_APT_010,Numerical Ability,HARD,Percentages,"If A is 20% more than B, then B is what percent less than A?",16.67%,20%,18%,25%,A
TCS_APT_011,Numerical Ability,HARD,Percentages,"In an examination, 70% of students passed in English and 65% in Maths. If 40% passed in both, what percentage failed in both?",5%,10%,15%,25%,A
TCS_APT_014,Numerical Ability,HARD,Percentages,A product costs Rs.400. Its price is increased by 15% and then decreased by 15%. What is the final price?,Rs.391,Rs.400,Rs.385,Rs.395,A
TCS_APT_015,Numerical Ability,HARD,Percentages,Three candidates contest an election. One gets 45% votes and another gets 35%. The third candidate gets 2400 votes. Find the total votes.,24000,20000,22000,25000,A
TCS_APT_404,Numerical Ability,HARD,Percentages,A shopkeeper offers 2 successive discounts of 10% and 5%. What is the effective discount?,14.5%,15%,13.5%,12%,A
TCS_APT_405,Numerical Ability,HARD,Percentages,"If 75% of a number exceeds 45% by 60, the number is:",200,150,180,250,A
TCS_APT_406,Numerical Ability,HARD,Percentages,A's salary is 20% less than B's. By what percent is B's salary more than A's?,25%,20%,22%,15%,A
TCS_APT_408,Numerical Ability,HARD,Percentages,Price of sugar rises by 25%. By how much % must consumption fall to keep expenditure unchanged?,20%,25%,16.67%,30%,A
TCS_APT_412,Numerical Ability,HARD,Percentages,"A man spends 75% of his income. If his income increases by 20% and he still spends the same amount, what % of new income does he save?",37.5%,30%,25%,40%,A
TCS_APT_413,Numerical Ability,HARD,Percentages,"If the radius of a circle is reduced by 10%, its area is reduced by:",19%,10%,20%,18%,A
TCS_APT_003,Numerical Ability,MEDIUM,Percentages,A number is increased by 20% and then decreased by 20%. What is the net change?,4% decrease,No change,4% increase,2% decrease,A
TCS_APT_005,Numerical Ability,MEDIUM,Percentages,A price is first increased by 10% and then decreased by 10%. The net effect is:,1% decrease,No change,1% increase,2% decrease,A
TCS_APT_009,Numerical Ability,MEDIUM,Percentages,A shopkeeper marks his goods 25% above the cost price and allows a 10% discount. What is his profit percentage?,12.5%,15%,10%,12%,A
TCS_APT_012,Numerical Ability,MEDIUM,Percentages,A number is first increased by 25% and then decreased by 25%. The net change is:,6.25% decrease,No change,6.25% increase,0.25% increase,A
TCS_APT_013,Numerical Ability,MEDIUM,Percentages,"If 25% of x is 75, then what is 40% of x?",120,100,150,110,A
TCS_APT_017,Numerical Ability,MEDIUM,Percentages,A salary is reduced by 20%. By what percentage must it be increased to restore it to original?,25%,20%,22%,24%,A
TCS_APT_019,Numerical Ability,MEDIUM,Percentages,"If A's income is 25% more than B's, by what percent is B's income less than A's?",20%,25%,22%,18%,A
TCS_APT_154,Numerical Ability,EASY,Permutation and Combination,In how many ways can 5 people sit in a row?,120,60,24,100,A
TCS_APT_163,Numerical Ability,EASY,Permutation and Combination,In how many ways can 6 books be arranged on a shelf?,720,360,120,240,A
TCS_APT_157,Numerical Ability,HARD,Permutation and Combination,A committee of 4 is to be chosen from 7 men and 5 women. How many committees have exactly 2 women?,210,120,90,180,A
TCS_APT_158,Numerical Ability,HARD,Permutation and Combination,In how many ways can the letters of MISSISSIPPI be arranged?,34650,25200,30030,40040,A
TCS_APT_159,Numerical Ability,HARD,Permutation and Combination,How many ways can 10 players be divided into 2 teams of 5 each?,126,252,63,504,A
TCS_APT_162,Numerical Ability,HARD,Permutation and Combination,A coin is tossed 5 times. How many outcomes have at least 3 heads?,16,15,20,12,A
TCS_APT_493,Numerical Ability,HARD,Permutation and Combination,In how many ways can MATHS be arranged so M and S are never adjacent?,36,48,60,72,A
TCS_APT_495,Numerical Ability,HARD,Permutation and Combination,"How many 4-digit even numbers can be formed using 1,2,3,4,5 (no repetition)?",48,60,36,72,A
TCS_APT_155,Numerical Ability,MEDIUM,Permutation and Combination,"In how many ways can 3 letters be chosen from A, B, C, D, E?",10,20,60,15,A
TCS_APT_494,Numerical Ability,MEDIUM,Permutation and Combination,Number of ways to form a committee of 3 men and 2 women from 5 men and 4 women?,60,80,90,120,A
TCS_APT_497,Numerical Ability,MEDIUM,Permutation and Combination,Number of diagonals in a hexagon?,9,12,6,15,A
TCS_APT_201,Numerical Ability,HARD,Pipes and Cisterns,"3 pipes can fill a tank in 3, 4, and 6 hours. Opened together, tank fills in:",4/3 hours,2 hours,1.5 hours,3 hours,A
TCS_APT_202,Numerical Ability,HARD,Pipes and Cisterns,"A cistern has two inlets and one outlet. Inlets fill in 8 and 12 hours, outlet drains in 6 hours. Time to fill when all open:",24 hours,12 hours,18 hours,16 hours,A
TCS_APT_203,Numerical Ability,HARD,Pipes and Cisterns,Pipe A fills 1/3 of tank in 5 hours. Pipe B fills rest in 10 hours. Together they fill in:,6 hours,8 hours,5 hours,10 hours,A
TCS_APT_199,Numerical Ability,MEDIUM,Pipes and Cisterns,Pipe A fills a tank in 15 min and Pipe B in 20 min. Both open together fill tank in:,60/7 min,8 min,10 min,12 min,A
TCS_APT_200,Numerical Ability,MEDIUM,Pipes and Cisterns,"A pipe fills a tank in 30 min. A leak empties it in 45 min. With both, tank is full in:",90 min,120 min,60 min,75 min,A
TCS_APT_164,Numerical Ability,EASY,Probability,A card is drawn from a standard deck. Probability of drawing an ace?,1/13,4/52,1/52,4/13,A
TCS_APT_165,Numerical Ability,EASY,Probability,A coin is tossed twice. Probability of getting exactly one head?,1/2,1/4,3/4,2/4,A
TCS_APT_166,Numerical Ability,EASY,Probability,A die is rolled. Probability of getting a prime number?,1/2,1/3,2/3,5/6,A
TCS_APT_170,Numerical Ability,EASY,Probability,Two coins are tossed. Probability of at least one head?,3/4,1/2,1/4,2/3,A
TCS_APT_171,Numerical Ability,EASY,Probability,A box contains 3 white and 5 black balls. Probability of NOT drawing a white ball?,5/8,3/8,1/2,2/5,A
TCS_APT_168,Numerical Ability,HARD,Probability,A bag has 4 red and 6 blue balls. Probability of drawing 2 red balls?,2/15,4/10,1/5,3/15,A
TCS_APT_169,Numerical Ability,HARD,Probability,Probability of getting a king or a spade from a standard deck?,4/13,16/52,17/52,15/52,A
TCS_APT_498,Numerical Ability,HARD,Probability,"From a pack of 52 cards, 3 drawn simultaneously. Probability all 3 are kings?",1/5525,4/52,1/2652,3/52,A
TCS_APT_499,Numerical Ability,HARD,Probability,Probability that a randomly chosen 2-digit number is divisible by 7?,13/90,12/90,14/90,10/90,A
TCS_APT_502,Numerical Ability,HARD,Probability,A bag has 5 red and 3 green balls. 2 drawn without replacement. P(one each)?,15/28,15/32,6/28,12/28,A
TCS_APT_500,Numerical Ability,MEDIUM,Probability,"P(A) = 0.6, P(B) = 0.4, A and B mutually exclusive. P(A∪B)?",1.0,0.24,0.8,0.2,A
TCS_APT_501,Numerical Ability,MEDIUM,Probability,Three unbiased coins tossed. P(at least 2 heads)?,1/2,3/8,5/8,3/4,A
TCS_APT_021,Numerical Ability,EASY,Profit and Loss,A trader buys an article for Rs.400 and sells it for Rs.500. What is his profit percentage?,25%,20%,30%,15%,A
TCS_APT_022,Numerical Ability,EASY,Profit and Loss,A shopkeeper sells an article for Rs.720 at a loss of 10%. What is the cost price?,Rs.800,Rs.900,Rs.700,Rs.750,A
TCS_APT_024,Numerical Ability,EASY,Profit and Loss,"If cost price is Rs.500 and selling price is Rs.450, what is the loss percentage?",10%,8%,12%,15%,A
TCS_APT_032,Numerical Ability,EASY,Profit and Loss,"If 5% loss is incurred on selling at Rs.285, what is the cost price?",Rs.300,Rs.280,Rs.320,Rs.310,A
TCS_APT_033,Numerical Ability,EASY,Profit and Loss,A retailer purchased 50 kg of rice at Rs.22/kg and sold it at Rs.25/kg. What is the profit?,Rs.150,Rs.200,Rs.100,Rs.250,A
TCS_APT_034,Numerical Ability,EASY,Profit and Loss,A person bought 20 items at Rs.5 each and sold them all at Rs.6 each. What is the total profit?,Rs.20,Rs.15,Rs.25,Rs.10,A
TCS_APT_036,Numerical Ability,EASY,Profit and Loss,A chair is sold at a loss of 8% for Rs.920. Find the cost price.,Rs.1000,Rs.1100,Rs.900,Rs.1050,A
TCS_APT_025,Numerical Ability,HARD,Profit and Loss,A man sells two items each at Rs.990. He gains 10% on one and loses 10% on the other. What is the overall result?,1% loss,No profit no loss,1% gain,0.5% loss,A
TCS_APT_028,Numerical Ability,HARD,Profit and Loss,"By selling 24 pens for Rs.120, a man gains 20%. How many pens should be sold for Rs.120 to gain 60%?",18,20,16,14,A
TCS_APT_029,Numerical Ability,HARD,Profit and Loss,A trader has a false weight that is 10% less than the standard. What is his actual profit percentage if he sells at cost price?,11.1%,10%,12%,9%,A
TCS_APT_030,Numerical Ability,HARD,Profit and Loss,A person sells 36 oranges for Rs.100 and gains 8%. How many oranges did he buy for Rs.100?,38.88,40,35,37,C
TCS_APT_039,Numerical Ability,HARD,Profit and Loss,"A sells a bicycle to B at 20% profit. B sells it to C at 25% profit. If C paid Rs.3000, what did A pay?",Rs.2000,Rs.2400,Rs.1800,Rs.2200,A
TCS_APT_414,Numerical Ability,HARD,Profit and Loss,A shopkeeper marks up by 40% and gives 15% discount. His profit%?,19%,20%,18%,25%,A
TCS_APT_417,Numerical Ability,HARD,Profit and Loss,A dishonest dealer sells at cost price but uses 900g instead of 1kg. Profit%?,11.11%,10%,9%,12%,A
TCS_APT_418,Numerical Ability,HARD,Profit and Loss,"If 20% loss on selling price equals Rs.50, what is the selling price?",Rs.250,Rs.200,Rs.300,Rs.150,A
TCS_APT_419,Numerical Ability,HARD,Profit and Loss,A man buys two articles for Rs.480 each. He sells one at 25% profit and other at 25% loss. Net result?,Neither profit nor loss,25% profit,25% loss,6.25% loss,D
TCS_APT_421,Numerical Ability,HARD,Profit and Loss,"After allowing a 12% discount on marked price, a shopkeeper still gains 10%. Marked price is what % of CP?",125%,120%,130%,115%,A
TCS_APT_023,Numerical Ability,MEDIUM,Profit and Loss,"An article is sold at a gain of 15%. If the selling price is Rs.460, find the cost price.",Rs.400,Rs.380,Rs.420,Rs.440,A
TCS_APT_027,Numerical Ability,MEDIUM,Profit and Loss,"If a book is sold at Rs.252 and there is a gain of 5%, what is the cost price?",Rs.240,Rs.200,Rs.220,Rs.260,A
TCS_APT_031,Numerical Ability,MEDIUM,Profit and Loss,"By selling an article for Rs.144, a loss of 10% is incurred. To get a profit of 10%, what should be the selling price?",Rs.176,Rs.180,Rs.170,Rs.184,A
TCS_APT_038,Numerical Ability,MEDIUM,Profit and Loss,"A man gains 20% by selling at Rs.720. If he wants a 25% gain, the selling price should be:",Rs.750,Rs.760,Rs.740,Rs.780,A
TCS_APT_097,Numerical Ability,EASY,Ratio and Proportion,"Salaries of A, B, C are in ratio 1:2:3. If salary of C is Rs.12000, what is the average salary?",Rs.8000,Rs.6000,Rs.10000,Rs.4000,A
TCS_APT_092,Numerical Ability,HARD,Ratio and Proportion,The ages of A and B are in ratio 4:5. Six years hence the ratio will be 5:6. Find A's age.,24,20,28,30,A
TCS_APT_093,Numerical Ability,HARD,Ratio and Proportion,"A bag has coins in ratio 2:3:5 for Re.1, 50p, and 25p. Total Rs.114. How many 50p coins?",48,60,36,72,A
TCS_APT_095,Numerical Ability,HARD,Ratio and Proportion,"Two numbers are in ratio 3:5. If 4 is added to each, ratio becomes 2:3. Find the numbers.",12 and 20,15 and 25,9 and 15,6 and 10,A
TCS_APT_096,Numerical Ability,HARD,Ratio and Proportion,"A mixture contains milk and water in ratio 7:3. If 10 litres of water is added, ratio becomes 7:4. Find initial milk.",70 litres,60 litres,80 litres,50 litres,A
TCS_APT_098,Numerical Ability,HARD,Ratio and Proportion,"If 4 is subtracted from each term of ratio 5:8, ratio becomes 1:2. Find original numbers.",5 and 8,10 and 16,15 and 24,4 and 8,A
TCS_APT_444,Numerical Ability,HARD,Ratio and Proportion,"Rs.5400 is divided among A, B, C in ratio 1/2 : 1/3 : 1/4. A's share?",Rs.2400,Rs.1800,Rs.1200,Rs.2000,A
TCS_APT_445,Numerical Ability,HARD,Ratio and Proportion,Two numbers are in ratio 3:4. Their LCM is 180. The numbers are:,45 and 60,36 and 48,60 and 80,54 and 72,A
TCS_APT_446,Numerical Ability,HARD,Ratio and Proportion,"Milk and water in ratio 5:3. If 16L of mixture removed and 16L water added, ratio becomes 3:5. Original quantity?",40 L,32 L,48 L,50 L,A
TCS_APT_447,Numerical Ability,HARD,Ratio and Proportion,"If a:b = 2:3, b:c = 4:5, c:d = 6:7, find a:d.",16:35,2:7,8:15,4:9,A
TCS_APT_089,Numerical Ability,MEDIUM,Ratio and Proportion,"If A:B = 3:4 and B:C = 5:6, what is A:C?",5:8,15:24,3:6,5:6,A
TCS_APT_041,Numerical Ability,EASY,Simple Interest,Simple interest on Rs.2000 at 5% per annum for 3 years is:,Rs.300,Rs.400,Rs.200,Rs.350,A
TCS_APT_042,Numerical Ability,EASY,Simple Interest,"Find principal if SI = Rs.360, rate = 6% p.a., time = 2 years.",Rs.3000,Rs.2500,Rs.3500,Rs.4000,A
TCS_APT_047,Numerical Ability,EASY,Simple Interest,A sum of Rs.800 amounts to Rs.920 in 3 years at simple interest. What is the rate?,5%,4%,6%,3%,A
TCS_APT_048,Numerical Ability,EASY,Simple Interest,In what time will Rs.3000 yield Rs.900 as interest at 10% per annum?,3 years,4 years,2.5 years,5 years,A
TCS_APT_422,Numerical Ability,EASY,Simple Interest,At what rate will Rs.2000 amount to Rs.2600 in 3 years (SI)?,10%,8%,12%,15%,A
TCS_APT_424,Numerical Ability,HARD,Simple Interest,A sum becomes Rs.3600 in 2 years and Rs.4200 in 4 years at SI. The principal is:,Rs.3000,Rs.2800,Rs.3200,Rs.2500,A
TCS_APT_044,Numerical Ability,MEDIUM,Simple Interest,In how many years will Rs.5000 double itself at 10% p.a. SI?,10,8,12,15,A
TCS_APT_045,Numerical Ability,MEDIUM,Simple Interest,The SI on a certain sum for 2 years at 12% p.a. is Rs.1440. Find the sum.,Rs.6000,Rs.5000,Rs.7000,Rs.4800,A
TCS_APT_423,Numerical Ability,MEDIUM,Simple Interest,Simple interest on a sum for 5 years at 12% p.a. is Rs.1800. The sum is:,Rs.3000,Rs.2500,Rs.4000,Rs.3500,A
TCS_APT_069,Numerical Ability,EASY,Speed and Distance,"Two cars start from the same point in opposite directions at 40 and 50 km/h. After 3 hours, the distance between them is:",270 km,200 km,250 km,300 km,A
TCS_APT_071,Numerical Ability,EASY,Speed and Distance,"If a train covers 360 km at 80 km/h, how long does the journey take?",4.5 hours,4 hours,5 hours,3.5 hours,A
TCS_APT_065,Numerical Ability,HARD,Speed and Distance,A man covers 4/5 of his journey at 40 km/h and the rest at 60 km/h. What is his average speed?,43.6 km/h,45 km/h,42 km/h,50 km/h,A
TCS_APT_066,Numerical Ability,HARD,Speed and Distance,A train 200m long passes a train 300m long going in the same direction at 60 km/h and 40 km/h. How long does it take?,90 seconds,100 seconds,80 seconds,120 seconds,A
TCS_APT_430,Numerical Ability,HARD,Speed and Distance,Two trains 120m and 180m long approach each other at 60 and 90 km/h. Time to cross:,8 sec,6 sec,10 sec,12 sec,A
TCS_APT_431,Numerical Ability,HARD,Speed and Distance,A car covers first 100 km at 50 km/h and next 100 km at 100 km/h. Average speed?,66.67 km/h,75 km/h,70 km/h,80 km/h,A
TCS_APT_432,Numerical Ability,HARD,Speed and Distance,"Walking at 3/4 of normal speed, a person is late by 20 min. Normal time is:",60 min,45 min,80 min,90 min,A
TCS_APT_433,Numerical Ability,HARD,Speed and Distance,A boat covers 30 km upstream in 6h and 30 km downstream in 3h. Boat speed in still water?,7.5 km/h,8 km/h,6 km/h,10 km/h,A
TCS_APT_436,Numerical Ability,HARD,Speed and Distance,A man rows 10 km upstream in 100 min and downstream in 40 min. Speed of current?,2.25 km/h,3 km/h,1.5 km/h,2.5 km/h,A
TCS_APT_061,Numerical Ability,MEDIUM,Speed and Distance,"Two trains start from A and B, 300 km apart, toward each other at 50 km/h and 70 km/h. When do they meet?",2.5 hours,3 hours,2 hours,4 hours,A
TCS_APT_063,Numerical Ability,MEDIUM,Speed and Distance,A train 150m long passes a pole in 15 seconds. Its speed in km/h is:,36,30,40,45,A
TCS_APT_067,Numerical Ability,MEDIUM,Speed and Distance,"Sound travels at 332 m/s. If lightning is seen 3 seconds before thunder, how far away is the lightning?",0.996 km,1 km,1.5 km,0.5 km,A
TCS_APT_068,Numerical Ability,MEDIUM,Speed and Distance,"A thief is 100m ahead of a policeman. Both run, thief at 8 km/h and policeman at 10 km/h. When will the policeman catch the thief?",3 minutes,2 minutes,5 minutes,4 minutes,A
TCS_APT_070,Numerical Ability,MEDIUM,Speed and Distance,A boat travels 24 km upstream in 6 hours and 24 km downstream in 4 hours. What is the speed of the stream?,2 km/h,1 km/h,3 km/h,4 km/h,A
TCS_APT_072,Numerical Ability,MEDIUM,Speed and Distance,"A cyclist completes a tour of 600 km in 8 days. If he cycles 10 hours a day, what is his average speed?",7.5 km/h,6 km/h,8 km/h,10 km/h,A
TCS_APT_073,Numerical Ability,MEDIUM,Speed and Distance,"Two persons A and B start at the same time from P and Q, 45 km apart, toward each other. A walks at 3 km/h and B at 2 km/h. When do they meet?",9 hours,10 hours,8 hours,12 hours,A
TCS_APT_435,Numerical Ability,MEDIUM,Speed and Distance,Two cities A and B are 300 km apart. A train from A travels at 70 km/h and another from B at 80 km/h toward each other. They meet after:,2 hrs,2.5 hrs,3 hrs,1.5 hrs,A
TCS_APT_519,Numerical Ability,EASY,Surds and Indices,Simplify: (23)2 = ?,64,32,16,128,A
TCS_APT_520,Numerical Ability,EASY,Surds and Indices,x0 = ? (for x ≠ 0),1,0,x,Undefined,A
TCS_APT_523,Numerical Ability,EASY,Surds and Indices,What is 2^(-3)?,1/8,−8,8,−1/8,A
TCS_APT_524,Numerical Ability,HARD,Surds and Indices,"If 4^x = 128, find x.",3.5,4,3,2.5,A
TCS_APT_521,Numerical Ability,MEDIUM,Surds and Indices,x^(m/n) = ?,n√(xm),xm × xn,xm/xn,xm+n,A
TCS_APT_525,Numerical Ability,MEDIUM,Surds and Indices,Rationalize 1/√5:,√5/5,1/5,5/√5,√5,A
TCS_APT_074,Numerical Ability,EASY,Time and Work,A can do a piece of work in 10 days and B in 15 days. How long will they take working together?,6 days,5 days,7 days,8 days,A
TCS_APT_084,Numerical Ability,EASY,Time and Work,"A can complete 40% of a task in 8 days. At the same rate, how many days to complete the whole task?",20 days,15 days,25 days,18 days,A
TCS_APT_080,Numerical Ability,HARD,Time and Work,"A and B can do a work in 6 days, B and C in 8 days, A and C in 12 days. In how many days can all three do it together?",16/3 days,6 days,5 days,8 days,A
TCS_APT_081,Numerical Ability,HARD,Time and Work,"Pipe A fills a tank in 40 minutes and Pipe B empties it in 50 minutes. If both are open simultaneously, when will the tank be full?",200 minutes,180 minutes,160 minutes,240 minutes,A
TCS_APT_082,Numerical Ability,HARD,Time and Work,"20 men can complete a job in 30 days. After 10 days, 5 more men join. How many more days are needed?",16 days,18 days,20 days,15 days,A
TCS_APT_086,Numerical Ability,HARD,Time and Work,"Three workers A, B, C finish a job in 10, 12, and 15 days respectively. Working together, they complete the job in:",4 days,5 days,3 days,6 days,A
TCS_APT_087,Numerical Ability,HARD,Time and Work,"A does half as much work as B in 3/4 of the time. If together they take 18 days, how long does B take alone?",30 days,24 days,40 days,36 days,A
TCS_APT_088,Numerical Ability,HARD,Time and Work,"Pipe A fills in 6 hours, Pipe B fills in 8 hours. Both open and leakage drains in 24 hours. Time to fill:",4.8 hours,5 hours,6 hours,4 hours,A
TCS_APT_437,Numerical Ability,HARD,Time and Work,A and B can do a work in 6 and 12 days. With help of C they finish in 4 days. C alone?,12 days,8 days,16 days,10 days,A
TCS_APT_438,Numerical Ability,HARD,Time and Work,A does 1/4 of work in 5 days. B does 1/2 of remaining work in 10 days. Together they finish in:,13.33 days,15 days,12 days,18 days,A
TCS_APT_439,Numerical Ability,HARD,Time and Work,40 workers can build a wall in 18 days. 10 workers leave after 6 days. How many more days needed?,24 days,20 days,22 days,18 days,A
TCS_APT_440,Numerical Ability,HARD,Time and Work,"If 18 pumps can raise 2170 tonnes of water in 10 days working 7 hours a day, how many pumps needed to raise 1736 tonnes in 8 days working 9 hours?",10,12,14,8,A
TCS_APT_441,Numerical Ability,HARD,Time and Work,"A taps fills tank in 6 hrs, B in 4 hrs. Both opened, after 1 hr A closed. Total time to fill?",3.5 hrs,2.5 hrs,4 hrs,3 hrs,A
TCS_APT_442,Numerical Ability,HARD,Time and Work,"A woman can do work in 16 days. A man does twice as fast. Together in a team of 1 man 1 woman, days needed:",16/3 days,6 days,4 days,8 days,A
TCS_APT_075,Numerical Ability,MEDIUM,Time and Work,"A can do a job in 12 days and B in 18 days. If A works alone for 4 days, how many more days will B need to finish?",10,12,8,14,A
TCS_APT_076,Numerical Ability,MEDIUM,Time and Work,A and B together complete a work in 8 days. A alone does it in 12 days. In how many days can B alone do it?,24 days,18 days,20 days,30 days,A
TCS_APT_085,Numerical Ability,MEDIUM,Time and Work,A and B together can do a piece of work in 12 days. B alone takes 20 days. How many days does A alone take?,30 days,24 days,25 days,28 days,A
TCS_VER_371,Verbal Ability,EASY,Cloze Test,"Education is the most powerful _____ (1) one can use to change the world. It empowers individuals, reduces poverty, and builds a foundation for a _____ (2) society. However, millions of children worldwide still lack _____ (3) to quality education. SELECT WORD FOR BLANK (1):",weapon,burden,problem,obstacle,A
TCS_VER_372,Verbal Ability,EASY,Cloze Test,"Education is the most powerful weapon one can use to change the world. It empowers individuals, reduces poverty, and builds a foundation for a _____ (2) society. SELECT WORD FOR BLANK (2):",prosperous,declining,stagnant,corrupted,A
TCS_VER_378,Verbal Ability,EASY,Cloze Test,"The global economy is undergoing a major transition. Automation and AI are _____ (2) traditional jobs, forcing workers to acquire new skills. SELECT WORD FOR BLANK (2):",replacing,creating,preserving,protecting,A
TCS_VER_374,Verbal Ability,HARD,Cloze Test,The city had grown rapidly. Skyscrapers now dominated the skyline where rice fields once _____ (2) stretched endlessly. SELECT WORD FOR BLANK (2):,had,would,were,get,A
TCS_VER_375,Verbal Ability,HARD,Cloze Test,"Scientists have long _____ (1) the idea that humans are the only species capable of complex problem-solving. Recent studies, however, have _____ (2) that crows, dolphins, and elephants also exhibit remarkable _____ (3). SELECT WORD FOR BLANK (1):",held,forgotten,abandoned,dismissed,A
TCS_VER_381,Verbal Ability,HARD,Cloze Test,"Climate negotiations have repeatedly _____ (1) to produce binding commitments. While leaders acknowledge the _____ (2) of the crisis, domestic politics often _____ (3) international cooperation. SELECT WORD FOR BLANK (1):",failed,succeeded,managed,helped,A
TCS_VER_382,Verbal Ability,HARD,Cloze Test,"Climate negotiations have repeatedly failed. While leaders acknowledge the _____ (2) of the crisis, domestic politics obstructs cooperation. SELECT WORD FOR BLANK (2):",urgency,irrelevance,unimportance,insignificance,A
TCS_VER_370,Verbal Ability,MEDIUM,Cloze Test,"In today's world, technology has become _____ of our lives. From smartphones to smart homes, devices are _____ (2) every aspect of human existence. While this brings tremendous convenience, it also raises concerns about privacy and mental health. SELECT WORD FOR BLANK (2):",transforming,destroying,ignoring,eliminating,A
TCS_VER_373,Verbal Ability,MEDIUM,Cloze Test,"The city had grown rapidly over the past decade. Skyscrapers now _____ (1) the skyline where rice fields once _____ (2). The transformation was _____ (3), but it came with the cost of displacing thousands of farmers. SELECT WORD FOR BLANK (1):",dominated,decorated,disturbed,blocked,A
TCS_VER_376,Verbal Ability,MEDIUM,Cloze Test,Scientists have long held the idea that humans alone solve complex problems. Recent studies have _____ (2) that crows and elephants also exhibit remarkable intelligence. SELECT WORD FOR BLANK (2):,demonstrated,hidden,denied,ignored,A
TCS_VER_377,Verbal Ability,MEDIUM,Cloze Test,"The global economy is undergoing a major _____ (1). Automation and artificial intelligence are _____ (2) traditional jobs, forcing workers to _____ (3) new skills to remain relevant. SELECT WORD FOR BLANK (1):",transition,failure,stagnation,decline,A
TCS_VER_379,Verbal Ability,MEDIUM,Cloze Test,"Reading fiction has been shown to _____ (1) empathy. When readers _____ (2) themselves in the lives of characters, they develop a deeper understanding of perspectives different from their _____ (3). SELECT WORD FOR BLANK (1):",enhance,reduce,damage,weaken,A
TCS_VER_380,Verbal Ability,MEDIUM,Cloze Test,"Reading fiction enhances empathy. When readers _____ (2) themselves in the lives of characters, they understand different perspectives. SELECT WORD FOR BLANK (2):",immerse,isolate,distance,remove,A
TCS_VER_383,Verbal Ability,MEDIUM,Cloze Test,"Mental health awareness has grown _____ (1) in recent years. Society is slowly _____ (2) the stigma that once surrounded mental illness, making it easier for individuals to _____ (3) help. SELECT WORD FOR BLANK (1):",considerably,negligibly,minimally,barely,A
TCS_VER_320,Verbal Ability,EASY,Error Spotting,Spot the error: (A)She is (B)more smarter (C)than her (D)elder sister.,A,B,C,D,B
TCS_VER_325,Verbal Ability,EASY,Error Spotting,Spot the error: (A)She (B)has wrote (C)three novels (D)so far.,A,B,C,D,B
TCS_VER_302,Verbal Ability,HARD,Error Spotting,Spot the error: (A)He works (B)hard to (C)support his (D)family's needs since years.,A,B,C,D,D
TCS_VER_303,Verbal Ability,HARD,Error Spotting,Spot the error: (A)The committee (B)have decided (C)to postpone (D)the meeting.,A,B,C,D,B
TCS_VER_304,Verbal Ability,HARD,Error Spotting,Spot the error: (A)Neither John (B)nor his friends (C)was present (D)at the event.,A,B,C,D,C
TCS_VER_305,Verbal Ability,HARD,Error Spotting,Spot the error: (A)One of the (B)students who (C)was late (D)were punished.,A,B,C,D,D
TCS_VER_309,Verbal Ability,HARD,Error Spotting,Spot the error: (A)He told me (B)that he is (C)going to Delhi (D)the next day.,A,B,C,D,B
TCS_VER_310,Verbal Ability,HARD,Error Spotting,Spot the error: (A)She could (B)not help (C)but to cry (D)at the news.,A,B,C,D,C
TCS_VER_311,Verbal Ability,HARD,Error Spotting,Spot the error: (A)He is (B)too weak (C)that he cannot (D)carry this box.,A,B,C,D,C
TCS_VER_313,Verbal Ability,HARD,Error Spotting,Spot the error: (A)He is (B)the most (C)unique artist (D)in the country.,A,B,C,D,B
TCS_VER_314,Verbal Ability,HARD,Error Spotting,Spot the error: (A)No sooner (B)did he arrive (C)when the (D)meeting started.,A,B,C,D,C
TCS_VER_317,Verbal Ability,HARD,Error Spotting,"Spot the error: (A)Between the (B)two candidates, (C)she is (D)the most qualified.",A,B,C,D,D
TCS_VER_318,Verbal Ability,HARD,Error Spotting,Spot the error: (A)He congratulated (B)me for (C)winning the (D)gold medal.,A,B,C,D,B
TCS_VER_321,Verbal Ability,HARD,Error Spotting,Spot the error: (A)He denied (B)to have (C)taken the (D)money.,A,B,C,D,B
TCS_VER_323,Verbal Ability,HARD,Error Spotting,Spot the error: (A)She is (B)looking forward (C)to meet (D)her old friends.,A,B,C,D,C
TCS_VER_326,Verbal Ability,HARD,Error Spotting,Spot the error: (A)He made (B)me to (C)complete the (D)assignment.,A,B,C,D,B
TCS_VER_327,Verbal Ability,HARD,Error Spotting,Spot the error: (A)She is (B)my oldest (C)sister of (D)the two.,A,B,C,D,B
TCS_VER_328,Verbal Ability,HARD,Error Spotting,Spot the error: (A)He as well as (B)his friends (C)are responsible (D)for this mistake.,A,B,C,D,C
TCS_VER_330,Verbal Ability,HARD,Error Spotting,Spot the error: (A)She was (B)too tired (C)that she could (D)not walk further.,A,B,C,D,C
TCS_VER_301,Verbal Ability,MEDIUM,Error Spotting,Spot the error: (A)She goes (B)to the market (C)every Sundays (D)with her mother.,A,B,C,D,C
TCS_VER_306,Verbal Ability,MEDIUM,Error Spotting,Spot the error: (A)He is (B)one of the (C)best student (D)in the class.,A,B,C,D,C
TCS_VER_307,Verbal Ability,MEDIUM,Error Spotting,Spot the error: (A)She bought (B)a very expensive (C)furnitures (D)for her home.,A,B,C,D,C
TCS_VER_308,Verbal Ability,MEDIUM,Error Spotting,Spot the error: (A)He has been (B)working here (C)since (D)three years.,A,B,C,D,C
TCS_VER_312,Verbal Ability,MEDIUM,Error Spotting,Spot the error: (A)She has (B)lived in this (C)city since (D)ten years.,A,B,C,D,C
TCS_VER_315,Verbal Ability,MEDIUM,Error Spotting,Spot the error: (A)The news (B)about the accident (C)were (D)shocking.,A,B,C,D,C
TCS_VER_316,Verbal Ability,MEDIUM,Error Spotting,Spot the error: (A)I am (B)used to (C)sleep (D)late at night.,A,B,C,D,C
TCS_VER_319,Verbal Ability,MEDIUM,Error Spotting,"Spot the error: (A)Despite of (B)his efforts, (C)he could not (D)pass the exam.",A,B,C,D,A
TCS_VER_322,Verbal Ability,MEDIUM,Error Spotting,Spot the error: (A)They discussed (B)about the (C)plan for (D)the new project.,A,B,C,D,B
TCS_VER_324,Verbal Ability,MEDIUM,Error Spotting,Spot the error: (A)He is (B)good in (C)both science (D)and mathematics.,A,B,C,D,B
TCS_VER_101,Verbal Ability,MEDIUM,Fill in the Blanks,The professor's lecture was so _____ that many students fell asleep.,tedious,engaging,stimulating,thrilling,A
TCS_VER_102,Verbal Ability,MEDIUM,Fill in the Blanks,She showed great _____ by finishing the project despite all obstacles.,perseverance,laziness,reluctance,hesitation,A
TCS_VER_103,Verbal Ability,MEDIUM,Fill in the Blanks,The contract was declared _____ because it lacked proper signatures.,void,valid,binding,legal,A
TCS_VER_104,Verbal Ability,MEDIUM,Fill in the Blanks,His _____ remarks offended many people in the audience.,derogatory,kind,polite,flattering,A
TCS_VER_105,Verbal Ability,MEDIUM,Fill in the Blanks,The scientist made a _____ discovery that changed modern medicine.,groundbreaking,trivial,minor,unremarkable,A
TCS_VER_106,Verbal Ability,MEDIUM,Fill in the Blanks,"She was _____ about her diet, avoiding sugar and processed foods.",meticulous,careless,relaxed,indifferent,A
TCS_VER_107,Verbal Ability,MEDIUM,Fill in the Blanks,The old building was in a state of complete _____; it had to be demolished.,dilapidation,repair,restoration,perfection,A
TCS_VER_108,Verbal Ability,MEDIUM,Fill in the Blanks,He had an _____ memory and could recall events from decades ago.,impeccable,average,ordinary,poor,A
TCS_VER_109,Verbal Ability,MEDIUM,Fill in the Blanks,The _____ negotiations finally led to a peace agreement after years of war.,protracted,brief,quick,instant,A
TCS_VER_110,Verbal Ability,MEDIUM,Fill in the Blanks,Her _____ smile made everyone in the room feel welcome.,radiant,gloomy,forced,artificial,A
TCS_VER_111,Verbal Ability,MEDIUM,Fill in the Blanks,The athlete's _____ performance broke three world records.,phenomenal,mediocre,average,poor,A
TCS_VER_113,Verbal Ability,MEDIUM,Fill in the Blanks,The CEO made a _____ decision that saved the company from bankruptcy.,prudent,rash,hasty,impulsive,A
TCS_VER_114,Verbal Ability,MEDIUM,Fill in the Blanks,The new policy was met with _____ from the employees.,resistance,acceptance,approval,enthusiasm,A
TCS_VER_115,Verbal Ability,MEDIUM,Fill in the Blanks,The students were _____ by the complexity of the math problem.,baffled,inspired,motivated,excited,A
TCS_VER_116,Verbal Ability,MEDIUM,Fill in the Blanks,"Despite his young age, he showed remarkable _____ in handling the crisis.",maturity,immaturity,inexperience,naivety,A
TCS_VER_117,Verbal Ability,MEDIUM,Fill in the Blanks,The thunderstorm was so _____ that it caused widespread flooding.,severe,mild,light,gentle,A
TCS_VER_118,Verbal Ability,MEDIUM,Fill in the Blanks,The artist's work was _____ because it used entirely new techniques.,innovative,traditional,conventional,classical,A
TCS_VER_119,Verbal Ability,MEDIUM,Fill in the Blanks,She had a _____ for solving puzzles and could finish them in minutes.,knack,aversion,dislike,fear,A
TCS_VER_120,Verbal Ability,MEDIUM,Fill in the Blanks,The _____ behavior of the child annoyed everyone at the restaurant.,boisterous,quiet,shy,polite,A
TCS_VER_121,Verbal Ability,MEDIUM,Fill in the Blanks,The peace talks were _____ after both parties failed to agree.,abandoned,concluded,finalized,successful,A
TCS_VER_122,Verbal Ability,MEDIUM,Fill in the Blanks,The documentary provided _____ insight into the lives of deep-sea creatures.,fascinating,boring,dull,tedious,A
TCS_VER_123,Verbal Ability,MEDIUM,Fill in the Blanks,The company was _____ by its competitors when it refused to innovate.,overtaken,supported,helped,aided,A
TCS_VER_124,Verbal Ability,MEDIUM,Fill in the Blanks,"The politician's speech was _____, repeating the same points endlessly.",redundant,concise,brief,clear,A
TCS_VER_126,Verbal Ability,MEDIUM,Fill in the Blanks,The _____ river flooded the surrounding fields after the heavy rains.,swollen,shallow,narrow,calm,A
TCS_VER_127,Verbal Ability,MEDIUM,Fill in the Blanks,The manager's _____ attitude made it difficult to work under her.,authoritarian,democratic,lenient,flexible,A
TCS_VER_128,Verbal Ability,MEDIUM,Fill in the Blanks,The patient showed _____ signs of recovery after the surgery.,promising,discouraging,negative,worrying,A
TCS_VER_129,Verbal Ability,MEDIUM,Fill in the Blanks,The _____ of the ancient ruins left archaeologists astonished.,grandeur,simplicity,ordinariness,smallness,A
TCS_VER_130,Verbal Ability,MEDIUM,Fill in the Blanks,She had such _____ opinions that no one could change her mind.,entrenched,flexible,open,changing,A
TCS_VER_131,Verbal Ability,MEDIUM,Fill in the Blanks,The _____ of the forest was disturbed by the construction work.,tranquility,noise,chaos,turbulence,A
TCS_VER_132,Verbal Ability,MEDIUM,Fill in the Blanks,His _____ remarks showed that he had given much thought to the problem.,incisive,vague,unclear,shallow,A
TCS_VER_133,Verbal Ability,MEDIUM,Fill in the Blanks,The _____ athlete trained for six hours every day without fail.,dedicated,lazy,casual,indifferent,A
TCS_VER_134,Verbal Ability,MEDIUM,Fill in the Blanks,She was _____ in her approach and always followed the rules.,methodical,chaotic,random,careless,A
TCS_VER_135,Verbal Ability,MEDIUM,Fill in the Blanks,The _____ child asked questions about everything he saw.,inquisitive,disinterested,apathetic,bored,A
TCS_VER_136,Verbal Ability,MEDIUM,Fill in the Blanks,The _____ of the night sky filled the astronomer with wonder.,vastness,smallness,narrowness,closeness,A
TCS_VER_137,Verbal Ability,MEDIUM,Fill in the Blanks,The teacher's _____ explanation helped even the weakest students understand.,lucid,confusing,vague,unclear,A
TCS_VER_138,Verbal Ability,MEDIUM,Fill in the Blanks,The book was so _____ that she read it in one sitting.,compelling,boring,dull,ordinary,A
TCS_VER_139,Verbal Ability,MEDIUM,Fill in the Blanks,He showed _____ courage in the face of overwhelming danger.,extraordinary,average,ordinary,common,A
TCS_VER_140,Verbal Ability,MEDIUM,Fill in the Blanks,The economy was in _____ condition after years of poor management.,dire,excellent,good,fine,A
TCS_VER_141,Verbal Ability,MEDIUM,Fill in the Blanks,The speaker's _____ delivery kept the audience engaged throughout.,dynamic,monotonous,dull,flat,A
TCS_VER_142,Verbal Ability,MEDIUM,Fill in the Blanks,Her _____ for languages allowed her to learn three in two years.,aptitude,dislike,inability,weakness,A
TCS_VER_143,Verbal Ability,MEDIUM,Fill in the Blanks,The situation was so _____ that even the experts were puzzled.,enigmatic,simple,clear,obvious,A
TCS_VER_144,Verbal Ability,MEDIUM,Fill in the Blanks,The negotiations reached a _____ when neither party would compromise.,deadlock,agreement,resolution,conclusion,A
TCS_VER_145,Verbal Ability,MEDIUM,Fill in the Blanks,The _____ evidence left no doubt about the suspect's guilt.,overwhelming,scant,limited,weak,A
TCS_VER_146,Verbal Ability,MEDIUM,Fill in the Blanks,The scientist's _____ approach led to the discovery of a new element.,systematic,random,haphazard,unsystematic,A
TCS_VER_147,Verbal Ability,MEDIUM,Fill in the Blanks,The new hospital wing was _____ to patients with chronic illnesses.,dedicated,hostile,closed,unavailable,A
TCS_VER_148,Verbal Ability,MEDIUM,Fill in the Blanks,Her _____ nature made her willing to help anyone in need.,altruistic,selfish,greedy,self-centered,A
TCS_VER_149,Verbal Ability,MEDIUM,Fill in the Blanks,The _____ of the painting technique made it impossible to reproduce.,intricacy,simplicity,crudeness,roughness,A
TCS_VER_150,Verbal Ability,MEDIUM,Fill in the Blanks,The explorer was known for his _____ spirit and love of adventure.,intrepid,timid,cautious,fearful,A
TCS_VER_174,Verbal Ability,EASY,Grammar,Choose the correctly punctuated sentence:,"Its a beautiful day, isn't it?",It's a beautiful day isn't it?,"It's a beautiful day, isn't it?",Its a beautiful day isn't it?,C
TCS_VER_175,Verbal Ability,EASY,Grammar,Which sentence uses the correct form of the verb?,He has went to the market.,He have gone to the market.,He has gone to the market.,He have went to the market.,C
TCS_VER_179,Verbal Ability,EASY,Grammar,Which sentence uses the apostrophe correctly?,The childrens' toys were scattered.,The children's toys were scattered.,The childrens toys' were scattered.,The children toys were scattered.,B
TCS_VER_182,Verbal Ability,EASY,Grammar,Identify the passive voice sentence:,She writes a letter.,A letter is written by her.,She is writing a letter.,She wrote a letter.,B
TCS_VER_191,Verbal Ability,EASY,Grammar,Choose the correctly written sentence:,The boys' bicycle is red.,The boys bicycle is red.,The boy's bicycles is red.,The boys bicycles is red.,A
TCS_VER_198,Verbal Ability,EASY,Grammar,Identify the correct use of articles:,She is best student in the class.,She is the best student in the class.,She is a best student in class.,She is best student in a class.,B
TCS_VER_177,Verbal Ability,HARD,Grammar,Choose the sentence that is grammatically correct:,"Between you and I, this is wrong.","Between you and me, this is wrong.","Between you and I, this is right.","Between me and you, this is wrong.",B
TCS_VER_180,Verbal Ability,HARD,Grammar,Identify the sentence that is grammatically correct:,Neither the manager nor the employees was informed.,Neither the manager nor the employees were informed.,Neither the manager nor the employees has been informed.,Neither the manager nor employees is informed.,B
TCS_VER_184,Verbal Ability,HARD,Grammar,Which sentence contains a dangling modifier?,"Walking to school, the rain started.","While walking to school, I got wet in the rain.","Walking to school, she got wet in the rain.",She was walking to school when it rained.,A
TCS_VER_185,Verbal Ability,HARD,Grammar,Choose the grammatically correct sentence:,I wish I was taller than him.,I wish I were taller than him.,I wish I am taller than him.,I wish I be taller than him.,B
TCS_VER_187,Verbal Ability,HARD,Grammar,Identify the sentence with correct parallel structure:,"She likes reading, to swim, and jogging.","She likes reading, swimming, and jogging.","She likes to read, swim, and jogging.","She likes to read, swimming, and to jog.",B
TCS_VER_188,Verbal Ability,HARD,Grammar,Choose the correct sentence:,The data is being analyzed by the scientist.,The data are being analyzed by the scientists.,The scientist is analyzing the datas.,The scientist analyze the data.,B
TCS_VER_190,Verbal Ability,HARD,Grammar,Identify the sentence with correct word order:,She only told him the truth.,Only she told him the truth.,She told only him the truth.,She told him only the truth.,B
TCS_VER_192,Verbal Ability,HARD,Grammar,Identify the sentence with correct use of 'who' and 'whom':,Who did you speak to?,Whom did you speak to?,To who did you speak?,Whom spoke to you?,B
TCS_VER_193,Verbal Ability,HARD,Grammar,Choose the grammatically correct option:,Each of the students have submitted their forms.,Each of the students has submitted his or her form.,Each of the student has submitted their form.,Each students has submitted their forms.,B
TCS_VER_194,Verbal Ability,HARD,Grammar,Which sentence correctly uses a semicolon?,She was tired; but she kept working.,"She was tired; however, she kept working.",She was tired; and she kept working.,"She was tired; yet, she kept working.",B
TCS_VER_195,Verbal Ability,HARD,Grammar,Choose the sentence that uses the correct comparative form:,This is the most unique solution.,This is a more unique solution.,This is a unique solution.,This is the uniquest solution.,C
TCS_VER_199,Verbal Ability,HARD,Grammar,Choose the sentence with correct pronoun reference:,The teacher told the student that he was wrong.,"The teacher told the student, 'You are wrong.'",He was told by the teacher he was wrong.,The teacher told him he was wrong to student.,B
TCS_VER_171,Verbal Ability,MEDIUM,Grammar,Identify the correct sentence:,Neither of the boys have done their homework.,Neither of the boys has done his homework.,Neither of the boys has done their homeworks.,Neither of the boys have done his homework.,B
TCS_VER_173,Verbal Ability,MEDIUM,Grammar,Identify the grammatically correct sentence:,The team are playing good today.,The team is playing well today.,The team is playing good today.,The team are playing well today.,B
TCS_VER_176,Verbal Ability,MEDIUM,Grammar,Identify the sentence with correct subject-verb agreement:,A number of students was absent today.,A number of students were absent today.,The number of students were absent today.,A number of student was absent.,B
TCS_VER_181,Verbal Ability,MEDIUM,Grammar,Choose the sentence with correct use of 'fewer' and 'less':,Less people attended the event this year.,Fewer people attended the event this year.,Less peoples attended the event this year.,Fewer amount of people attended.,B
TCS_VER_186,Verbal Ability,MEDIUM,Grammar,Which sentence uses the correct tense?,"If it will rain, we will cancel the match.","If it rains, we will cancel the match.","If it rained, we will cancel the match.","If it rains, we cancel the match.",B
TCS_VER_189,Verbal Ability,MEDIUM,Grammar,Which is the correctly formed question?,Do you know where does he live?,Do you know where he lives?,Do you know where he is living?,Do you know where is he living?,B
TCS_VER_197,Verbal Ability,MEDIUM,Grammar,Which sentence is in the future perfect tense?,She will complete the project.,She will have completed the project by tomorrow.,She is completing the project.,She has completed the project.,B
TCS_VER_211,Verbal Ability,EASY,Idioms and Phrases,What does 'bite the bullet' mean?,Endure a painful situation bravely,Shoot someone,Eat something hard,Lose patience,A
TCS_VER_212,Verbal Ability,EASY,Idioms and Phrases,What does 'break the ice' mean?,Initiate conversation in a social setting,Destroy frozen water,Start a fight,End a relationship,A
TCS_VER_213,Verbal Ability,EASY,Idioms and Phrases,What does 'burn the midnight oil' mean?,Work or study late into the night,Light candles,Waste energy,Work during daytime,A
TCS_VER_214,Verbal Ability,EASY,Idioms and Phrases,What does 'cost an arm and a leg' mean?,Be very expensive,Require physical effort,Cause injury,Need surgery,A
TCS_VER_217,Verbal Ability,EASY,Idioms and Phrases,What does 'once in a blue moon' mean?,Very rarely,Every month,Very often,Never,A
TCS_VER_219,Verbal Ability,EASY,Idioms and Phrases,What does 'under the weather' mean?,Feeling ill,Outdoors,Happy,Confused,A
TCS_VER_223,Verbal Ability,EASY,Idioms and Phrases,What does 'get out of hand' mean?,Become uncontrollable,Finish a task,Leave a meeting,Lose direction,A
TCS_VER_224,Verbal Ability,EASY,Idioms and Phrases,What does 'hit the sack' mean?,Go to bed,Hit someone,Start work,Take a nap outside,A
TCS_VER_228,Verbal Ability,EASY,Idioms and Phrases,"What does 'no pain, no gain' mean?",Hard work and effort are necessary for success,Avoid pain,Stay comfortable,Refuse challenges,A
TCS_VER_230,Verbal Ability,EASY,Idioms and Phrases,What does 'pull someone's leg' mean?,Joke with someone,Physically pull,Cause pain,Test someone's strength,A
TCS_VER_232,Verbal Ability,EASY,Idioms and Phrases,What does 'spill the beans' mean?,Reveal secret information,Cook beans,Make a mess,Drop food,A
TCS_VER_240,Verbal Ability,EASY,Idioms and Phrases,What does 'you can't judge a book by its cover' mean?,Don't judge by appearances alone,Never read books,Avoid assumptions,Always judge quickly,A
TCS_VER_225,Verbal Ability,HARD,Idioms and Phrases,What does 'it takes two to tango' mean?,Both parties are responsible for a conflict,Dance alone,Need music,One person is wrong,A
TCS_VER_226,Verbal Ability,HARD,Idioms and Phrases,What does 'let sleeping dogs lie' mean?,Do not disturb a situation that could cause trouble,Let dogs rest,Avoid noise,Stay calm,A
TCS_VER_236,Verbal Ability,HARD,Idioms and Phrases,What does 'under someone's thumb' mean?,Controlled by someone,Help someone,Thumb-wrestle,Work independently,A
TCS_VER_238,Verbal Ability,HARD,Idioms and Phrases,What does 'wear your heart on your sleeve' mean?,Express emotions openly,Have heart problems,Be fashionable,Hide feelings,A
TCS_VER_239,Verbal Ability,HARD,Idioms and Phrases,What does 'wolf in sheep's clothing' mean?,A dangerous person disguised as harmless,An animal wearing clothes,A friendly stranger,An honest person,A
TCS_VER_215,Verbal Ability,MEDIUM,Idioms and Phrases,What does 'hit the nail on the head' mean?,Describe something accurately,Cause physical harm,Make a mistake,Build something,A
TCS_VER_216,Verbal Ability,MEDIUM,Idioms and Phrases,What does 'let the cat out of the bag' mean?,Accidentally reveal a secret,Release an animal,Cause confusion,Make noise,A
TCS_VER_218,Verbal Ability,MEDIUM,Idioms and Phrases,What does 'the ball is in your court' mean?,It is your responsibility to act,Play a sport,Take a break,Ask for help,A
TCS_VER_220,Verbal Ability,MEDIUM,Idioms and Phrases,What does 'bite more than you can chew' mean?,Take on more than you can handle,Eat excessively,Be greedy,Avoid responsibilities,A
TCS_VER_221,Verbal Ability,MEDIUM,Idioms and Phrases,What does 'burn bridges' mean?,Permanently damage a relationship,Build structures,Travel abroad,Start a fire,A
TCS_VER_227,Verbal Ability,MEDIUM,Idioms and Phrases,What does 'miss the boat' mean?,Miss an opportunity,Be late for travel,Be confused,Fail an exam,A
TCS_VER_231,Verbal Ability,MEDIUM,Idioms and Phrases,What does 'sit on the fence' mean?,Refuse to take a side in a dispute,Rest outdoors,Guard a property,Climb a fence,A
TCS_VER_233,Verbal Ability,MEDIUM,Idioms and Phrases,What does 'the best of both worlds' mean?,Enjoy two advantages at the same time,Travel worldwide,Win every competition,Be the best player,A
TCS_VER_234,Verbal Ability,MEDIUM,Idioms and Phrases,What does 'throw in the towel' mean?,Admit defeat or give up,Do laundry,Start a fight,Show respect,A
TCS_VER_235,Verbal Ability,MEDIUM,Idioms and Phrases,What does 'turn over a new leaf' mean?,Make a fresh start and change behavior,Read a book,Change location,Garden work,A
TCS_VER_237,Verbal Ability,MEDIUM,Idioms and Phrases,What does 'up in the air' mean?,Uncertain or unresolved,Flying high,Excited,Confused about directions,A
TCS_VER_384,Verbal Ability,EASY,Miscellaneous,Choose the word correctly spelt:,Accomodation,Accommodation,Acommodation,Acomodation,B
TCS_VER_397,Verbal Ability,EASY,Miscellaneous,What is the noun form of 'describe'?,Descriptive,Describing,Description,Describation,C
TCS_VER_398,Verbal Ability,EASY,Miscellaneous,What is the adjective form of 'nation'?,Nationwide,National,Nationally,Nationalize,B
TCS_VER_401,Verbal Ability,EASY,Miscellaneous,Choose the correct preposition: 'She was absent _____ the meeting.',from,at,in,on,A
TCS_VER_402,Verbal Ability,EASY,Miscellaneous,Choose the correct preposition: 'He is addicted _____ gaming.',to,for,with,from,A
TCS_VER_404,Verbal Ability,EASY,Miscellaneous,Which sentence uses 'affect' correctly?,The rain effected our plans.,The rain affected our plans.,The rain had a big affect on us.,He was unaffect by the news.,B
TCS_VER_410,Verbal Ability,EASY,Miscellaneous,Which is the correct passive of 'They built the bridge in 1990'?,The bridge was built in 1990.,The bridge is built in 1990.,The bridge has been built in 1990.,The bridge was build in 1990.,A
TCS_VER_411,Verbal Ability,EASY,Miscellaneous,Which sentence uses the gerund correctly?,She enjoys to swim.,She enjoys swimming.,She enjoys for swimming.,She enjoys swims.,B
TCS_VER_400,Verbal Ability,HARD,Miscellaneous,Choose the correct preposition: 'He died _____ cancer.',from,of,with,by,B
TCS_VER_407,Verbal Ability,HARD,Miscellaneous,"Which is the correct reported speech for: He said, 'I am happy'?",He said that he is happy.,He said that he was happy.,He said that I am happy.,He told he was happy.,B
TCS_VER_412,Verbal Ability,HARD,Miscellaneous,Choose the correct sentence with 'either...or':,Either the manager or the employees has to decide.,Either the manager or the employees have to decide.,Either the managers or the employee have to decide.,Either the manager nor the employees have to decide.,B
TCS_VER_389,Verbal Ability,MEDIUM,Miscellaneous,Choose the correctly spelt word:,Mischievous,Mischievious,Mischivous,Mischeivous,A
TCS_VER_394,Verbal Ability,MEDIUM,Miscellaneous,Which word is the PLURAL of 'phenomenon'?,Phenomenons,Phenomena,Phenomenas,Phenomenes,B
TCS_VER_395,Verbal Ability,MEDIUM,Miscellaneous,Which is the correct plural of 'criterion'?,Criterions,Criteria,Criterias,Criteriones,B
TCS_VER_396,Verbal Ability,MEDIUM,Miscellaneous,Which word correctly fills: 'He _____ me to take the job.',advised,suggested,recommended,told,A
TCS_VER_399,Verbal Ability,MEDIUM,Miscellaneous,Choose the correct preposition: 'She is good _____ mathematics.',in,at,on,with,B
TCS_VER_403,Verbal Ability,MEDIUM,Miscellaneous,Which sentence uses 'since' correctly?,He has worked here since two years.,He has worked here since 2020.,He is working since yesterday.,He worked since Monday.,B
TCS_VER_405,Verbal Ability,MEDIUM,Miscellaneous,Which sentence uses 'principal' correctly?,She was the principle reason for success.,The principal of the school arrived.,We must follow the principals.,He abided by a principle reason.,B
TCS_VER_406,Verbal Ability,MEDIUM,Miscellaneous,Choose the correctly structured conditional sentence:,"If she studies, she will pass.","If she studies, she would pass.","If she study, she will pass.","If she studied, she will pass.",A
TCS_VER_408,Verbal Ability,MEDIUM,Miscellaneous,Which sentence correctly uses 'hardly'?,She hardly ever lies.,She ever hardly lies.,She lies hardly ever.,She hardly lies ever.,A
TCS_VER_409,Verbal Ability,MEDIUM,Miscellaneous,Choose the correct form: 'The team _____ won the match.',has,have,had,will have,A
TCS_VER_413,Verbal Ability,MEDIUM,Miscellaneous,Which sentence is in the pluperfect (past perfect) tense?,She had finished the work before he arrived.,She finished the work before he arrived.,She has finished the work before he arrived.,She was finishing the work when he arrived.,A
TCS_VER_337,Verbal Ability,EASY,One Word Substitution,Find the one word substitution for: A person who is unable to sleep,Insomniac,Somnambulant,Lethargic,Hypnotic,A
TCS_VER_340,Verbal Ability,EASY,One Word Substitution,Find the one word substitution for: Government by the people,Democracy,Monarchy,Oligarchy,Theocracy,A
TCS_VER_349,Verbal Ability,EASY,One Word Substitution,Find the one word substitution for: One who believes in no god,Atheist,Agnostic,Theist,Deist,A
TCS_VER_357,Verbal Ability,EASY,One Word Substitution,Find the one word substitution for: Science of heredity,Genetics,Genomics,Eugenics,Cytology,A
TCS_VER_332,Verbal Ability,HARD,One Word Substitution,Find the one word substitution for: One who walks in sleep,Somnambulant,Omnivore,Insomniac,Amnesiac,A
TCS_VER_333,Verbal Ability,HARD,One Word Substitution,Find the one word substitution for: A speech made by a person on the verge of death,Epitaph,Elegy,Soliloquy,Swan song,D
TCS_VER_335,Verbal Ability,HARD,One Word Substitution,Find the one word substitution for: A person who talks excessively,Loquacious,Taciturn,Garrulous,Verbose,C
TCS_VER_339,Verbal Ability,HARD,One Word Substitution,Find the one word substitution for: One who studies the origin and history of words,Etymologist,Philologist,Lexicographer,Linguist,A
TCS_VER_342,Verbal Ability,HARD,One Word Substitution,Find the one word substitution for: Study of ancient writing,Palaeography,Archaeology,Anthropology,Ethnography,A
TCS_VER_344,Verbal Ability,HARD,One Word Substitution,Find the one word substitution for: Murder of a brother,Fratricide,Homicide,Patricide,Matricide,A
TCS_VER_345,Verbal Ability,HARD,One Word Substitution,Find the one word substitution for: A person living permanently in a foreign country,Expatriate,Immigrant,Emigrant,Refugee,A
TCS_VER_346,Verbal Ability,HARD,One Word Substitution,"Find the one word substitution for: One who is not influenced by feelings, emotions, or pleasure",Stoic,Epicure,Hedonist,Pragmatist,A
TCS_VER_351,Verbal Ability,HARD,One Word Substitution,Find the one word substitution for: The first public speech delivered by a person,Maiden speech,Swan song,Inaugural address,Debut,A
TCS_VER_353,Verbal Ability,HARD,One Word Substitution,Find the one word substitution for: One who travels from place to place,Nomad,Vagabond,Itinerant,All of above,C
TCS_VER_355,Verbal Ability,HARD,One Word Substitution,Find the one word substitution for: Killing of a king,Regicide,Suicide,Homicide,Fratricide,A
TCS_VER_356,Verbal Ability,HARD,One Word Substitution,Find the one word substitution for: One who hates women,Misogynist,Misanthrope,Feminist,Patriarch,A
TCS_VER_358,Verbal Ability,HARD,One Word Substitution,Find the one word substitution for: One who is indifferent to pain or pleasure,Stoic,Cynic,Hedonist,Purist,A
TCS_VER_359,Verbal Ability,HARD,One Word Substitution,Find the one word substitution for: A place where dead bodies are kept,Mortuary,Morgue,Cemetery,Crematorium,B
TCS_VER_360,Verbal Ability,HARD,One Word Substitution,Find the one word substitution for: One who repairs watches,Horologist,Jeweller,Mechanic,Engineer,A
TCS_VER_331,Verbal Ability,MEDIUM,One Word Substitution,Find the one word substitution for: A person who cannot be corrected,Incorrigible,Gullible,Impeccable,Insolent,A
TCS_VER_334,Verbal Ability,MEDIUM,One Word Substitution,Find the one word substitution for: One who eats human flesh,Cannibal,Carnivore,Omnivore,Herbivore,A
TCS_VER_338,Verbal Ability,MEDIUM,One Word Substitution,Find the one word substitution for: Words written on a tombstone,Epitaph,Elegy,Monologue,Eulogy,A
TCS_VER_341,Verbal Ability,MEDIUM,One Word Substitution,Find the one word substitution for: A person who pretends to be someone else,Impostor,Heretic,Renegade,Apostate,A
TCS_VER_343,Verbal Ability,MEDIUM,One Word Substitution,Find the one word substitution for: One who collects postage stamps,Philatelist,Numismatist,Bibliophile,Antiquarian,A
TCS_VER_347,Verbal Ability,MEDIUM,One Word Substitution,Find the one word substitution for: Government by a small group of people,Oligarchy,Democracy,Theocracy,Monarchy,A
TCS_VER_348,Verbal Ability,MEDIUM,One Word Substitution,Find the one word substitution for: A place where coins are made,Mint,Forge,Foundry,Kiln,A
TCS_VER_350,Verbal Ability,MEDIUM,One Word Substitution,Find the one word substitution for: One who can use both hands equally well,Ambidextrous,Ambiguous,Versatile,Bilateral,A
TCS_VER_352,Verbal Ability,MEDIUM,One Word Substitution,Find the one word substitution for: A remedy for all diseases,Panacea,Antidote,Placebo,Vaccine,A
TCS_VER_354,Verbal Ability,MEDIUM,One Word Substitution,Find the one word substitution for: Study of birds,Ornithology,Entomology,Herpetology,Ichthyology,A
TCS_VER_202,Verbal Ability,HARD,Para Jumbles,"P: Exercise is essential for maintaining good health. Q: Even a 30-minute daily walk can significantly reduce the risk of chronic diseases. R: Many people, however, lead sedentary lifestyles due to desk jobs. S: It strengthens the heart, improves mood, and increases longevity. Arrange in logical order:",P-S-R-Q,R-P-S-Q,P-Q-S-R,S-R-P-Q,A
TCS_VER_204,Verbal Ability,HARD,Para Jumbles,"P: Education is the foundation of any civilized society. Q: It enables individuals to think critically and contribute meaningfully. R: Governments must therefore prioritize funding for public schools. S: Without educated citizens, democracy itself is at risk. Arrange in logical order:",P-Q-S-R,Q-P-S-R,P-S-Q-R,R-P-Q-S,A
TCS_VER_207,Verbal Ability,HARD,Para Jumbles,P: The Amazon rainforest is often called the lungs of the Earth. Q: It produces approximately 20% of the world's oxygen. R: Rapid deforestation threatens not only wildlife but global climate stability. S: Protecting it must be a global priority. Arrange in logical order:,P-Q-R-S,R-P-Q-S,Q-P-R-S,P-R-Q-S,A
TCS_VER_208,Verbal Ability,HARD,Para Jumbles,"P: Space exploration has yielded tremendous scientific knowledge. Q: Satellites now provide global navigation, weather forecasting, and communication. R: Despite the enormous costs involved, the benefits are undeniable. S: Future missions aim to establish human settlements on Mars. Arrange in logical order:",P-Q-R-S,Q-P-R-S,R-P-Q-S,P-R-S-Q,A
TCS_VER_209,Verbal Ability,HARD,Para Jumbles,P: Reading regularly enhances vocabulary and critical thinking. Q: It also reduces stress by providing an escape from daily pressures. R: Children who read from a young age develop stronger academic skills. S: Encouraging a reading habit is one of the greatest gifts parents can give. Arrange in logical order:,R-P-Q-S,P-Q-R-S,S-P-Q-R,Q-R-P-S,B
TCS_VER_201,Verbal Ability,MEDIUM,Para Jumbles,"P: The internet has revolutionized communication. Q: Today, information can be shared globally in seconds. R: Before its invention, letters took weeks to travel between continents. S: This transformation has had both positive and negative consequences. Arrange P, Q, R, S in logical order:",P-R-Q-S,R-P-Q-S,P-Q-R-S,Q-P-R-S,A
TCS_VER_203,Verbal Ability,MEDIUM,Para Jumbles,"P: Water is the most precious resource on Earth. Q: Without it, no life can survive. R: Yet, billions of people lack access to clean drinking water. S: Conservation and responsible usage are therefore critical. Arrange in logical order:",P-Q-R-S,R-P-Q-S,Q-P-R-S,P-R-Q-S,A
TCS_VER_205,Verbal Ability,MEDIUM,Para Jumbles,"P: Social media has connected people across the globe. Q: However, it has also become a platform for misinformation and cyberbullying. R: Users must therefore develop digital literacy skills. S: The key is to use it responsibly and critically. Arrange in logical order:",P-Q-R-S,Q-P-R-S,P-R-Q-S,Q-R-P-S,A
TCS_VER_206,Verbal Ability,MEDIUM,Para Jumbles,"P: Meditation has been practiced for thousands of years. Q: Modern science now confirms its benefits for mental health. R: It reduces stress, improves focus, and promotes emotional well-being. S: Even a few minutes of daily meditation can make a noticeable difference. Arrange in logical order:",P-Q-R-S,Q-P-R-S,R-P-Q-S,S-Q-P-R,A
TCS_VER_210,Verbal Ability,MEDIUM,Para Jumbles,"P: Plastic pollution is a growing environmental crisis. Q: Millions of tons of plastic waste end up in oceans each year. R: Marine animals mistake plastic debris for food, often fatally. S: Reducing single-use plastic is an urgent global necessity. Arrange in logical order:",P-Q-R-S,Q-P-R-S,R-P-Q-S,P-R-Q-S,A
TCS_VER_155,Verbal Ability,EASY,Reading Comprehension,"PASSAGE: The Industrial Revolution, which began in Britain in the late 18th century, fundamentally transformed the world. It mark... Q: Where did the Industrial Revolution begin?",Britain,France,Germany,United States,A
TCS_VER_158,Verbal Ability,EASY,Reading Comprehension,PASSAGE: Artificial intelligence (AI) is rapidly reshaping industries worldwide. Unlike traditional software that follows fixed i... Q: What is deep learning primarily based on?,Neural networks,Simple algorithms,Fixed rules,Manual coding,A
TCS_VER_161,Verbal Ability,EASY,Reading Comprehension,"PASSAGE: Climate change is one of the most pressing challenges facing humanity. Rising global temperatures, driven primarily by g... Q: What is the primary driver of rising global temperatures?",Greenhouse gas emissions from burning fossil fuels,Natural volcanic activity,Solar flares,Ocean currents,A
TCS_VER_163,Verbal Ability,EASY,Reading Comprehension,"PASSAGE: Climate change is one of the most pressing challenges facing humanity. Rising global temperatures, driven primarily by g... Q: What is the purpose of the Paris Accord?",To limit global warming,To increase fossil fuel use,To promote coal mining,To reduce renewable energy,A
TCS_VER_166,Verbal Ability,EASY,Reading Comprehension,PASSAGE: The human brain is arguably the most complex structure in the known universe. Comprising approximately 86 billion neuron... Q: Approximately how many neurons does the human brain contain?,86 billion,86 million,860 billion,8.6 trillion,A
TCS_VER_167,Verbal Ability,EASY,Reading Comprehension,PASSAGE: The human brain is arguably the most complex structure in the known universe. Comprising approximately 86 billion neuron... Q: What is neuroplasticity?,The brain's ability to form new neural connections,The fixed structure of the brain after childhood,The process of memory loss,Brain size reduction with age,A
TCS_VER_361,Verbal Ability,EASY,Reading Comprehension,"PASSAGE: Biodiversity refers to the variety of life forms found on Earth, encompassing millions of species of plants, animals, fu... Q: What does biodiversity encompass?",Only animal species,Only plant species,"Variety of all life forms including plants, animals, fungi, and microorganisms",Only microorganisms,C
TCS_VER_151,Verbal Ability,HARD,Reading Comprehension,"PASSAGE: The Industrial Revolution, which began in Britain in the late 18th century, fundamentally transformed the world. It mark... Q: What was the primary energy source of the Industrial Revolution?",Steam and coal,Wind and water,Solar energy,Nuclear power,A
TCS_VER_152,Verbal Ability,HARD,Reading Comprehension,"PASSAGE: The Industrial Revolution, which began in Britain in the late 18th century, fundamentally transformed the world. It mark... Q: Which of the following was NOT a consequence of the Industrial Revolution?",Reduction in urbanization,Poor working conditions,Child labor,Environmental pollution,A
TCS_VER_154,Verbal Ability,HARD,Reading Comprehension,"PASSAGE: The Industrial Revolution, which began in Britain in the late 18th century, fundamentally transformed the world. It mark... Q: What eventually helped improve working conditions?",Reform movements and labor unions,Industrial revolution itself,Factory owners' goodwill,Government bans on industry,A
TCS_VER_160,Verbal Ability,HARD,Reading Comprehension,PASSAGE: Artificial intelligence (AI) is rapidly reshaping industries worldwide. Unlike traditional software that follows fixed i... Q: What does responsible AI development require according to experts?,Transparent algorithms and diverse datasets,Unlimited computing power,More data collection,Less regulation,A
TCS_VER_165,Verbal Ability,HARD,Reading Comprehension,"PASSAGE: Climate change is one of the most pressing challenges facing humanity. Rising global temperatures, driven primarily by g... Q: What happens if warming exceeds 2°C according to the passage?",Consequences may be irreversible,Temperature will stabilize,Ecosystems will recover,Sea levels will drop,A
TCS_VER_169,Verbal Ability,HARD,Reading Comprehension,PASSAGE: The human brain is arguably the most complex structure in the known universe. Comprising approximately 86 billion neuron... Q: What does the brain do during sleep according to the passage?,Consolidates memories and removes metabolic waste,Completely shuts down,Only controls breathing,Stops all activity,A
TCS_VER_363,Verbal Ability,HARD,Reading Comprehension,"PASSAGE: Biodiversity refers to the variety of life forms found on Earth, encompassing millions of species of plants, animals, fu... Q: How much faster are species disappearing compared to the natural background rate?",100 times,500 times,"1,000 times","10,000 times",C
TCS_VER_364,Verbal Ability,HARD,Reading Comprehension,"PASSAGE: Biodiversity refers to the variety of life forms found on Earth, encompassing millions of species of plants, animals, fu... Q: Which of the following is NOT mentioned as a human activity threatening biodiversity?",Agriculture,Deforestation,Pollution,Overexploitation,A
TCS_VER_366,Verbal Ability,HARD,Reading Comprehension,"PASSAGE: Biodiversity refers to the variety of life forms found on Earth, encompassing millions of species of plants, animals, fu... Q: What ecosystem service does biodiversity NOT provide according to the passage?",Electricity generation,Air purification,Climate stabilization,Pollination,A
TCS_VER_367,Verbal Ability,HARD,Reading Comprehension,"PASSAGE: Biodiversity refers to the variety of life forms found on Earth, encompassing millions of species of plants, animals, fu... Q: What does 'genetic diversity within species' refer to?",Differences in DNA within the same species,Different species in one ecosystem,Variety of ecosystems,Number of plant species,A
TCS_VER_153,Verbal Ability,MEDIUM,Reading Comprehension,"PASSAGE: The Industrial Revolution, which began in Britain in the late 18th century, fundamentally transformed the world. It mark... Q: What social development emerged as a direct result of the Industrial Revolution?",A new working class,Decline of cities,Return to farming,Fewer social inequalities,A
TCS_VER_156,Verbal Ability,MEDIUM,Reading Comprehension,PASSAGE: Artificial intelligence (AI) is rapidly reshaping industries worldwide. Unlike traditional software that follows fixed i... Q: How does AI differ from traditional software?,AI learns from data and improves over time,AI follows fixed instructions only,AI cannot process large datasets,AI requires no programming,A
TCS_VER_159,Verbal Ability,MEDIUM,Reading Comprehension,PASSAGE: Artificial intelligence (AI) is rapidly reshaping industries worldwide. Unlike traditional software that follows fixed i... Q: Which of the following is listed as an ethical concern related to AI?,Algorithmic bias,Faster computers,Better graphics,Cheaper hardware,A
TCS_VER_162,Verbal Ability,MEDIUM,Reading Comprehension,"PASSAGE: Climate change is one of the most pressing challenges facing humanity. Rising global temperatures, driven primarily by g... Q: What is the temperature threshold scientists warn about?",2°C above pre-industrial levels,4°C above current levels,1°C below average,5°C above historical average,A
TCS_VER_164,Verbal Ability,MEDIUM,Reading Comprehension,"PASSAGE: Climate change is one of the most pressing challenges facing humanity. Rising global temperatures, driven primarily by g... Q: Which of the following is mentioned as a mitigation pathway?",Carbon capture technologies,Burning more coal,Increasing deforestation,Reducing renewable energy,A
TCS_VER_168,Verbal Ability,MEDIUM,Reading Comprehension,PASSAGE: The human brain is arguably the most complex structure in the known universe. Comprising approximately 86 billion neuron... Q: Which technology is mentioned in relation to modern neuroscience?,fMRI,X-ray,CT scan alone,Blood tests,A
TCS_VER_170,Verbal Ability,MEDIUM,Reading Comprehension,PASSAGE: The human brain is arguably the most complex structure in the known universe. Comprising approximately 86 billion neuron... Q: Which old notion does neuroplasticity challenge?,That the brain is fixed after childhood,That the brain grows throughout life,That neurons multiply continuously,That synapses are temporary,A
TCS_VER_362,Verbal Ability,MEDIUM,Reading Comprehension,"PASSAGE: Biodiversity refers to the variety of life forms found on Earth, encompassing millions of species of plants, animals, fu... Q: What percentage of Earth's surface do tropical rainforests cover?",50%,6%,25%,12%,B
TCS_VER_365,Verbal Ability,MEDIUM,Reading Comprehension,"PASSAGE: Biodiversity refers to the variety of life forms found on Earth, encompassing millions of species of plants, animals, fu... Q: What do scientists warn could happen if species loss continues?",A sixth mass extinction,A new ice age,Rapid species recovery,Improved ecosystems,A
TCS_VER_368,Verbal Ability,MEDIUM,Reading Comprehension,"PASSAGE: Biodiversity refers to the variety of life forms found on Earth, encompassing millions of species of plants, animals, fu... Q: Tropical rainforests harbor more than half of world species despite covering:",Only 6% of Earth's surface,50% of Earth's surface,All tropical zones,25% of Earth's land,A
TCS_VER_242,Verbal Ability,EASY,Sentence Improvement,Improve the underlined part of the sentence: 'She is more better than her sister in mathematics.',more better,much better,better,the most better,C
TCS_VER_244,Verbal Ability,EASY,Sentence Improvement,Improve the underlined part of the sentence: 'The news are very disturbing.',The news is,The news were,A news is,No improvement,A
TCS_VER_266,Verbal Ability,EASY,Sentence Improvement,Improve the underlined part of the sentence: 'I have been waiting for him since two hours.',for two hours,since last two hours,at two hours,No improvement,A
TCS_VER_243,Verbal Ability,HARD,Sentence Improvement,Improve the underlined part of the sentence: 'He said that he will come tomorrow.',will come,would come,shall come,No improvement,B
TCS_VER_247,Verbal Ability,HARD,Sentence Improvement,Improve the underlined part of the sentence: 'The police has arrested the thief.',have arrested,is arresting,was arrested,No improvement,A
TCS_VER_248,Verbal Ability,HARD,Sentence Improvement,"Improve the underlined part of the sentence: 'Despite of his illness, he attended the meeting.'",Despite his illness,In spite his illness,Because of his illness,No improvement,A
TCS_VER_250,Verbal Ability,HARD,Sentence Improvement,Improve the underlined part of the sentence: 'He is too tired to not walk another mile.',too tired to walk,very tired to not walk,too tired for walking,No improvement,A
TCS_VER_251,Verbal Ability,HARD,Sentence Improvement,Improve the underlined part of the sentence: 'No sooner did she enter when the phone rang.',when the phone rang,than the phone rang,till the phone rang,No improvement,B
TCS_VER_252,Verbal Ability,HARD,Sentence Improvement,Improve the underlined part of the sentence: 'She could not help but cry on hearing the news.',help but crying,help to cry,help cried,No improvement,D
TCS_VER_254,Verbal Ability,HARD,Sentence Improvement,Improve the underlined part of the sentence: 'He told me the place where did he stay.',where he stayed,where he was stay,where was he staying,No improvement,A
TCS_VER_255,Verbal Ability,HARD,Sentence Improvement,Improve the underlined part of the sentence: 'He did not know whether the train will come on time.',would come,shall come,can come,No improvement,A
TCS_VER_256,Verbal Ability,HARD,Sentence Improvement,Improve the underlined part of the sentence: 'The thief denied to have stolen the jewellery.',denied stealing,denied to steal,denied stealing of,No improvement,A
TCS_VER_259,Verbal Ability,HARD,Sentence Improvement,Improve the underlined part of the sentence: 'She congratulated me for winning the prize.',on winning,at winning,about winning,No improvement,A
TCS_VER_261,Verbal Ability,HARD,Sentence Improvement,Improve the underlined part of the sentence: 'He was acquitted for the crime.',acquitted of,acquitted from,acquitted with,No improvement,A
TCS_VER_263,Verbal Ability,HARD,Sentence Improvement,Improve the underlined part of the sentence: 'She insisted that he should pay the fine.',insisted on his paying,insisted for him to pay,insisted him paying,No improvement,A
TCS_VER_264,Verbal Ability,HARD,Sentence Improvement,Improve the underlined part of the sentence: 'He not only donated money but also gave his time.',also gave his time,gave his time also,his time also gave,No improvement,D
TCS_VER_267,Verbal Ability,HARD,Sentence Improvement,Improve the underlined part of the sentence: 'He agreed to my proposal at once.',agreed with,agreed on,agreed about,No improvement,D
TCS_VER_270,Verbal Ability,HARD,Sentence Improvement,Improve the underlined part of the sentence: 'He runs as fast as or even faster than his brother.',as fast as or even faster,as fast or even faster than,faster or as fast as,No improvement,D
TCS_VER_241,Verbal Ability,MEDIUM,Sentence Improvement,Improve the underlined part of the sentence: 'The manager asked me to complete the work till Friday.',until Friday,by Friday,up to Friday,No improvement,B
TCS_VER_245,Verbal Ability,MEDIUM,Sentence Improvement,Improve the underlined part of the sentence: 'He is working in this company since five years.',worked,has been working,was working,No improvement,B
TCS_VER_246,Verbal Ability,MEDIUM,Sentence Improvement,Improve the underlined part of the sentence: 'She suggested me to apply for the post.',advised me to apply,told me applying,suggest me applying,No improvement,A
TCS_VER_249,Verbal Ability,MEDIUM,Sentence Improvement,Improve the underlined part of the sentence: 'They discussed about the issue for hours.',discussed of the issue,discussed the issue,discussed over the issue,No improvement,B
TCS_VER_253,Verbal Ability,MEDIUM,Sentence Improvement,"Improve the underlined part of the sentence: 'Between the two options, the first is best.'",first is better,first was better,first is the best,No improvement,A
TCS_VER_257,Verbal Ability,MEDIUM,Sentence Improvement,Improve the underlined part of the sentence: 'He is too weak that he cannot stand up.',He is too weak to stand up.,He is much weak to stand up.,He is very weak that he cannot stand up.,No improvement,A
TCS_VER_258,Verbal Ability,MEDIUM,Sentence Improvement,Improve the underlined part of the sentence: 'I am used to sleep late on weekends.',sleeping,slept,sleep,No improvement,A
TCS_VER_260,Verbal Ability,MEDIUM,Sentence Improvement,"Improve the underlined part of the sentence: 'Due to his hard work, he succeeded.'",Owing to,Because of,No improvement,Both A and B,C
TCS_VER_262,Verbal Ability,MEDIUM,Sentence Improvement,Improve the underlined part of the sentence: 'The new regulation affected adversely the small businesses.',adversely affected,affected adverse,affected adversely on,No improvement,A
TCS_VER_265,Verbal Ability,MEDIUM,Sentence Improvement,Improve the underlined part of the sentence: 'The audience was clapping and cheering for the performers.',were clapping,has been clapping,is clapping,No improvement,A
TCS_VER_269,Verbal Ability,MEDIUM,Sentence Improvement,Improve the underlined part of the sentence: 'He was accused for stealing.',accused of,accused with,accused at,No improvement,A
TCS_VER_001,Verbal Ability,EASY,Vocabulary,Choose the word most similar in meaning to: ABUNDANT,Plentiful,Scarce,Hollow,Timid,A
TCS_VER_002,Verbal Ability,EASY,Vocabulary,Choose the word most similar in meaning to: BENEVOLENT,Kind,Cruel,Lazy,Noisy,A
TCS_VER_003,Verbal Ability,EASY,Vocabulary,Choose the word most similar in meaning to: CANDID,Frank,Deceptive,Silent,Proud,A
TCS_VER_007,Verbal Ability,EASY,Vocabulary,Choose the word most similar in meaning to: GREGARIOUS,Sociable,Reclusive,Shy,Bland,A
TCS_VER_018,Verbal Ability,EASY,Vocabulary,Choose the word most similar in meaning to: RESILIENT,Tough,Fragile,Weak,Brittle,A
TCS_VER_427,Verbal Ability,EASY,Vocabulary,Which is the correct comparative: good?,gooder,more good,better,more better,C
TCS_VER_428,Verbal Ability,EASY,Vocabulary,Which is the correct superlative: bad?,most bad,worse,baddest,worst,D
TCS_VER_440,Verbal Ability,EASY,Vocabulary,One word substitution: A person who designs buildings,Architect,Engineer,Surveyor,Planner,A
TCS_VER_444,Verbal Ability,EASY,Vocabulary,One word substitution: A place where fish are kept,Aquarium,Aviary,Apiary,Sanctuary,A
TCS_VER_453,Verbal Ability,EASY,Vocabulary,Choose the correct word: The _____ results showed improvement.,overall,overal,overul,overrall,A
TCS_VER_462,Verbal Ability,EASY,Vocabulary,What does the word CONTEMPLATE mean?,Think deeply about,Avoid thinking,Act impulsively,Dismiss,A
TCS_VER_463,Verbal Ability,EASY,Vocabulary,Choose the sentence in active voice: 'A letter was written by her.',She wrote a letter.,A letter she wrote.,Letter was written.,She has written letters.,A
TCS_VER_464,Verbal Ability,EASY,Vocabulary,Which word is a conjunction?,Although,Beautiful,Quickly,Table,A
TCS_VER_465,Verbal Ability,EASY,Vocabulary,"Choose the correctly formed question tag: 'She is intelligent, ___?'",isn't she,is she,was she,wasn't she,A
TCS_VER_468,Verbal Ability,EASY,Vocabulary,Choose the correct relative pronoun: 'The book _____ I read was excellent.',who,whose,which,whom,C
TCS_VER_469,Verbal Ability,EASY,Vocabulary,Choose the correct relative pronoun: 'The man _____ called is my uncle.',which,that,who,whose,C
TCS_VER_471,Verbal Ability,EASY,Vocabulary,Choose the word that is NOT a synonym of 'happy':,Elated,Joyful,Content,Sullen,D
TCS_VER_472,Verbal Ability,EASY,Vocabulary,Which pair is antonyms?,Happy - Glad,Hot - Cold,Quick - Fast,Sad - Unhappy,B
TCS_VER_476,Verbal Ability,EASY,Vocabulary,Which sentence uses 'risen' correctly?,The sun has risen.,The sun has rose.,The sun had rose.,The sun was risen.,A
TCS_VER_479,Verbal Ability,EASY,Vocabulary,Choose the meaning of the phrase 'to get cold feet':,To become nervous or afraid,To feel physically cold,To lose a competition,To stop working,A
TCS_VER_480,Verbal Ability,EASY,Vocabulary,Choose the meaning of the phrase 'kill two birds with one stone':,Accomplish two things with one effort,Be violent,Be efficient,Waste time,A
TCS_VER_483,Verbal Ability,EASY,Vocabulary,Which word is a homophone of 'knight'?,Night,Knit,Knife,Know,A
TCS_VER_484,Verbal Ability,EASY,Vocabulary,Which word is a homophone of 'flower'?,Flour,Floor,Flow,Flutter,A
TCS_VER_487,Verbal Ability,EASY,Vocabulary,What is the adverb form of 'quick'?,Quickly,Quickness,Quicken,Quickful,A
TCS_VER_488,Verbal Ability,EASY,Vocabulary,What is the noun form of 'happy'?,Happiness,Happily,Happy,Happier,A
TCS_VER_511,Verbal Ability,EASY,Vocabulary,What is the antonym of 'concise'?,Wordy,Brief,Short,Compact,A
TCS_VER_514,Verbal Ability,EASY,Vocabulary,Choose the synonym of TRANQUIL,Peaceful,Noisy,Chaotic,Stormy,A
TCS_VER_415,Verbal Ability,HARD,Vocabulary,Choose the synonym of: PERSPICACIOUS,Having a ready insight,Dull-witted,Confused,Indifferent,A
TCS_VER_418,Verbal Ability,HARD,Vocabulary,Choose the synonym of: OBSEQUIOUS,Overly submissive,Rebellious,Confident,Independent,A
TCS_VER_419,Verbal Ability,HARD,Vocabulary,Choose the synonym of: SYCOPHANT,A flatterer,A leader,A rebel,A philosopher,A
TCS_VER_420,Verbal Ability,HARD,Vocabulary,Choose the antonym of: EPHEMERAL,Permanent,Temporary,Brief,Short-lived,A
TCS_VER_425,Verbal Ability,HARD,Vocabulary,Identify the correct sentence: The jury ___ still deliberating.,is,are,were,have been,A
TCS_VER_426,Verbal Ability,HARD,Vocabulary,Identify the correct sentence: Each of the players ___ given a trophy.,was,were,have been,are,A
TCS_VER_429,Verbal Ability,HARD,Vocabulary,Choose the synonym of: AMELIORATE,Improve,Worsen,Maintain,Change,A
TCS_VER_430,Verbal Ability,HARD,Vocabulary,Choose the synonym of: RECALCITRANT,Stubbornly disobedient,Cooperative,Obedient,Agreeable,A
TCS_VER_431,Verbal Ability,HARD,Vocabulary,Choose the synonym of: INIMICAL,Hostile,Friendly,Warm,Helpful,A
TCS_VER_432,Verbal Ability,HARD,Vocabulary,Choose the synonym of: VOCIFEROUS,Loud and forceful,Quiet,Soft-spoken,Reserved,A
TCS_VER_433,Verbal Ability,HARD,Vocabulary,Choose the antonym of: PERNICIOUS,Beneficial,Harmful,Destructive,Deadly,A
TCS_VER_434,Verbal Ability,HARD,Vocabulary,Choose the antonym of: RETICENT,Outspoken,Reserved,Quiet,Shy,A
TCS_VER_435,Verbal Ability,HARD,Vocabulary,What does the idiom 'burning the candle at both ends' mean?,Overworking and exhausting oneself,Being very productive,Wasting resources,Enjoying life,A
TCS_VER_437,Verbal Ability,HARD,Vocabulary,What does the idiom 'give the benefit of the doubt' mean?,Trust someone despite uncertainty,Give a gift,Doubt someone,Prove guilt,A
TCS_VER_443,Verbal Ability,HARD,Vocabulary,One word substitution: Murder of one's mother,Matricide,Patricide,Fratricide,Filicide,A
TCS_VER_445,Verbal Ability,HARD,Vocabulary,Spot the error: (A)She has (B)been working (C)on this project (D)from last year.,A,B,C,D,D
TCS_VER_446,Verbal Ability,HARD,Vocabulary,Spot the error: (A)He is (B)one of (C)the honest men (D)I have ever met.,A,B,C,D,C
TCS_VER_447,Verbal Ability,HARD,Vocabulary,Spot the error: (A)All what (B)he said (C)was absolutely (D)correct.,A,B,C,D,A
TCS_VER_448,Verbal Ability,HARD,Vocabulary,Spot the error: (A)Scarcely had (B)he finished (C)when the (D)teacher entered.,A,B,C,D,D
TCS_VER_449,Verbal Ability,HARD,Vocabulary,Spot the error: (A)She is (B)married with (C)a wealthy (D)businessman.,A,B,C,D,B
TCS_VER_450,Verbal Ability,HARD,Vocabulary,Rearrange: P: The invention of the printing press Q: transformed the spread of knowledge R: across Europe S: in the 15th century,P-R-S-Q,P-Q-R-S,S-P-R-Q,P-S-Q-R,B
TCS_VER_451,Verbal Ability,HARD,Vocabulary,Choose the correct form: He _____ here for five years by next June.,will be working,will have been working,has been working,was working,B
TCS_VER_458,Verbal Ability,HARD,Vocabulary,What does the word PRECIPITATE mean?,Cause to happen suddenly,Move slowly,Delay,Prevent,A
TCS_VER_459,Verbal Ability,HARD,Vocabulary,What does the word CORROBORATE mean?,Confirm or support,Contradict,Deny,Oppose,A
TCS_VER_461,Verbal Ability,HARD,Vocabulary,What does the word CIRCUMSPECT mean?,Wary and cautious,Reckless,Bold,Careless,A
TCS_VER_473,Verbal Ability,HARD,Vocabulary,Which sentence contains a split infinitive?,She wants to quickly finish the work.,She quickly wants to finish the work.,She wants to finish the work quickly.,She quickly finishes the work.,A
TCS_VER_475,Verbal Ability,HARD,Vocabulary,Which sentence uses 'lay' correctly?,She laid the book on the table yesterday.,She lied the book on the table.,She lay the book on the table yesterday.,She has lay the book.,A
TCS_VER_477,Verbal Ability,HARD,Vocabulary,Choose the sentence with a misplaced modifier:,He only eats vegetables on Mondays.,"On Mondays, he eats only vegetables.",He eats only vegetables.,He eats vegetables only on Mondays.,A
TCS_VER_490,Verbal Ability,HARD,Vocabulary,What does 'laconic' mean?,Using very few words,Being talkative,Speaking loudly,Writing extensively,A
TCS_VER_491,Verbal Ability,HARD,Vocabulary,What is the plural of 'radius'?,Radiuses,Radii,Radiis,Radiums,B
TCS_VER_493,Verbal Ability,HARD,Vocabulary,Choose the correctly formed sentence:,Neither he nor she are going.,Neither he nor she is going.,Neither he nor she were going.,Neither he nor she have gone.,B
TCS_VER_494,Verbal Ability,HARD,Vocabulary,Which word means 'to make amends'?,Atone,Pretend,Deny,Refuse,A
TCS_VER_495,Verbal Ability,HARD,Vocabulary,Which word means 'to intimidate'?,Browbeat,Encourage,Support,Inspire,A
TCS_VER_497,Verbal Ability,HARD,Vocabulary,Which word means 'a great enthusiast'?,Aficionado,Critic,Opponent,Skeptic,A
TCS_VER_498,Verbal Ability,HARD,Vocabulary,Which word means 'impossible to stop'?,Inexorable,Possible,Preventable,Controllable,A
TCS_VER_499,Verbal Ability,HARD,Vocabulary,Which word means 'scholarly'?,Erudite,Ignorant,Illiterate,Common,A
TCS_VER_501,Verbal Ability,HARD,Vocabulary,What is the synonym of 'sagacious'?,Wise,Foolish,Reckless,Ignorant,A
TCS_VER_502,Verbal Ability,HARD,Vocabulary,What is the antonym of 'alacrity'?,Reluctance,Eagerness,Speed,Enthusiasm,A
TCS_VER_505,Verbal Ability,HARD,Vocabulary,What is the antonym of 'cacophony'?,Harmony,Noise,Discord,Chaos,A
TCS_VER_508,Verbal Ability,HARD,Vocabulary,What is the antonym of 'acrimonious'?,Amicable,Bitter,Hostile,Angry,A
TCS_VER_515,Verbal Ability,HARD,Vocabulary,Choose the synonym of IMPETUOUS,Hasty,Careful,Slow,Thoughtful,A
TCS_VER_516,Verbal Ability,HARD,Vocabulary,Choose the synonym of DIFFIDENT,Shy,Confident,Bold,Assertive,A
TCS_VER_021,Verbal Ability,MEDIUM,Vocabulary,Choose the word most similar in meaning to: UBIQUITOUS,Everywhere,Rare,Hidden,Missing,A
TCS_VER_032,Verbal Ability,MEDIUM,Vocabulary,Choose the word most similar in meaning to: FRUGAL,Thrifty,Wasteful,Lavish,Extravagant,A
TCS_VER_035,Verbal Ability,MEDIUM,Vocabulary,Choose the word most similar in meaning to: INCESSANT,Continuous,Occasional,Rare,Sporadic,A
TCS_VER_036,Verbal Ability,MEDIUM,Vocabulary,Choose the word most similar in meaning to: JOCULAR,Humorous,Serious,Dull,Sad,A
TCS_VER_037,Verbal Ability,MEDIUM,Vocabulary,Choose the word most similar in meaning to: KINDLE,Ignite,Extinguish,Dampen,Quench,A
TCS_VER_039,Verbal Ability,MEDIUM,Vocabulary,Choose the word most similar in meaning to: METICULOUS,Careful,Careless,Sloppy,Hasty,A
TCS_VER_047,Verbal Ability,MEDIUM,Vocabulary,Choose the word most similar in meaning to: UNYIELDING,Stubborn,Flexible,Cooperative,Easy,A
TCS_VER_049,Verbal Ability,MEDIUM,Vocabulary,Choose the word most similar in meaning to: WHIMSICAL,Fanciful,Serious,Logical,Practical,A
TCS_VER_053,Verbal Ability,MEDIUM,Vocabulary,Choose the word most OPPOSITE in meaning to: COVERT,Open,Hidden,Secret,Sly,A
TCS_VER_055,Verbal Ability,MEDIUM,Vocabulary,Choose the word most OPPOSITE in meaning to: EMBOLDEN,Discourage,Inspire,Strengthen,Boost,A
TCS_VER_056,Verbal Ability,MEDIUM,Vocabulary,Choose the word most OPPOSITE in meaning to: FEEBLE,Strong,Weak,Frail,Fragile,A
TCS_VER_057,Verbal Ability,MEDIUM,Vocabulary,Choose the word most OPPOSITE in meaning to: GARRULOUS,Quiet,Talkative,Chatty,Noisy,A
TCS_VER_058,Verbal Ability,MEDIUM,Vocabulary,Choose the word most OPPOSITE in meaning to: HAUGHTY,Humble,Proud,Arrogant,Vain,A
TCS_VER_070,Verbal Ability,MEDIUM,Vocabulary,Choose the word most OPPOSITE in meaning to: TRANQUIL,Turbulent,Calm,Peaceful,Serene,A
TCS_VER_071,Verbal Ability,MEDIUM,Vocabulary,Choose the word most OPPOSITE in meaning to: UNDERMINE,Strengthen,Weaken,Sabotage,Erode,A
TCS_VER_074,Verbal Ability,MEDIUM,Vocabulary,Choose the word most OPPOSITE in meaning to: XENOPHOBIA,Tolerance,Fear,Hatred,Bias,A
TCS_VER_080,Verbal Ability,MEDIUM,Vocabulary,Choose the word most OPPOSITE in meaning to: DESOLATE,Populated,Empty,Lonely,Barren,A
TCS_VER_081,Verbal Ability,MEDIUM,Vocabulary,Choose the word most OPPOSITE in meaning to: EXUBERANT,Subdued,Lively,Vibrant,Joyful,A
TCS_VER_082,Verbal Ability,MEDIUM,Vocabulary,Choose the word most OPPOSITE in meaning to: FASTIDIOUS,Lenient,Fussy,Picky,Strict,A
TCS_VER_086,Verbal Ability,MEDIUM,Vocabulary,Choose the word most OPPOSITE in meaning to: JUDICIOUS,Reckless,Wise,Sensible,Prudent,A
TCS_VER_088,Verbal Ability,MEDIUM,Vocabulary,Choose the word most OPPOSITE in meaning to: LISTLESS,Energetic,Lazy,Dull,Tired,A
TCS_VER_089,Verbal Ability,MEDIUM,Vocabulary,Choose the word most OPPOSITE in meaning to: MAGNANIMOUS,Petty,Generous,Noble,Giving,A
TCS_VER_090,Verbal Ability,MEDIUM,Vocabulary,Choose the word most OPPOSITE in meaning to: NONCHALANT,Anxious,Calm,Cool,Casual,A
TCS_VER_093,Verbal Ability,MEDIUM,Vocabulary,Choose the word most OPPOSITE in meaning to: QUIXOTIC,Realistic,Idealistic,Romantic,Fanciful,A
TCS_VER_096,Verbal Ability,MEDIUM,Vocabulary,Choose the word most OPPOSITE in meaning to: TACITURN,Talkative,Silent,Reserved,Quiet,A
TCS_VER_416,Verbal Ability,MEDIUM,Vocabulary,Choose the synonym of: LOQUACIOUS,Talkative,Silent,Reserved,Thoughtful,A
TCS_VER_421,Verbal Ability,MEDIUM,Vocabulary,Choose the antonym of: MAGNANIMOUS,Petty,Generous,Kind,Giving,A
TCS_VER_423,Verbal Ability,MEDIUM,Vocabulary,Choose the antonym of: VERBOSE,Concise,Wordy,Long-winded,Lengthy,A
TCS_VER_436,Verbal Ability,MEDIUM,Vocabulary,What does the idiom 'face the music' mean?,Accept the consequences of actions,Listen to music,Ignore problems,Run away,A
TCS_VER_438,Verbal Ability,MEDIUM,Vocabulary,What does the idiom 'the last straw' mean?,The final problem that causes failure,A piece of straw,A small problem,A drink,A
TCS_VER_439,Verbal Ability,MEDIUM,Vocabulary,What does the idiom 'a blessing in disguise' mean?,Something good that seemed bad at first,A hidden gift,A bad event,A disguise,A
TCS_VER_441,Verbal Ability,MEDIUM,Vocabulary,One word substitution: Study of the universe,Cosmology,Geology,Astrology,Ecology,A
TCS_VER_442,Verbal Ability,MEDIUM,Vocabulary,One word substitution: Fear of spiders,Arachnophobia,Acrophobia,Xenophobia,Agoraphobia,A
TCS_VER_452,Verbal Ability,MEDIUM,Vocabulary,Choose the correct preposition: I am looking forward _____ meeting you.,for,at,to,about,C
TCS_VER_454,Verbal Ability,MEDIUM,Vocabulary,Choose the word with correct spelling:,Priviledge,Privilege,Previliege,Privelege,B
TCS_VER_460,Verbal Ability,MEDIUM,Vocabulary,What does the word ALLEVIATE mean?,Make less severe,Worsen,Intensify,Create,A
TCS_VER_466,Verbal Ability,MEDIUM,Vocabulary,"Choose the correctly formed question tag: 'He hasn't called, ___?'",has he,hasn't he,had he,does he,A
TCS_VER_467,Verbal Ability,MEDIUM,Vocabulary,"Choose the correctly formed question tag: 'You will help me, ___?'",won't you,will you,would you,shall you,A
TCS_VER_470,Verbal Ability,MEDIUM,Vocabulary,Choose the correct sentence: Passive voice of 'He opens the door every day.',The door is opened by him every day.,The door was opened by him.,The door has been opened by him.,The door opens every day.,A
TCS_VER_474,Verbal Ability,MEDIUM,Vocabulary,Choose the correct form: 'I _____ rather stay home than go out.',would,should,could,might,A
TCS_VER_478,Verbal Ability,MEDIUM,Vocabulary,Choose the meaning of the phrase 'to bite the dust':,To fail or be defeated,To eat soil,To fall asleep,To become tired,A
TCS_VER_481,Verbal Ability,MEDIUM,Vocabulary,Choose the meaning of 'at the drop of a hat':,Immediately without delay,Accidentally,With great effort,Slowly,A
TCS_VER_482,Verbal Ability,MEDIUM,Vocabulary,Choose the meaning of 'in the same boat':,In the same difficult situation,On a boat,Working together,Sharing resources,A
TCS_VER_485,Verbal Ability,MEDIUM,Vocabulary,Which word is a homophone of 'principal'?,Principle,Principal,Pinacle,Prinkle,B
TCS_VER_486,Verbal Ability,MEDIUM,Vocabulary,Which sentence uses the correct form of 'less' vs 'fewer'?,There are less students today.,There are fewer students today.,There are more less students.,There are fewer amount.,B
TCS_VER_489,Verbal Ability,MEDIUM,Vocabulary,What does 'verbose' mean?,Using more words than necessary,Speaking clearly,Being silent,Communicating well,A
TCS_VER_492,Verbal Ability,MEDIUM,Vocabulary,What is the plural of 'datum'?,Datums,Data,Datas,Datii,B
TCS_VER_496,Verbal Ability,MEDIUM,Vocabulary,Which word means 'lasting for a very short time'?,Fleeting,Permanent,Enduring,Lasting,A
TCS_VER_500,Verbal Ability,MEDIUM,Vocabulary,What is the synonym of 'garrulous'?,Talkative,Silent,Reserved,Quiet,A
TCS_VER_503,Verbal Ability,MEDIUM,Vocabulary,What is the antonym of 'copious'?,Scarce,Plentiful,Abundant,Overflowing,A
TCS_VER_504,Verbal Ability,MEDIUM,Vocabulary,What is the antonym of 'frugal'?,Extravagant,Thrifty,Economical,Careful,A
TCS_VER_506,Verbal Ability,MEDIUM,Vocabulary,What is the antonym of 'lethargic'?,Energetic,Tired,Slow,Dull,A
TCS_VER_507,Verbal Ability,MEDIUM,Vocabulary,What is the antonym of 'jovial'?,Melancholy,Happy,Cheerful,Playful,A
TCS_VER_509,Verbal Ability,MEDIUM,Vocabulary,What is the antonym of 'indolent'?,Industrious,Lazy,Idle,Sluggish,A
TCS_VER_510,Verbal Ability,MEDIUM,Vocabulary,What is the antonym of 'meticulous'?,Careless,Careful,Thorough,Precise,A
TCS_VER_512,Verbal Ability,MEDIUM,Vocabulary,Choose the synonym of PLAUSIBLE,Believable,Doubtful,Impossible,Strange,A
TCS_VER_513,Verbal Ability,MEDIUM,Vocabulary,Choose the synonym of ARDUOUS,Difficult,Easy,Simple,Effortless,A
TCS_VER_518,Verbal Ability,MEDIUM,Vocabulary,Choose the synonym of VIVACIOUS,Lively,Dull,Sad,Tired,A
TCS_VER_519,Verbal Ability,MEDIUM,Vocabulary,Choose the synonym of OBSTINATE,Stubborn,Flexible,Yielding,Agreeable,A
TCS_VER_520,Verbal Ability,MEDIUM,Vocabulary,Choose the synonym of EMINENT,Prominent,Unknown,Ordinary,Common,A
TCS_VER_522,Verbal Ability,MEDIUM,Vocabulary,Choose the word most similar in meaning to: MAGNANIMOUS,Generous,Selfish,Mean,Greedy,A
TCS_VER_523,Verbal Ability,MEDIUM,Vocabulary,Choose the word most similar in meaning to: MELANCHOLY,Sadness,Happiness,Excitement,Joy,A
TCS_VER_530,Verbal Ability,MEDIUM,Vocabulary,Choose the word most similar in meaning to: OBSTINATE,Stubborn,Flexible,Cooperative,Agreeable,A
TCS_VER_536,Verbal Ability,MEDIUM,Vocabulary,Choose the word most similar in meaning to: PARSIMONY,Extreme thriftiness,Generosity,Extravagance,Lavishness,A
TCS_VER_540,Verbal Ability,MEDIUM,Vocabulary,Choose the word most similar in meaning to: PHLEGMATIC,Calm,Excitable,Emotional,Passionate,A
TCS_VER_543,Verbal Ability,MEDIUM,Vocabulary,Choose the word most similar in meaning to: PLAUSIBLE,Believable,Unbelievable,Impossible,False,A
TCS_VER_552,Verbal Ability,MEDIUM,Vocabulary,Choose the word most similar in meaning to: PROFOUND,Deep,Shallow,Surface,Simple,A
TCS_VER_559,Verbal Ability,MEDIUM,Vocabulary,Choose the word most similar in meaning to: QUIXOTIC,Unrealistically idealistic,Practical,Realistic,Pragmatic,A
TCS_VER_562,Verbal Ability,MEDIUM,Vocabulary,Choose the word most similar in meaning to: RECALCITRANT,Stubbornly disobedient,Obedient,Cooperative,Willing,A
TCS_VER_564,Verbal Ability,MEDIUM,Vocabulary,Choose the word most similar in meaning to: REDOUBTABLE,Inspiring fear,Weak,Harmless,Timid,A
TCS_VER_566,Verbal Ability,MEDIUM,Vocabulary,Choose the word most similar in meaning to: REPUDIATE,Reject,Accept,Welcome,Embrace,A
TCS_VER_572,Verbal Ability,MEDIUM,Vocabulary,Choose the word most similar in meaning to: SANCTIMONIOUS,Hypocritically pious,Genuinely humble,Sincerely devoted,Truly modest,A
TCS_VER_573,Verbal Ability,MEDIUM,Vocabulary,Choose the word most similar in meaning to: SARDONIC,Grimly mocking,Genuinely kind,Warmly humorous,Sweetly amusing,A
TCS_VER_578,Verbal Ability,MEDIUM,Vocabulary,Choose the word most similar in meaning to: SOPHISTRY,Clever but misleading argument,Genuine logic,Sound reasoning,Honest debate,A
TCS_VER_582,Verbal Ability,MEDIUM,Vocabulary,Choose the word most similar in meaning to: STEADFAST,Resolute,Wavering,Uncertain,Changeable,A
TCS_VER_585,Verbal Ability,MEDIUM,Vocabulary,Choose the word most similar in meaning to: STUBBORN,Obstinate,Flexible,Yielding,Compliant,A
TCS_VER_587,Verbal Ability,MEDIUM,Vocabulary,Choose the word most similar in meaning to: SUBDUED,Quiet,Loud,Vibrant,Energetic,A
TCS_VER_589,Verbal Ability,MEDIUM,Vocabulary,Choose the word most similar in meaning to: SUCCINCT,Brief and clear,Long and wordy,Elaborate,Detailed,A
TCS_VER_591,Verbal Ability,MEDIUM,Vocabulary,Choose the word most similar in meaning to: SUPERCILIOUS,Condescending,Humble,Respectful,Modest,A
TCS_VER_592,Verbal Ability,MEDIUM,Vocabulary,Choose the word most similar in meaning to: SUPPRESS,Prevent,Encourage,Promote,Support,A
TCS_VER_594,Verbal Ability,MEDIUM,Vocabulary,Choose the word most similar in meaning to: SURREPTITIOUS,Done secretly,Done openly,Publicly visible,Transparent,A
TCS_VER_606,Verbal Ability,MEDIUM,Vocabulary,Choose the word most similar in meaning to: TYRANNICAL,Oppressively cruel,Kindly gentle,Fairly democratic,Generously helpful,A
TCS_VER_608,Verbal Ability,MEDIUM,Vocabulary,Choose the word most similar in meaning to: UNGRATEFUL,Thankless,Appreciative,Grateful,Thankful,A
TCS_VER_609,Verbal Ability,MEDIUM,Vocabulary,Choose the word most similar in meaning to: UNIFORM,Consistent,Varying,Inconsistent,Irregular,A
TCS_VER_610,Verbal Ability,MEDIUM,Vocabulary,Choose the word most similar in meaning to: UNSCRUPULOUS,Without moral principles,Highly principled,Strictly honest,Morally upright,A
TCS_VER_613,Verbal Ability,MEDIUM,Vocabulary,Choose the word most similar in meaning to: VEHEMENT,Forceful,Weak,Mild,Gentle,A
TCS_VER_614,Verbal Ability,MEDIUM,Vocabulary,Choose the word most similar in meaning to: VENERABLE,Respected due to age,Disrespected,Young,Inexperienced,A
TCS_VER_619,Verbal Ability,MEDIUM,Vocabulary,Choose the word most similar in meaning to: VOCIFEROUS,Loudly insistent,Quiet,Reserved,Silent,A
TCS_VER_631,Verbal Ability,MEDIUM,Vocabulary,Choose the antonym of VOLATILE,Stable,Changeable,Unpredictable,Erratic,A
TCS_VER_633,Verbal Ability,MEDIUM,Vocabulary,Choose the antonym of ZEALOUS,Indifferent,Enthusiastic,Passionate,Eager,A
TCS_VER_634,Verbal Ability,MEDIUM,Vocabulary,Choose the antonym of TIMOROUS,Brave,Fearful,Nervous,Timid,A
TCS_VER_635,Verbal Ability,MEDIUM,Vocabulary,Choose the antonym of STRINGENT,Lenient,Strict,Rigid,Harsh,A
TCS_VER_637,Verbal Ability,MEDIUM,Vocabulary,Choose the antonym of SPURIOUS,Genuine,False,Fake,Counterfeit,A
TCS_VER_640,Verbal Ability,MEDIUM,Vocabulary,Choose the antonym of SARDONIC,Kind,Mocking,Cynical,Bitter,A
TCS_VER_642,Verbal Ability,MEDIUM,Vocabulary,Choose the antonym of RAPACIOUS,Generous,Greedy,Selfish,Avaricious,A
TCS_VER_643,Verbal Ability,MEDIUM,Vocabulary,Choose the antonym of QUERULOUS,Content,Complaining,Grumbling,Whining,A
TCS_VER_644,Verbal Ability,MEDIUM,Vocabulary,Choose the antonym of PRUDENT,Reckless,Wise,Careful,Cautious,A
TCS_VER_645,Verbal Ability,MEDIUM,Vocabulary,Choose the antonym of POIGNANT,Trivial,Touching,Moving,Emotional,A
TCS_VER_646,Verbal Ability,MEDIUM,Vocabulary,Choose the antonym of PHLEGMATIC,Excitable,Calm,Composed,Serene,A
TCS_VER_647,Verbal Ability,MEDIUM,Vocabulary,Choose the antonym of PARSIMONIOUS,Generous,Thrifty,Stingy,Miserly,A
TCS_VER_649,Verbal Ability,MEDIUM,Vocabulary,Choose the antonym of NEFARIOUS,Virtuous,Wicked,Evil,Sinful,A
TCS_VER_650,Verbal Ability,MEDIUM,Vocabulary,Choose the synonym of JUBILANT,Overjoyed,Sad,Angry,Tired,A
TCS_VER_652,Verbal Ability,MEDIUM,Vocabulary,Choose the synonym of LABORIOUS,Hard-working,Lazy,Easy,Simple,A
TCS_VER_653,Verbal Ability,MEDIUM,Vocabulary,Choose the synonym of LANGUID,Weak and listless,Strong,Energetic,Lively,A
TCS_VER_657,Verbal Ability,MEDIUM,Vocabulary,Choose the synonym of LISTLESS,Lacking energy,Energetic,Lively,Active,A
TCS_VER_661,Verbal Ability,MEDIUM,Vocabulary,Choose the antonym of ADULATION,Contempt,Praise,Flattery,Admiration,A
TCS_VER_662,Verbal Ability,MEDIUM,Vocabulary,Choose the antonym of ALACRITY,Reluctance,Eagerness,Enthusiasm,Zeal,A
TCS_VER_663,Verbal Ability,MEDIUM,Vocabulary,Choose the antonym of ALLEVIATE,Aggravate,Ease,Reduce,Lessen,A
TCS_VER_664,Verbal Ability,MEDIUM,Vocabulary,Choose the antonym of AMALGAMATE,Separate,Combine,Mix,Merge,A
TCS_VER_665,Verbal Ability,MEDIUM,Vocabulary,Choose the antonym of AMBIGUOUS,Clear,Vague,Unclear,Doubtful,A
TCS_VER_668,Verbal Ability,MEDIUM,Vocabulary,Choose the antonym of ARROGANCE,Humility,Pride,Ego,Vanity,A
TCS_VER_671,Verbal Ability,MEDIUM,Vocabulary,One word: One who deals in stolen goods,Fence,Thief,Robber,Burglar,A
TCS_VER_672,Verbal Ability,MEDIUM,Vocabulary,One word: One who cannot read or write,Illiterate,Ignorant,Uneducated,Unlearned,A
TCS_VER_673,Verbal Ability,MEDIUM,Vocabulary,One word: A person who compiles a dictionary,Lexicographer,Author,Editor,Publisher,A
TCS_VER_674,Verbal Ability,MEDIUM,Vocabulary,One word: Science of studying the mind,Psychology,Sociology,Anthropology,Physiology,A
TCS_VER_675,Verbal Ability,MEDIUM,Vocabulary,One word: A person who loves mankind,Philanthropist,Misanthrope,Altruist,Pacifist,A
TCS_VER_676,Verbal Ability,MEDIUM,Vocabulary,One word: One who does not take alcohol,Teetotaller,Abstainer,Non-drinker,Recusant,A
TCS_VER_677,Verbal Ability,MEDIUM,Vocabulary,One word: One who settles a dispute,Arbitrator,Judge,Lawyer,Mediator,A
TCS_VER_678,Verbal Ability,MEDIUM,Vocabulary,One word: Study of races of mankind,Ethnology,Anthropology,Sociology,Zoology,A
TCS_VER_679,Verbal Ability,MEDIUM,Vocabulary,One word: Murder of one's own father,Patricide,Matricide,Fratricide,Regicide,A
TCS_VER_680,Verbal Ability,MEDIUM,Vocabulary,Idiom: 'A blessing in disguise' means?,Something seemingly bad that turns out good,A hidden curse,A double blessing,A religious event,A
TCS_VER_681,Verbal Ability,MEDIUM,Vocabulary,Idiom: 'At the drop of a hat' means?,Immediately,Slowly,Reluctantly,After much thought,A
TCS_VER_682,Verbal Ability,MEDIUM,Vocabulary,Idiom: 'Back to square one' means?,Starting over,Going back home,Returning to work,Revisiting a decision,A
TCS_VER_683,Verbal Ability,MEDIUM,Vocabulary,Idiom: 'Bark up the wrong tree' means?,Pursue the wrong course,Bark at dogs,Look in wrong place,Argue unnecessarily,C
TCS_VER_684,Verbal Ability,MEDIUM,Vocabulary,Idiom: 'Bite the dust' means?,Fail or die,Eat poorly,Work in dust,Be dirty,A
TCS_VER_685,Verbal Ability,MEDIUM,Vocabulary,Idiom: 'Blow hot and cold' means?,Vacillate,Temperature change,Weather change,Be indecisive,A
TCS_VER_686,Verbal Ability,MEDIUM,Vocabulary,Idiom: 'Break the ice' means?,Initiate conversation,Break something,Start work,Remove obstacles,A
TCS_VER_687,Verbal Ability,MEDIUM,Vocabulary,Idiom: 'Burn the midnight oil' means?,Work late,Waste oil,Light candles,Start fires,A
TCS_VER_688,Verbal Ability,MEDIUM,Vocabulary,Idiom: 'Call a spade a spade' means?,Speak bluntly,Garden work,Name tools,Be direct,A
TCS_VER_689,Verbal Ability,MEDIUM,Vocabulary,Idiom: 'Catch someone red-handed' means?,Catch in the act,Catch with red paint,Arrest someone,Find a thief,A
TCS_VER_690,Verbal Ability,MEDIUM,Vocabulary,Fill blank: The jury __ its verdict after deliberation.,delivered,making,take,gave,A
TCS_VER_691,Verbal Ability,MEDIUM,Vocabulary,Fill blank: She was highly __ by the board for her contributions.,commended,critical,rejected,ignored,A
TCS_VER_692,Verbal Ability,MEDIUM,Vocabulary,Fill blank: The new policy __ several old regulations.,superseded,created,maintained,supported,A
TCS_VER_693,Verbal Ability,MEDIUM,Vocabulary,Fill blank: He spoke with such __ that everyone was moved.,eloquence,loudness,rudeness,speed,A
TCS_VER_694,Verbal Ability,MEDIUM,Vocabulary,Fill blank: The project was __ by the lack of funding.,hampered,helped,improved,expanded,A
TCS_VER_695,Verbal Ability,MEDIUM,Vocabulary,Fill blank: Her __ to detail made her work flawless.,attention,ignorance,disregard,neglect,A
TCS_VER_696,Verbal Ability,MEDIUM,Vocabulary,Fill blank: The discovery __ our understanding of the universe.,transformed,reduced,limited,decreased,A
TCS_VER_697,Verbal Ability,MEDIUM,Vocabulary,"Fill blank: After years of struggle, he finally __ success.",achieved,abandoned,avoided,missed,A
TCS_VER_698,Verbal Ability,MEDIUM,Vocabulary,Fill blank: The manager __ the team to finish by Friday.,urged,stopped,discouraged,prevented,A
TCS_VER_699,Verbal Ability,MEDIUM,Vocabulary,Fill blank: The scientist __ a groundbreaking theory in the paper.,proposed,disproved,rejected,withdrew,A
TCS_VER_700,Verbal Ability,MEDIUM,Vocabulary,Sentence correction: She insisted that he comes immediately.,She insisted that he come immediately.,She insisted that he came immediately.,She insisted that he would come immediately.,No change,A
TCS_VER_271,Verbal Ability,EASY,Word Analogy,Complete the analogy: Doctor : Hospital :: Teacher : ?,School,Market,Hospital,Museum,A
TCS_VER_272,Verbal Ability,EASY,Word Analogy,Complete the analogy: Pen : Write :: Knife : ?,Cut,Paint,Dig,Sew,A
TCS_VER_273,Verbal Ability,EASY,Word Analogy,Complete the analogy: Fish : Water :: Bird : ?,Sky,Tree,Nest,Cage,A
TCS_VER_274,Verbal Ability,EASY,Word Analogy,Complete the analogy: Hungry : Food :: Thirsty : ?,Water,Sleep,Rest,Medicine,A
TCS_VER_275,Verbal Ability,EASY,Word Analogy,Complete the analogy: Author : Book :: Director : ?,Film,Song,Building,Painting,A
TCS_VER_278,Verbal Ability,EASY,Word Analogy,Complete the analogy: Peace : War :: Happiness : ?,Sorrow,Love,Joy,Hope,A
TCS_VER_282,Verbal Ability,EASY,Word Analogy,Complete the analogy: Pilot : Aircraft :: Captain : ?,Ship,Train,Bus,Bicycle,A
TCS_VER_289,Verbal Ability,EASY,Word Analogy,Complete the analogy: Parliament : Britain :: Congress : ?,USA,India,France,Germany,A
TCS_VER_279,Verbal Ability,HARD,Word Analogy,Complete the analogy: Acrophobia : Heights :: Claustrophobia : ?,Confined spaces,Water,Darkness,Crowds,A
TCS_VER_284,Verbal Ability,HARD,Word Analogy,Complete the analogy: Pedometer : Distance :: Barometer : ?,Atmospheric pressure,Temperature,Speed,Humidity,A
TCS_VER_287,Verbal Ability,HARD,Word Analogy,Complete the analogy: Chronometer : Time :: Seismograph : ?,Earthquakes,Rainfall,Wind speed,Sea depth,A
TCS_VER_290,Verbal Ability,HARD,Word Analogy,Complete the analogy: Stalactite : Ceiling :: Stalagmite : ?,Floor,Wall,Roof,Door,A
TCS_VER_293,Verbal Ability,HARD,Word Analogy,Complete the analogy: Stethoscope : Heartbeat :: Sphygmomanometer : ?,Blood pressure,Sugar level,Oxygen level,Temperature,A
TCS_VER_294,Verbal Ability,HARD,Word Analogy,Complete the analogy: Conclave : Cardinals :: Parliament : ?,Legislators,Judges,Scientists,Soldiers,A
TCS_VER_295,Verbal Ability,HARD,Word Analogy,Complete the analogy: Ornithology : Birds :: Herpetology : ?,Reptiles,Insects,Plants,Mammals,A
TCS_VER_296,Verbal Ability,HARD,Word Analogy,Complete the analogy: Lachrymose : Tears :: Irascible : ?,Anger,Laughter,Sadness,Fear,A
TCS_VER_297,Verbal Ability,HARD,Word Analogy,Complete the analogy: Lexicon : Words :: Anthology : ?,Literary pieces,Coins,Stamps,Paintings,A
TCS_VER_298,Verbal Ability,HARD,Word Analogy,Complete the analogy: Regicide : King :: Patricide : ?,Father,Mother,Sibling,Child,A
TCS_VER_299,Verbal Ability,HARD,Word Analogy,Complete the analogy: Ephemeral : Lasting :: Diurnal : ?,Nocturnal,Daily,Annual,Seasonal,A
TCS_VER_276,Verbal Ability,MEDIUM,Word Analogy,Complete the analogy: Carpenter : Wood :: Mason : ?,Brick,Clay,Iron,Sand,A
TCS_VER_277,Verbal Ability,MEDIUM,Word Analogy,Complete the analogy: Telescope : Stars :: Microscope : ?,Germs,Planets,Oceans,Mountains,A
TCS_VER_280,Verbal Ability,MEDIUM,Word Analogy,Complete the analogy: Marathon : Race :: Sonnet : ?,Poem,Novel,Essay,Speech,A
TCS_VER_283,Verbal Ability,MEDIUM,Word Analogy,Complete the analogy: Botany : Plants :: Entomology : ?,Insects,Birds,Animals,Reptiles,A
TCS_VER_285,Verbal Ability,MEDIUM,Word Analogy,Complete the analogy: Inning : Cricket :: Set : ?,Tennis,Football,Hockey,Chess,A
TCS_VER_286,Verbal Ability,MEDIUM,Word Analogy,Complete the analogy: Ophthalmologist : Eyes :: Dermatologist : ?,Skin,Teeth,Bones,Lungs,A
TCS_VER_288,Verbal Ability,MEDIUM,Word Analogy,Complete the analogy: Autobiography : Self :: Biography : ?,Others,Future,Fiction,History,A
TCS_VER_291,Verbal Ability,MEDIUM,Word Analogy,Complete the analogy: Numismatics : Coins :: Philately : ?,Stamps,Paintings,Books,Statues,A
TCS_VER_292,Verbal Ability,MEDIUM,Word Analogy,Complete the analogy: Archipelago : Islands :: Bouquet : ?,Flowers,Trees,Leaves,Fruits,A
TCS_VER_300,Verbal Ability,MEDIUM,Word Analogy,Complete the analogy: Cartographer : Maps :: Choreographer : ?,Dances,Songs,Films,Books,A
